id,valor,categoria
0,-0.6095,B
1,0.6082,A
2,-1.2167,C
3,-0.6152,B
4,0.3562,C
5,-0.1216,A
6,0.9608,C
7,0.5825,C
8,-0.6047,A
9,-2.6798,A
10,0.1029,A
11,0.7365,B
12,-0.8199,B
13,0.3073,C
14,-0.3009,A
15,-0.7687,C
16,-0.3484,B
17,-0.395,A
18,-0.9524,B
19,-0.317,C
20,-1.3419,A
21,-0.7443,B
22,1.4681,B
23,0.4136,A
24,-1.5168,A
25,2.0217,B
26,-0.0755,A
27,0.6571,B
28,1.0331,A
29,0.1445,A
30,-0.1871,C
31,-0.8407,B
32,-0.7206,A
33,-0.6098,A
34,-0.4064,B
35,0.1354,B
36,-0.4341,A
37,0.9745,A
38,-1.0924,B
39,-0.1036,C
40,0.7762,A
41,0.1142,C
42,-0.2357,C
43,0.4027,C
44,-0.4357,B
45,-1.2297,C
46,0.5835,A
47,-1.5138,C
48,-0.2596,B
49,1.9314,C
50,-0.7546,B
51,-1.3087,B
52,1.3133,C
53,-0.2278,B
54,2.2059,A
55,0.1965,A
56,-2.1302,C
57,-1.1803,B
58,-0.1316,A
59,-0.0935,B
60,0.5659,C
61,1.2776,A
62,-0.3733,A
63,1.4662,B
64,-1.4732,A
65,-0.0458,C
66,0.1523,C
67,-0.5619,A
68,-2.158,C
69,0.3631,B
70,-0.4686,A
71,-1.2073,C
72,-1.5379,B
73,0.3342,B
74,0.253,C
75,0.386,A
76,-1.47,B
77,0.321,A
78,0.2522,B
79,-0.7034,C
80,-1.158,C
81,-1.6661,B
82,0.3503,A
83,-0.4217,A
84,-0.0179,B
85,0.253,B
86,-2.0063,B
87,0.9672,B
88,-0.4043,B
89,-0.546,C
90,1.3256,C
91,0.1326,B
92,0.2013,A
93,-1.1385,A
94,1.7048,A
95,-0.5109,C
96,0.5236,B
97,0.1436,B
98,-0.4053,C
99,-0.589,C
100,1.3802,C
101,-0.3756,C
102,-0.2894,A
103,-0.0448,A
104,-2.2533,C
105,0.137,C
106,1.7922,A
107,-1.198,A
108,-0.7041,A
109,-0.9954,B
110,-0.3725,C
111,1.2465,C
112,-0.1551,C
113,0.4962,C
114,0.1794,C
115,-0.9157,A
116,0.5404,A
117,-0.1307,B
118,1.9965,A
119,0.0288,A
120,0.2053,B
121,-0.245,B
122,0.1989,C
123,1.6242,C
124,0.8085,A
125,0.3518,C
126,1.7311,C
127,-0.1414,C
128,1.4833,C
129,0.1026,A
130,-0.1308,B
131,0.979,B
132,-0.6901,C
133,-0.2363,B
134,0.5866,A
135,0.0827,B
136,-0.3182,A
137,0.5182,A
138,-0.4004,A
139,0.9985,B
140,0.3199,A
141,-0.6345,A
142,-0.9148,A
143,0.8772,A
144,1.9154,C
145,0.8217,C
146,-0.984,A
147,1.4498,B
148,1.0633,C
149,1.7427,A
150,-1.2542,B
151,0.5373,C
152,-0.5254,C
153,-1.1515,B
154,-0.4368,B
155,-0.1452,B
156,0.6501,C
157,2.5198,A
158,-0.0391,C
159,0.6897,A
160,0.7911,C
161,1.0585,A
162,0.5372,C
163,-0.5029,A
164,1.291,C
165,1.9526,A
166,0.7328,A
167,-0.1292,A
168,-0.5922,C
169,-0.43,B
170,-0.3071,C
171,1.7222,A
172,1.2206,B
173,-0.5899,B
174,2.4734,B
175,-1.7966,B
176,0.1694,A
177,0.326,A
178,-1.5247,B
179,0.9295,A
180,-0.6834,C
181,1.0923,B
182,0.2967,B
183,0.3113,A
184,0.7319,C
185,0.2995,C
186,0.181,A
187,-1.0295,A
188,0.3048,A
189,-1.1962,B
190,-1.9619,C
191,-1.039,B
192,-1.3195,A
193,-1.7697,C
194,0.2226,C
195,1.1662,C
196,0.4388,A
197,-0.8144,B
198,0.3632,A
199,1.4614,C
200,1.1488,B
201,0.6412,A
202,-1.509,B
203,-1.2787,B
204,1.3001,C
205,-1.0937,B
206,0.2605,B
207,0.4577,C
208,0.0392,B
209,-0.2177,A
210,-0.175,B
211,-0.227,A
212,-2.9362,A
213,0.9837,B
214,0.6068,C
215,-0.1145,A
216,-0.1951,C
217,-0.3169,B
218,-1.4156,A
219,-0.4135,B
220,-2.241,A
221,-0.0788,A
222,-0.3413,B
223,0.4509,B
224,1.5325,C
225,-0.8793,B
226,-0.621,B
227,-0.0112,B
228,0.5092,A
229,1.4939,B
230,0.9503,A
231,-2.1913,B
232,-0.5564,B
233,-0.5037,C
234,0.2775,B
235,0.2436,A
236,0.2358,B
237,-0.4946,B
238,-0.176,B
239,-1.1627,C
240,-1.7735,C
241,-0.2444,C
242,0.2215,B
243,-0.8099,B
244,-1.8798,C
245,-0.7191,B
246,0.929,B
247,0.0659,C
248,-1.6961,C
249,0.597,C
250,-1.1673,A
251,0.296,A
252,0.7084,A
253,-0.2114,B
254,-0.1979,C
255,0.0602,B
256,1.2397,B
257,0.1369,C
258,1.6124,C
259,1.0182,B
260,0.5135,C
261,1.3935,B
262,1.3864,C
263,0.9445,B
264,-1.2072,B
265,-1.8871,C
266,-0.0684,C
267,-0.2527,C
268,0.7748,A
269,-0.5661,B
270,-1.262,A
271,0.7732,B
272,-1.4762,B
273,0.7814,A
274,-0.2963,B
275,0.0419,A
276,0.131,C
277,0.7486,A
278,-1.5494,B
279,-0.8198,A
280,-0.0188,C
281,0.0701,B
282,0.9638,B
283,-0.5567,C
284,-2.1181,B
285,0.1078,A
286,0.0694,C
287,2.3556,B
288,0.9683,A
289,-0.6639,B
290,1.1554,C
291,-0.1644,C
292,-0.7654,A
293,-1.0212,B
294,0.5427,C
295,-0.058,A
296,0.8378,B
297,0.5235,B
298,2.4905,B
299,-1.1325,C
300,0.882,A
301,-2.305,C
302,0.4075,B
303,-2.3146,B
304,-0.6298,A
305,-1.0185,B
306,-0.1204,C
307,-1.4588,A
308,-0.2008,A
309,0.8746,A
310,0.3093,A
311,0.3554,B
312,1.7174,A
313,0.8739,A
314,-0.5512,C
315,-0.4312,C
316,-0.6892,B
317,-1.1685,C
318,-1.0836,A
319,0.1403,A
320,-0.4751,A
321,-1.0556,C
322,-1.063,B
323,0.342,C
324,-0.2228,B
325,-1.0775,B
326,1.2532,B
327,-1.7886,B
328,-1.1068,C
329,-0.9535,B
330,-0.8357,B
331,0.554,A
332,-0.9957,B
333,3.9676,B
334,-1.17,A
335,-0.1564,A
336,-1.1599,A
337,1.2217,B
338,1.1519,C
339,1.71,A
340,-0.2931,A
341,-0.4031,A
342,-2.7431,C
343,0.7443,C
344,-1.0392,B
345,-0.3811,C
346,-0.9303,B
347,-0.525,A
348,-0.6106,C
349,0.5936,C
350,-0.4276,A
351,-1.2418,A
352,-0.5418,C
353,-0.1175,C
354,1.5099,A
355,0.2488,B
356,0.1398,C
357,-1.6821,C
358,0.334,C
359,0.5976,C
360,0.8745,C
361,1.839,B
362,-0.4671,A
363,-0.0154,C
364,2.172,A
365,0.1655,B
366,0.0508,A
367,-0.3067,A
368,-0.199,A
369,-0.8873,B
370,0.5316,C
371,-0.6207,B
372,1.3016,C
373,-1.0536,B
374,1.2346,C
375,2.0893,C
376,-2.7101,B
377,-0.583,A
378,0.5549,B
379,-0.7842,B
380,0.5433,B
381,-1.2963,B
382,2.7003,C
383,1.2972,B
384,2.2639,A
385,2.0642,C
386,0.4819,A
387,-0.6935,B
388,-0.5351,B
389,0.7238,B
390,-0.0358,C
391,-0.4991,C
392,1.2779,C
393,0.16,C
394,0.8673,B
395,-1.1839,B
396,0.0599,A
397,0.7867,C
398,1.0177,C
399,-0.6133,C
400,-0.4021,A
401,0.0781,B
402,0.0511,C
403,2.2045,C
404,0.9854,A
405,-2.1303,B
406,0.9864,B
407,-1.9702,B
408,1.2789,C
409,1.069,A
410,1.5337,C
411,1.8088,A
412,0.9381,C
413,0.5206,A
414,1.9115,B
415,0.1851,B
416,-1.3354,B
417,-1.9716,A
418,-1.3017,C
419,0.0155,C
420,0.9119,A
421,0.6382,B
422,0.5981,B
423,-0.5932,B
424,0.3088,B
425,0.2577,A
426,0.1564,A
427,0.8676,A
428,0.1174,C
429,0.8533,A
430,-0.1107,A
431,-0.6512,A
432,1.2863,A
433,-0.1376,A
434,-0.0417,A
435,0.613,B
436,0.9948,B
437,0.548,B
438,0.4747,B
439,-0.1221,A
440,-0.2691,A
441,1.7648,C
442,-2.3333,A
443,0.447,C
444,-0.1179,C
445,-0.9383,A
446,0.574,A
447,-0.1174,B
448,-0.0676,B
449,-0.7213,B
450,-0.6435,B
451,-0.6173,A
452,-0.5188,C
453,0.7738,A
454,1.202,C
455,0.3145,A
456,-0.3552,C
457,-0.5051,B
458,-0.5989,C
459,0.5099,A
460,-0.159,A
461,-0.3095,B
462,0.123,C
463,-0.3488,B
464,1.325,C
465,-0.3821,A
466,-0.6521,C
467,-0.8548,A
468,-0.6563,C
469,-0.1561,A
470,1.0945,A
471,-1.3774,A
472,1.7763,B
473,0.1026,B
474,-0.1162,B
475,0.4927,B
476,-0.9185,B
477,-1.1738,C
478,-2.4241,C
479,0.5288,C
480,1.0793,A
481,1.3292,C
482,-0.7506,A
483,-2.0002,B
484,-0.5925,A
485,0.8937,B
486,-0.5658,A
487,-0.7356,A
488,-0.6951,C
489,1.1757,C
490,-0.7158,A
491,0.9985,A
492,-0.3845,C
493,-0.2535,B
494,-0.4098,A
495,-1.7914,C
496,-0.4971,C
497,-1.3101,A
498,-0.3572,A
499,0.3656,B
500,0.3625,A
501,0.4027,B
502,1.3136,B
503,-1.9075,C
504,0.701,A
505,-1.3061,A
506,-0.2114,B
507,-0.3027,B
508,0.5421,B
509,-1.3925,C
510,-0.7859,B
511,-1.2288,A
512,0.1948,C
513,0.1037,B
514,0.7305,A
515,-0.232,B
516,-0.7636,C
517,-0.1445,B
518,-0.3947,A
519,-0.0096,B
520,1.371,C
521,0.8459,A
522,-0.8194,B
523,0.5795,B
524,2.1234,A
525,-2.2816,B
526,1.1745,B
527,0.1331,C
528,-0.314,C
529,-1.2347,C
530,1.1036,B
531,-1.4269,B
532,-0.4103,A
533,1.2983,A
534,0.2651,A
535,1.1505,B
536,-0.6216,C
537,-0.9317,B
538,-1.7347,C
539,-1.866,B
540,1.0942,A
541,-0.6892,B
542,0.7498,B
543,2.4648,A
544,-1.9521,C
545,0.7635,B
546,0.765,B
547,-0.5128,B
548,0.0568,A
549,0.5521,C
550,0.5629,A
551,-1.0993,B
552,-0.0723,C
553,-0.255,C
554,0.2943,A
555,-1.4882,B
556,0.3777,A
557,0.8879,A
558,0.5672,C
559,-1.9775,C
560,-0.4216,A
561,1.4012,C
562,-0.0811,C
563,-2.3737,B
564,-0.0866,A
565,0.0127,B
566,-0.3518,A
567,-0.0022,B
568,-1.1185,B
569,0.31,B
570,-1.2339,B
571,-1.1572,C
572,0.5485,B
573,-1.8238,B
574,-0.6772,C
575,-1.7068,B
576,-3.0852,B
577,0.0543,C
578,-0.7171,C
579,-0.6872,C
580,-0.7746,C
581,0.8923,A
582,0.0432,C
583,-0.6673,B
584,0.6769,A
585,0.4688,C
586,-0.8493,A
587,1.1236,A
588,-0.1414,C
589,0.0078,C
590,0.6726,C
591,1.3247,A
592,0.9277,B
593,0.4904,A
594,-2.0766,A
595,0.776,A
596,0.7656,B
597,0.9428,B
598,1.9428,B
599,-0.4349,A
600,0.9872,C
601,1.905,B
602,0.2482,B
603,0.1281,A
604,0.8699,C
605,-0.2138,A
606,0.2763,C
607,-0.1792,B
608,-0.1013,B
609,0.6475,C
610,-0.5601,C
611,-0.0896,B
612,2.3907,C
613,-0.6447,C
614,0.019,A
615,0.3828,B
616,-1.1509,A
617,-0.6745,B
618,-0.0364,B
619,0.0912,B
620,-0.8387,B
621,-0.1725,C
622,-1.788,A
623,0.7116,C
624,-0.1565,A
625,-0.0141,B
626,-0.9989,B
627,-1.4411,B
628,1.6073,A
629,0.8884,C
630,2.7104,A
631,1.4297,C
632,1.4481,B
633,1.1884,C
634,-0.846,A
635,0.2449,A
636,0.4895,C
637,0.2906,A
638,-0.5016,C
639,0.2963,B
640,0.1649,C
641,-2.4403,C
642,1.4782,C
643,-1.4723,A
644,-1.0134,C
645,1.5657,B
646,1.1956,C
647,1.2447,A
648,2.522,A
649,0.6218,C
650,-0.0933,B
651,-1.2645,A
652,-2.2381,A
653,-0.1078,C
654,-0.8934,B
655,-1.844,C
656,1.9559,A
657,-1.8736,A
658,0.6288,C
659,0.1586,A
660,1.2449,C
661,-0.1943,A
662,1.9273,C
663,0.032,A
664,-0.3983,A
665,0.634,C
666,-2.2118,C
667,0.098,C
668,0.0703,A
669,-0.0428,C
670,-0.9608,A
671,0.1443,C
672,1.039,B
673,-0.8335,A
674,-1.2209,B
675,1.1407,A
676,-2.1344,B
677,0.8362,B
678,-2.0576,C
679,0.1811,B
680,-1.0064,C
681,0.3686,C
682,-0.8195,A
683,0.557,B
684,0.4299,A
685,1.7023,C
686,-1.3305,B
687,1.6607,C
688,0.003,A
689,0.1159,B
690,2.8067,B
691,0.5256,A
692,1.4409,C
693,-0.0644,B
694,-1.6339,B
695,-0.5096,C
696,0.3823,B
697,-1.8333,A
698,-0.4908,A
699,-0.9883,B
700,0.7428,B
701,-0.6586,C
702,0.7674,B
703,-1.3262,A
704,2.6085,B
705,1.2874,C
706,-0.619,A
707,0.7271,A
708,-0.2598,B
709,1.3428,A
710,-0.936,B
711,-0.6309,C
712,-0.0103,C
713,0.8937,A
714,0.147,B
715,0.7641,B
716,-0.7401,C
717,-0.5336,C
718,0.4881,C
719,0.3469,C
720,0.575,A
721,0.3441,A
722,-0.1083,C
723,0.8631,C
724,2.1091,A
725,-0.5638,C
726,0.7331,C
727,-2.8646,B
728,-0.1716,B
729,0.6864,A
730,0.3241,C
731,-1.3678,A
732,0.1091,B
733,0.1726,A
734,-0.0621,B
735,-2.097,B
736,1.3658,B
737,-1.5446,C
738,-0.1616,B
739,1.5251,C
740,-0.513,A
741,0.848,C
742,0.5797,A
743,-0.4954,C
744,-0.6169,C
745,1.5293,C
746,0.176,B
747,0.7709,A
748,1.6368,C
749,-0.8941,B
750,1.0136,B
751,-0.3893,A
752,-0.9976,C
753,0.9484,B
754,-0.1433,B
755,0.5304,A
756,-0.1506,A
757,0.1145,A
758,-0.8647,C
759,-2.0425,C
760,-1.2854,B
761,0.8094,A
762,-2.0313,C
763,1.5629,A
764,-0.5243,A
765,1.5959,C
766,1.14,A
767,0.0749,A
768,0.7752,A
769,2.4587,C
770,-0.3339,B
771,0.2492,A
772,1.1389,B
773,0.0624,C
774,-0.1451,A
775,0.636,A
776,0.4384,A
777,-0.492,C
778,0.037,B
779,-0.5845,C
780,-0.7141,C
781,-0.3237,C
782,0.7591,C
783,0.2142,A
784,3.0881,B
785,-0.6925,B
786,1.0122,A
787,-0.5538,B
788,-1.2614,A
789,-0.8864,C
790,0.559,B
791,0.6807,A
792,0.4303,B
793,-1.801,B
794,0.7644,A
795,0.2529,A
796,1.4266,C
797,1.3923,C
798,-0.5748,B
799,0.6802,A
800,1.0155,A
801,0.4973,B
802,0.4324,B
803,0.5229,A
804,0.6416,C
805,-1.6652,A
806,-1.057,C
807,0.8543,A
808,1.0576,B
809,0.834,B
810,-0.1776,C
811,-0.2456,A
812,0.8326,C
813,1.5416,A
814,-1.0507,A
815,-0.0636,B
816,0.2772,B
817,0.5735,C
818,1.2944,B
819,0.4355,A
820,-0.2967,B
821,-0.3461,C
822,0.1586,C
823,-1.0807,B
824,0.7058,B
825,0.7247,A
826,-0.384,A
827,0.9423,A
828,-0.9661,B
829,-0.9612,C
830,0.6585,B
831,-1.5032,B
832,0.4904,C
833,-0.3838,B
834,0.6749,B
835,-0.2142,B
836,0.7261,C
837,0.3801,C
838,0.0565,C
839,-0.1927,C
840,-0.0077,C
841,-0.8106,C
842,-0.4557,C
843,0.5481,A
844,0.2106,A
845,1.0976,C
846,-0.1122,B
847,1.6409,C
848,-0.2609,B
849,-1.0427,A
850,-1.5924,C
851,-1.3101,C
852,-0.4238,A
853,-0.9231,A
854,0.2662,C
855,0.202,B
856,0.8263,B
857,2.0207,B
858,0.2527,A
859,0.7806,C
860,0.0811,A
861,0.3467,A
862,0.0738,B
863,0.2808,B
864,0.2129,B
865,1.191,C
866,-0.3123,A
867,-1.1248,B
868,1.0895,C
869,-0.0388,C
870,-0.2595,B
871,-0.1765,A
872,-0.2067,A
873,1.3067,B
874,-1.1149,C
875,-0.1866,B
876,-0.9818,B
877,-1.5594,B
878,0.1321,A
879,-0.7681,A
880,0.4189,C
881,0.3346,C
882,0.807,B
883,-0.8998,B
884,-1.0526,B
885,-0.3432,C
886,-1.403,C
887,0.3597,A
888,-0.1372,A
889,1.344,C
890,0.0218,C
891,-0.5898,B
892,-0.2402,C
893,-1.2445,B
894,-0.8055,C
895,0.5948,B
896,-0.1089,A
897,-0.9815,C
898,0.2061,A
899,-1.1091,B
900,0.6102,B
901,-1.0229,A
902,0.2346,A
903,-0.108,C
904,0.6734,B
905,-0.1934,A
906,-0.7184,A
907,1.281,C
908,0.2982,C
909,1.9424,A
910,-0.1811,B
911,-1.3641,A
912,0.4887,A
913,-0.4445,B
914,-1.2699,B
915,-0.9516,C
916,0.6138,C
917,0.0987,A
918,0.0246,A
919,-0.5603,B
920,0.2857,A
921,-2.3624,B
922,1.0007,C
923,-0.8173,C
924,2.0246,C
925,1.2649,B
926,1.3787,A
927,-0.3333,A
928,0.221,B
929,1.6411,B
930,0.7627,B
931,-0.1399,B
932,0.5219,B
933,2.1116,C
934,1.9237,C
935,0.3362,B
936,0.0484,A
937,0.2186,B
938,-0.2451,B
939,-0.2009,A
940,-0.0228,B
941,1.8435,B
942,0.2521,C
943,-1.5318,B
944,0.2795,C
945,0.3187,C
946,1.2485,C
947,0.2173,A
948,0.105,C
949,-0.6909,B
950,-0.2743,C
951,-1.4572,A
952,0.3627,B
953,-1.3788,A
954,2.5081,C
955,-0.9338,C
956,-0.7618,A
957,-0.6375,B
958,-0.9639,C
959,-1.1083,C
960,-0.2367,B
961,-0.3602,A
962,1.0736,A
963,-0.3286,A
964,0.6497,A
965,1.6484,C
966,0.7334,B
967,-0.7877,C
968,2.2694,A
969,2.9772,B
970,1.608,A
971,-0.6574,C
972,0.9265,B
973,-0.1302,A
974,-0.54,A
975,0.0684,A
976,-0.2829,A
977,2.4885,B
978,-0.7621,A
979,1.9388,A
980,-1.0685,B
981,-0.29,A
982,1.6101,B
983,-0.7795,A
984,-1.0441,B
985,0.7331,C
986,1.8778,C
987,1.054,C
988,0.0728,A
989,-0.1935,A
990,1.0271,C
991,-0.0363,A
992,2.6409,A
993,-0.9686,A
994,0.3757,B
995,0.4443,C
996,1.0448,B
997,0.1381,C
998,0.1101,A
999,-0.6636,C
1000,1.0101,B
1001,-0.4095,B
1002,1.1899,B
1003,0.6409,C
1004,-1.4757,A
1005,0.4442,A
1006,1.262,A
1007,-0.0773,A
1008,-1.1501,C
1009,-0.1834,A
1010,0.8074,B
1011,1.177,A
1012,0.3416,A
1013,-1.9773,C
1014,1.6008,B
1015,3.3309,B
1016,-0.7302,C
1017,-0.1539,B
1018,-0.9849,A
1019,-0.1474,A
1020,-0.6932,A
1021,-1.3416,A
1022,-0.8434,A
1023,1.3126,C
1024,-0.465,C
1025,-2.0659,C
1026,-0.8293,C
1027,1.4239,B
1028,-1.3316,A
1029,-0.0514,C
1030,0.3535,C
1031,0.2004,A
1032,-0.6896,C
1033,-0.9187,B
1034,-0.9975,C
1035,0.4051,C
1036,0.6595,C
1037,0.0102,B
1038,0.2713,A
1039,-0.302,A
1040,-0.5976,A
1041,-0.9824,A
1042,0.0235,C
1043,-1.0175,C
1044,0.3155,B
1045,0.1482,C
1046,-2.3588,A
1047,0.3243,A
1048,-1.1063,A
1049,-0.3906,B
1050,-0.3759,B
1051,-0.428,C
1052,-1.4717,C
1053,-1.4108,A
1054,0.8623,A
1055,-0.6252,A
1056,0.6657,C
1057,-1.1747,A
1058,-0.1845,A
1059,-1.4296,B
1060,-1.2709,A
1061,0.9509,C
1062,0.0871,B
1063,0.2304,B
1064,-1.0176,B
1065,1.3593,B
1066,0.3516,C
1067,-0.0918,C
1068,-1.7377,A
1069,2.2198,C
1070,-0.3674,B
1071,-1.1938,B
1072,-0.6531,A
1073,-1.4694,A
1074,-0.3565,C
1075,-1.2155,A
1076,0.2604,A
1077,-1.0202,A
1078,-0.2696,C
1079,0.04,C
1080,0.3296,A
1081,1.0366,B
1082,-0.6341,B
1083,-1.9744,C
1084,0.1818,A
1085,-1.7418,B
1086,0.6799,A
1087,0.6684,B
1088,-0.597,A
1089,-0.5771,C
1090,1.0637,C
1091,0.913,A
1092,-0.5343,C
1093,0.5616,C
1094,0.8265,A
1095,-0.2853,C
1096,0.2304,B
1097,-0.8884,A
1098,2.1305,C
1099,0.1311,C
1100,1.5498,C
1101,0.2737,B
1102,-0.0767,C
1103,-1.3354,A
1104,0.1198,B
1105,0.8645,C
1106,1.9227,A
1107,0.0458,C
1108,-0.5697,C
1109,-0.5961,B
1110,0.9802,A
1111,0.7827,B
1112,0.838,B
1113,1.1528,A
1114,0.5672,C
1115,0.4058,A
1116,-0.763,A
1117,-1.0378,A
1118,0.2793,A
1119,-0.5878,B
1120,-0.0359,B
1121,1.624,B
1122,0.6516,B
1123,-0.7523,C
1124,-1.1558,A
1125,-0.3787,B
1126,1.0065,C
1127,1.6967,A
1128,1.3598,B
1129,0.7367,B
1130,0.0703,A
1131,1.0875,C
1132,-0.5201,B
1133,-0.3756,B
1134,0.9369,B
1135,0.4089,C
1136,0.2776,A
1137,0.122,C
1138,0.0796,C
1139,-0.4623,B
1140,-0.9148,C
1141,-0.8529,B
1142,-0.197,C
1143,-0.8214,B
1144,0.7771,B
1145,0.2192,B
1146,1.2705,C
1147,-1.1186,C
1148,-0.9429,C
1149,-0.7113,C
1150,0.8248,A
1151,0.7737,A
1152,-0.6964,B
1153,1.9533,B
1154,-0.5556,A
1155,-0.5028,C
1156,0.9008,B
1157,-1.3353,C
1158,-0.4805,A
1159,0.0071,A
1160,-0.6952,B
1161,-1.319,B
1162,0.0383,C
1163,0.0723,C
1164,0.0871,A
1165,-1.3693,B
1166,-0.4529,A
1167,-0.8105,A
1168,0.1064,C
1169,-0.8273,A
1170,0.2407,A
1171,0.253,C
1172,2.3211,C
1173,1.8747,A
1174,-1.3457,C
1175,0.9897,A
1176,-0.5463,C
1177,-0.0695,B
1178,-1.0949,A
1179,0.9604,A
1180,-0.4869,B
1181,0.3532,B
1182,0.1923,B
1183,0.012,A
1184,0.5343,B
1185,-0.3304,C
1186,0.7125,C
1187,0.2478,A
1188,-0.2705,B
1189,-0.282,C
1190,0.1801,B
1191,-0.4677,B
1192,1.3012,A
1193,1.0606,C
1194,-0.9299,C
1195,0.6734,C
1196,0.0518,C
1197,0.6136,C
1198,0.0467,C
1199,-0.8973,C
1200,-0.158,C
1201,-0.1349,A
1202,-1.5268,C
1203,-0.993,B
1204,1.8235,A
1205,-0.2413,B
1206,0.9977,A
1207,-0.7109,B
1208,-0.7199,A
1209,0.9735,A
1210,0.3056,C
1211,-0.4205,A
1212,0.1943,A
1213,1.3416,A
1214,-1.6902,C
1215,1.4756,C
1216,0.2835,A
1217,-0.5745,C
1218,0.3109,B
1219,1.6188,C
1220,0.4508,B
1221,0.2625,C
1222,-0.161,C
1223,-1.6623,A
1224,2.0324,B
1225,1.9204,A
1226,-0.6021,A
1227,1.8621,C
1228,-0.2496,A
1229,-1.3407,C
1230,0.7707,A
1231,-0.1157,A
1232,-0.1366,C
1233,-2.0189,C
1234,0.8964,A
1235,-0.8467,C
1236,0.5944,A
1237,-0.3077,A
1238,-1.3043,A
1239,0.8786,A
1240,0.4658,A
1241,0.3802,B
1242,0.0592,B
1243,0.9597,C
1244,-0.2612,C
1245,0.3434,C
1246,-0.1386,C
1247,-0.5851,C
1248,-0.4708,B
1249,0.6733,C
1250,-0.3604,A
1251,0.3938,B
1252,0.9281,A
1253,1.3683,A
1254,-1.0022,A
1255,-0.6843,B
1256,1.3416,B
1257,-0.7064,B
1258,1.3134,B
1259,-0.8615,A
1260,1.2957,A
1261,-0.9985,C
1262,0.517,C
1263,-1.1515,B
1264,0.675,B
1265,2.1031,A
1266,0.1037,B
1267,-1.4946,B
1268,0.4945,C
1269,-0.8992,C
1270,-0.5778,B
1271,0.1225,A
1272,1.448,A
1273,0.8185,B
1274,0.97,C
1275,0.789,C
1276,-1.1786,C
1277,0.5684,C
1278,-0.4561,A
1279,0.8928,A
1280,0.6791,B
1281,-0.6092,A
1282,-0.476,B
1283,-0.5471,A
1284,0.5827,C
1285,-0.0174,C
1286,-0.2312,B
1287,0.0029,B
1288,0.5329,A
1289,-0.2029,C
1290,0.6927,C
1291,0.3115,B
1292,0.869,C
1293,-1.0427,A
1294,-1.0175,C
1295,1.2635,B
1296,-0.468,C
1297,-0.0407,C
1298,0.0981,B
1299,0.3339,B
1300,-1.2662,A
1301,0.7014,A
1302,-1.7014,B
1303,-1.1784,C
1304,1.3496,C
1305,0.149,C
1306,-0.2182,B
1307,-0.5221,A
1308,0.079,C
1309,-0.6711,B
1310,-0.5563,C
1311,0.2109,C
1312,0.2496,A
1313,-0.4159,B
1314,1.797,B
1315,0.4094,C
1316,2.1569,A
1317,-1.7075,C
1318,-0.3697,A
1319,-1.8081,C
1320,0.5408,A
1321,0.4804,B
1322,1.9648,C
1323,-0.4498,C
1324,-0.0472,B
1325,1.4336,A
1326,1.389,A
1327,-1.055,C
1328,0.7892,B
1329,-0.3726,B
1330,0.4571,C
1331,0.6513,B
1332,-1.0578,A
1333,-0.595,B
1334,1.7911,A
1335,-0.2199,C
1336,-0.0924,A
1337,-1.4552,C
1338,0.4594,C
1339,0.0407,C
1340,0.8892,B
1341,-2.6042,B
1342,-0.904,A
1343,-0.9383,C
1344,-0.6609,B
1345,-0.8271,C
1346,1.2076,A
1347,0.5136,B
1348,-0.5931,C
1349,0.7464,B
1350,1.1815,A
1351,0.7159,B
1352,0.1986,B
1353,-0.0617,B
1354,0.5993,C
1355,0.606,B
1356,-1.9804,C
1357,-1.8563,A
1358,-0.7548,B
1359,0.0095,A
1360,1.1973,A
1361,-0.2329,A
1362,-0.1299,B
1363,0.4662,C
1364,1.0894,A
1365,1.8697,B
1366,-1.0195,A
1367,-0.4628,B
1368,1.3679,C
1369,1.3447,B
1370,-0.0659,B
1371,-0.5897,C
1372,0.2114,A
1373,0.4292,B
1374,-0.3373,C
1375,0.4526,C
1376,0.4135,B
1377,0.2158,C
1378,-0.3807,C
1379,0.6589,B
1380,-1.0944,C
1381,1.5758,B
1382,1.692,B
1383,0.4166,A
1384,-0.607,A
1385,-0.0917,B
1386,-0.9774,B
1387,-0.48,C
1388,1.3394,A
1389,1.709,C
1390,-0.8131,B
1391,1.345,A
1392,1.6422,C
1393,-0.0816,A
1394,-0.489,A
1395,1.6212,B
1396,-0.4376,C
1397,0.8208,C
1398,-0.0758,B
1399,-0.004,A
1400,-0.5789,B
1401,0.218,C
1402,0.0601,B
1403,0.1945,A
1404,-1.2581,A
1405,1.4382,B
1406,0.7583,B
1407,-1.2723,C
1408,0.354,A
1409,-1.5291,A
1410,0.6709,B
1411,0.1859,B
1412,-0.3609,A
1413,1.2384,C
1414,0.276,B
1415,-1.0469,A
1416,-1.0715,A
1417,-1.1705,A
1418,-0.8183,B
1419,1.095,B
1420,0.7914,B
1421,0.9852,B
1422,-0.8622,A
1423,0.4636,A
1424,0.1949,B
1425,2.0877,A
1426,1.3358,C
1427,0.303,A
1428,1.1427,B
1429,-0.6033,A
1430,0.5296,C
1431,1.4301,B
1432,0.9231,A
1433,1.6755,C
1434,1.1365,A
1435,2.1752,C
1436,0.5734,B
1437,-0.6026,C
1438,0.4066,C
1439,-0.63,A
1440,-1.1453,A
1441,0.4162,B
1442,1.4311,A
1443,-2.0193,C
1444,0.0151,A
1445,0.0303,A
1446,-0.4449,B
1447,1.8616,C
1448,0.8018,A
1449,-1.0675,C
1450,0.0155,C
1451,-1.0155,A
1452,-0.7851,C
1453,0.2652,C
1454,-0.991,A
1455,-0.722,B
1456,0.6135,A
1457,-0.2469,B
1458,0.6568,B
1459,-0.4155,A
1460,-0.2695,A
1461,0.0114,B
1462,1.4667,B
1463,0.8465,A
1464,-0.8621,B
1465,0.5896,B
1466,1.5341,C
1467,-0.3782,B
1468,-0.8015,A
1469,-0.0786,C
1470,1.8421,A
1471,-0.5257,C
1472,-1.4353,C
1473,0.0799,B
1474,-2.388,B
1475,0.1693,C
1476,-0.7873,B
1477,0.9061,A
1478,0.1393,C
1479,-1.5687,A
1480,-0.6512,A
1481,0.35,A
1482,0.0818,B
1483,-0.3481,C
1484,-0.936,C
1485,-0.5637,A
1486,-1.2523,A
1487,-0.5844,C
1488,0.7046,B
1489,-0.5287,B
1490,-1.4197,C
1491,-0.6505,C
1492,1.0622,A
1493,-2.3105,C
1494,-1.377,C
1495,-1.7032,C
1496,-1.193,C
1497,0.2377,A
1498,0.0988,C
1499,0.3798,B
1500,-1.8155,C
1501,1.5225,B
1502,-0.4491,C
1503,0.1521,A
1504,0.3515,B
1505,2.107,B
1506,0.5477,B
1507,0.5266,C
1508,0.0751,C
1509,-1.1353,A
1510,0.0254,B
1511,0.883,B
1512,1.9406,C
1513,1.5577,A
1514,-0.5652,C
1515,-0.0944,C
1516,0.4161,C
1517,-1.884,C
1518,-0.0211,A
1519,2.9375,C
1520,-0.992,A
1521,-1.0348,C
1522,0.9557,C
1523,-0.2354,A
1524,-0.1306,B
1525,0.116,B
1526,0.4343,B
1527,1.8619,B
1528,1.056,C
1529,-1.6513,A
1530,-0.1576,C
1531,0.9908,B
1532,-1.3338,C
1533,1.5288,B
1534,0.4092,A
1535,0.9396,C
1536,1.0866,A
1537,0.2156,C
1538,0.3766,B
1539,-0.6852,C
1540,0.4207,A
1541,1.0181,A
1542,1.7005,C
1543,-1.1614,B
1544,1.1541,A
1545,2.2779,A
1546,0.6256,B
1547,0.4125,B
1548,-0.3571,A
1549,1.202,C
1550,-0.0994,B
1551,-1.4225,B
1552,-0.0761,C
1553,0.3406,A
1554,-0.8911,B
1555,0.0704,B
1556,-1.0672,A
1557,0.6674,A
1558,0.0986,C
1559,0.2839,B
1560,1.5188,A
1561,0.3442,B
1562,0.4741,C
1563,-0.9707,A
1564,0.0529,A
1565,-0.6623,B
1566,-1.7452,B
1567,-1.2242,B
1568,1.479,C
1569,-0.3253,B
1570,0.2884,C
1571,-0.081,A
1572,-0.2863,B
1573,-0.6068,A
1574,-0.3172,B
1575,-0.7715,C
1576,0.5274,B
1577,0.4864,C
1578,-0.0925,B
1579,0.3281,A
1580,0.9543,A
1581,-2.2859,C
1582,-0.549,C
1583,0.4775,B
1584,0.7622,A
1585,1.0591,B
1586,-0.5338,B
1587,-0.3528,C
1588,-1.8909,A
1589,-0.2724,C
1590,-0.4089,B
1591,-0.583,B
1592,-1.5774,A
1593,-1.2687,C
1594,-0.2037,C
1595,1.0238,C
1596,-1.868,A
1597,-0.9498,C
1598,0.8091,A
1599,-0.2278,A
1600,0.0312,B
1601,0.6537,A
1602,-0.4047,B
1603,1.5035,B
1604,0.2824,B
1605,0.5311,B
1606,1.1641,B
1607,1.6188,A
1608,1.6272,B
1609,-1.4642,A
1610,1.3218,C
1611,-1.9198,C
1612,1.8532,C
1613,1.3715,C
1614,-1.9234,A
1615,-0.2323,A
1616,1.2903,C
1617,0.6265,C
1618,1.128,A
1619,0.0379,C
1620,-0.0315,A
1621,-1.0246,B
1622,0.491,C
1623,-0.2955,B
1624,-0.1942,A
1625,-1.6679,C
1626,-0.7199,C
1627,-1.5636,C
1628,-2.1282,B
1629,-1.0177,A
1630,0.0533,B
1631,-0.0712,B
1632,0.3385,B
1633,-0.6764,A
1634,-1.1411,C
1635,-1.4011,C
1636,1.2331,C
1637,0.6897,A
1638,-0.1352,A
1639,-0.3075,C
1640,-0.2543,B
1641,0.9506,A
1642,0.338,C
1643,-1.0659,A
1644,1.4099,C
1645,-0.4924,C
1646,-0.0067,A
1647,-0.0637,C
1648,0.9554,A
1649,-0.5522,B
1650,1.3103,C
1651,0.0434,A
1652,-0.8257,C
1653,0.107,B
1654,-0.1536,C
1655,0.7412,C
1656,-0.9548,A
1657,0.46,B
1658,-1.4376,C
1659,-0.0379,C
1660,0.2119,C
1661,0.3776,B
1662,0.6228,A
1663,-0.4105,B
1664,-0.9342,A
1665,-1.1754,A
1666,0.8559,A
1667,-1.6762,C
1668,0.165,C
1669,-1.2481,A
1670,0.2745,C
1671,0.1513,B
1672,1.6442,C
1673,-0.1787,B
1674,-0.0509,C
1675,-0.8715,A
1676,0.6087,C
1677,-1.1401,C
1678,1.3361,A
1679,0.2949,C
1680,-1.0668,A
1681,0.9357,B
1682,0.0951,A
1683,-0.7852,A
1684,1.1676,C
1685,0.4143,A
1686,-0.1563,B
1687,-0.3112,C
1688,-1.8779,C
1689,-1.1097,B
1690,-0.2429,B
1691,0.9688,B
1692,-0.1792,B
1693,0.8374,B
1694,0.2363,A
1695,0.0518,C
1696,-0.5114,B
1697,1.6148,C
1698,1.2843,A
1699,0.1335,B
1700,1.1649,B
1701,1.3385,A
1702,0.5365,B
1703,0.4445,C
1704,0.6156,B
1705,1.1434,C
1706,-0.3989,B
1707,-0.0362,C
1708,0.7318,A
1709,-1.7624,C
1710,0.1392,A
1711,0.1177,A
1712,0.0486,C
1713,-0.99,A
1714,-1.3747,A
1715,0.5286,A
1716,0.9999,B
1717,0.7078,C
1718,0.0857,A
1719,-2.7446,A
1720,-2.2331,C
1721,-0.7643,B
1722,0.3926,B
1723,-1.5773,A
1724,0.0233,C
1725,0.4373,A
1726,-0.4006,C
1727,-0.7572,B
1728,0.4021,C
1729,-0.0157,B
1730,1.5345,C
1731,1.1392,C
1732,-0.9278,C
1733,-0.2393,A
1734,-0.6739,A
1735,0.1468,A
1736,2.1466,B
1737,0.2083,B
1738,0.2022,C
1739,0.7658,B
1740,2.3065,A
1741,0.2612,A
1742,-0.9616,B
1743,-1.682,A
1744,1.0669,B
1745,0.8832,B
1746,0.9554,B
1747,-0.6036,C
1748,-0.894,C
1749,1.3611,C
1750,-0.4757,B
1751,2.2089,A
1752,0.4989,C
1753,-1.0971,A
1754,-2.2466,A
1755,-0.0424,C
1756,0.9867,B
1757,1.6829,C
1758,-0.4164,B
1759,-1.1825,A
1760,-0.1374,C
1761,-0.9465,C
1762,-0.2902,A
1763,-0.2169,C
1764,0.0256,A
1765,-0.3496,C
1766,-1.9125,B
1767,1.0837,C
1768,2.4502,C
1769,-0.549,A
1770,0.0577,B
1771,-0.5161,A
1772,-0.0015,A
1773,-1.9696,B
1774,0.2189,C
1775,1.3505,C
1776,-0.6189,B
1777,-0.4837,B
1778,-0.2552,A
1779,-0.8061,A
1780,2.8761,B
1781,-0.4229,C
1782,-0.7772,B
1783,0.7085,A
1784,-0.6478,A
1785,-0.7778,B
1786,0.5697,C
1787,3.4355,C
1788,0.3695,B
1789,-1.0523,B
1790,-1.6098,B
1791,0.0452,C
1792,0.5566,C
1793,-0.6014,A
1794,0.761,B
1795,-0.4849,A
1796,0.1301,B
1797,-0.3582,C
1798,0.1722,A
1799,-1.8774,C
1800,1.0976,A
1801,1.024,B
1802,-0.5287,C
1803,1.4599,C
1804,0.7534,C
1805,0.3144,A
1806,0.691,A
1807,0.8219,C
1808,-0.4941,A
1809,-0.9586,C
1810,0.5743,C
1811,1.5384,C
1812,-0.985,B
1813,-1.7119,B
1814,-0.6024,B
1815,1.0688,C
1816,2.0259,A
1817,-0.6034,A
1818,-1.3895,B
1819,1.0844,A
1820,0.3506,B
1821,-0.9555,A
1822,0.7889,A
1823,-0.8501,A
1824,-1.26,A
1825,1.0256,B
1826,0.6266,B
1827,0.3726,B
1828,0.1596,A
1829,-0.1797,C
1830,0.7819,B
1831,0.1602,C
1832,-1.6032,B
1833,1.4303,B
1834,-1.1122,B
1835,-1.1473,C
1836,0.7174,B
1837,-1.2301,A
1838,-0.1393,C
1839,1.1602,C
1840,0.9814,B
1841,0.4538,B
1842,-0.066,C
1843,0.2084,A
1844,-0.6993,B
1845,0.5844,B
1846,0.3508,B
1847,0.1733,A
1848,-1.1435,A
1849,-0.1479,B
1850,-0.0073,C
1851,-0.8035,C
1852,1.5125,A
1853,-2.1276,A
1854,-0.1457,A
1855,-0.7536,C
1856,-2.3922,B
1857,-1.1066,C
1858,-0.2755,C
1859,-0.8604,A
1860,1.2315,C
1861,-0.5428,B
1862,-1.4102,C
1863,1.5573,A
1864,1.8172,A
1865,-0.3185,A
1866,-0.3228,A
1867,0.5284,C
1868,1.7269,B
1869,-0.8238,A
1870,-1.0129,B
1871,-0.0199,A
1872,-0.1883,B
1873,-1.7633,A
1874,0.3919,B
1875,-0.33,C
1876,2.8294,A
1877,0.4398,A
1878,0.7078,B
1879,1.2801,A
1880,-0.5832,B
1881,-1.1655,C
1882,0.4298,C
1883,0.387,B
1884,-2.1359,C
1885,0.3013,C
1886,-0.256,B
1887,1.9514,C
1888,-0.023,B
1889,-0.562,C
1890,1.6037,A
1891,-0.2251,C
1892,-2.0039,C
1893,0.8528,A
1894,-1.3789,C
1895,-1.2532,A
1896,-0.0928,A
1897,-1.6808,C
1898,-0.1706,C
1899,-1.0184,A
1900,1.135,A
1901,-2.1934,C
1902,1.357,B
1903,-0.4879,C
1904,0.6206,B
1905,-1.3278,A
1906,-0.2244,C
1907,0.3158,B
1908,1.4659,A
1909,-0.0399,A
1910,2.1641,A
1911,-0.5191,A
1912,0.7804,A
1913,1.1699,C
1914,-0.0421,B
1915,-0.6994,A
1916,1.4806,A
1917,-1.9022,B
1918,-0.8369,C
1919,1.3519,C
1920,0.4971,C
1921,0.5129,B
1922,0.0976,B
1923,-1.2376,B
1924,-0.8997,A
1925,-0.2553,C
1926,-1.987,A
1927,-0.5137,C
1928,-0.2635,B
1929,1.3466,A
1930,-0.0108,B
1931,0.5696,B
1932,-0.8646,B
1933,0.1422,B
1934,1.6185,B
1935,-1.0222,A
1936,0.8405,B
1937,1.0266,A
1938,-0.9615,C
1939,0.5194,B
1940,0.2296,A
1941,-0.4618,A
1942,1.3161,B
1943,-0.0077,A
1944,1.5493,A
1945,0.4324,A
1946,0.9134,B
1947,1.2723,C
1948,1.8791,B
1949,-0.6837,B
1950,-0.8689,B
1951,-0.1083,B
1952,0.1932,A
1953,-1.3154,C
1954,1.3711,B
1955,-1.1276,A
1956,-0.9329,C
1957,-1.7466,C
1958,-0.1143,B
1959,0.4293,A
1960,1.326,A
1961,0.7268,A
1962,0.5558,A
1963,0.9765,B
1964,0.5865,A
1965,1.1319,C
1966,-1.1199,B
1967,0.3183,A
1968,-0.9622,B
1969,-0.3624,B
1970,1.9133,B
1971,0.0399,A
1972,-0.3323,B
1973,0.3111,C
1974,0.0687,C
1975,1.1431,C
1976,0.2155,B
1977,0.0861,A
1978,-0.1769,A
1979,-0.003,C
1980,-0.8142,B
1981,-1.3168,C
1982,0.3094,A
1983,0.4611,A
1984,-0.7312,B
1985,0.0554,A
1986,-0.1099,A
1987,-0.927,A
1988,-0.698,B
1989,1.1467,C
1990,1.4216,B
1991,0.2174,C
1992,-2.2424,C
1993,0.9232,C
1994,-0.6577,A
1995,-1.3619,C
1996,0.6337,B
1997,-0.6647,C
1998,0.3793,B
1999,-0.8151,B
2000,-0.4893,C
2001,2.1288,A
2002,0.7208,A
2003,2.296,B
2004,-0.6924,C
2005,-0.0811,B
2006,-0.1266,B
2007,-0.066,C
2008,-0.095,C
2009,1.032,B
2010,-2.3261,C
2011,0.6121,A
2012,-0.5279,A
2013,0.2187,B
2014,0.111,C
2015,-0.9291,B
2016,-1.2203,C
2017,0.2627,A
2018,1.0411,C
2019,0.6139,A
2020,0.8117,A
2021,0.8895,B
2022,-0.5811,A
2023,-1.4666,C
2024,0.1803,A
2025,-0.4047,C
2026,-0.405,B
2027,-1.8347,A
2028,-0.0078,C
2029,1.6195,B
2030,0.8836,A
2031,-1.1692,B
2032,0.2026,A
2033,0.8431,C
2034,0.6737,B
2035,-0.953,C
2036,1.4126,C
2037,-0.4897,A
2038,-0.9308,C
2039,-1.0192,A
2040,1.9673,C
2041,0.9801,A
2042,-0.2905,C
2043,-1.7903,A
2044,-0.2215,C
2045,0.6203,B
2046,-1.9732,A
2047,0.8598,C
2048,-1.0253,A
2049,1.6631,B
2050,0.4952,A
2051,1.1579,A
2052,0.2146,A
2053,0.5278,B
2054,1.1068,C
2055,0.1719,A
2056,-2.9326,C
2057,-0.5731,A
2058,-0.6213,A
2059,0.436,B
2060,-1.242,B
2061,-1.1394,A
2062,0.0278,B
2063,-0.7931,C
2064,-1.0578,B
2065,-0.3998,B
2066,0.1874,A
2067,1.2685,C
2068,-0.4007,B
2069,0.4807,A
2070,-0.3667,B
2071,0.9287,A
2072,-0.5179,B
2073,-0.7004,C
2074,-1.3011,A
2075,-0.3669,C
2076,-0.9328,B
2077,0.2072,C
2078,-0.1607,A
2079,0.8309,C
2080,-1.0196,A
2081,-2.0773,C
2082,0.204,B
2083,-1.3116,A
2084,-0.539,A
2085,0.1553,A
2086,0.8924,B
2087,-1.1454,A
2088,-1.9593,A
2089,0.3847,B
2090,0.8608,C
2091,-0.2222,C
2092,-0.0777,B
2093,-0.6645,A
2094,-1.9925,C
2095,-1.3909,C
2096,0.5382,A
2097,-0.9218,B
2098,-1.319,C
2099,-0.1712,A
2100,-0.1018,B
2101,0.181,B
2102,0.3908,C
2103,-0.8486,B
2104,0.8945,B
2105,0.7055,A
2106,0.7082,C
2107,-0.8249,C
2108,1.6073,A
2109,-1.6464,B
2110,1.2692,A
2111,1.5061,A
2112,-0.5721,A
2113,0.1456,C
2114,-0.3378,C
2115,-0.067,A
2116,-1.743,C
2117,-0.7392,B
2118,-0.5665,A
2119,0.8404,A
2120,-0.473,C
2121,-0.8521,A
2122,-0.021,A
2123,0.2609,C
2124,-0.1252,C
2125,0.8049,B
2126,1.1746,C
2127,0.4377,C
2128,1.4754,B
2129,-0.3357,A
2130,0.5126,C
2131,-0.6662,A
2132,0.3885,C
2133,-0.3666,C
2134,-1.6364,C
2135,0.2852,C
2136,-0.1944,C
2137,1.2771,B
2138,0.1475,B
2139,-0.4426,C
2140,2.1678,A
2141,-0.158,A
2142,-0.0365,C
2143,0.4439,B
2144,-0.9563,A
2145,0.5525,C
2146,0.6683,C
2147,-0.3833,A
2148,0.2381,C
2149,0.6241,C
2150,-0.3447,B
2151,-0.0443,C
2152,1.1537,B
2153,-1.474,B
2154,0.598,A
2155,-0.647,A
2156,0.3861,A
2157,0.0826,C
2158,-0.7975,A
2159,0.5636,B
2160,-1.3626,C
2161,-0.3805,A
2162,0.6495,C
2163,1.8229,C
2164,0.1896,A
2165,0.3097,B
2166,-0.0495,A
2167,0.0945,B
2168,-2.1855,B
2169,1.3001,A
2170,0.845,C
2171,-0.3286,C
2172,0.3601,B
2173,-0.6138,A
2174,-0.8599,A
2175,0.1518,A
2176,-0.1757,B
2177,1.4839,C
2178,1.3017,A
2179,-0.3975,C
2180,-0.2568,C
2181,0.6863,A
2182,-0.202,B
2183,0.5178,B
2184,1.1297,C
2185,-0.2826,C
2186,0.3054,A
2187,-0.8876,B
2188,1.2407,A
2189,-1.8456,A
2190,0.4811,C
2191,1.799,B
2192,0.6333,A
2193,1.0644,B
2194,0.0604,A
2195,-1.1566,A
2196,1.8811,B
2197,0.2236,C
2198,-0.1198,B
2199,1.4775,B
2200,-2.7658,A
2201,-0.5056,C
2202,0.2789,B
2203,0.4464,C
2204,-0.2933,C
2205,0.8787,B
2206,0.6942,C
2207,0.1779,C
2208,-1.3214,C
2209,-0.7,A
2210,-1.5536,C
2211,-0.1824,C
2212,0.7757,B
2213,0.0078,C
2214,0.6815,B
2215,1.2729,C
2216,0.8445,B
2217,-2.0873,A
2218,0.5415,C
2219,0.7729,A
2220,-0.7284,A
2221,2.2042,B
2222,0.0337,B
2223,1.0964,C
2224,-1.0961,A
2225,0.1061,C
2226,0.8145,B
2227,1.3869,B
2228,0.6689,B
2229,0.2363,A
2230,0.5074,B
2231,-2.0243,B
2232,1.3744,A
2233,-1.2266,A
2234,-1.3718,A
2235,0.909,C
2236,1.1451,A
2237,0.1557,B
2238,-0.665,B
2239,1.4229,A
2240,2.6219,A
2241,1.8393,A
2242,1.4218,A
2243,1.4289,B
2244,1.9285,B
2245,-0.097,C
2246,0.8137,A
2247,0.3618,A
2248,-0.7027,B
2249,-0.3777,B
2250,-0.5087,A
2251,-0.6561,B
2252,1.3004,C
2253,-0.0138,C
2254,0.7583,B
2255,0.6647,B
2256,-0.1623,A
2257,1.4184,B
2258,0.5933,B
2259,-0.6099,B
2260,-0.8842,B
2261,-0.3958,C
2262,-1.2724,A
2263,-1.4595,A
2264,1.0656,C
2265,-0.5883,C
2266,0.4985,A
2267,-0.409,A
2268,-0.1848,B
2269,-0.1442,C
2270,-0.1043,A
2271,0.3176,C
2272,0.6512,B
2273,1.507,C
2274,2.328,A
2275,0.9214,A
2276,-0.7975,B
2277,0.5828,B
2278,0.2879,A
2279,0.054,A
2280,-1.2198,A
2281,-0.9043,A
2282,-0.4586,B
2283,0.1477,B
2284,-1.6828,A
2285,1.1276,B
2286,-0.2155,B
2287,-2.0312,C
2288,-0.8904,C
2289,-0.0812,C
2290,0.8795,B
2291,0.2612,A
2292,-0.5741,C
2293,0.1889,C
2294,0.3015,C
2295,-0.6066,A
2296,0.4988,C
2297,-0.7429,B
2298,0.1481,B
2299,0.2147,B
2300,0.6338,B
2301,-0.591,B
2302,0.2657,C
2303,1.4138,B
2304,-0.2393,A
2305,1.1669,B
2306,0.438,C
2307,-0.5844,B
2308,1.5065,A
2309,-0.0719,C
2310,-0.7594,B
2311,-0.693,C
2312,-0.8942,B
2313,-0.7012,B
2314,0.3701,B
2315,-1.368,A
2316,-0.5511,B
2317,0.4735,A
2318,0.9733,C
2319,-0.6331,B
2320,-0.9268,C
2321,-0.8593,B
2322,0.9081,A
2323,-0.381,C
2324,-0.3326,A
2325,0.1245,B
2326,-1.1005,C
2327,-0.0058,A
2328,-0.7765,C
2329,0.5773,A
2330,-0.6359,B
2331,-0.4041,A
2332,0.2945,C
2333,-0.7366,B
2334,0.1957,A
2335,-0.0857,C
2336,0.9105,C
2337,-0.5469,C
2338,2.3992,B
2339,0.7088,C
2340,0.5523,C
2341,-0.7894,C
2342,0.6385,A
2343,0.9745,C
2344,-1.1178,C
2345,-0.2724,B
2346,-0.391,B
2347,0.8863,A
2348,0.8634,B
2349,-0.3902,C
2350,-0.6658,B
2351,0.9794,A
2352,-1.4535,C
2353,-0.996,C
2354,0.615,A
2355,0.9987,A
2356,-1.6526,B
2357,0.7406,B
2358,-0.2538,A
2359,-1.2538,C
2360,2.2988,B
2361,0.4047,A
2362,0.456,C
2363,0.7299,A
2364,1.1362,A
2365,-0.3206,B
2366,-0.7951,A
2367,0.179,C
2368,0.0835,B
2369,0.8459,A
2370,-0.0705,C
2371,-0.7041,C
2372,-2.1474,A
2373,-0.3199,A
2374,1.0042,B
2375,0.9006,A
2376,0.2384,C
2377,0.4194,B
2378,0.3003,B
2379,-1.0791,C
2380,0.7269,C
2381,0.9225,B
2382,1.1795,C
2383,2.057,A
2384,0.294,C
2385,-0.5757,C
2386,1.0201,C
2387,-0.1096,B
2388,-1.7161,C
2389,-0.4171,B
2390,0.1597,B
2391,0.6586,B
2392,0.4595,B
2393,0.3257,C
2394,-0.1955,C
2395,1.0623,C
2396,-0.9169,B
2397,-0.6753,C
2398,0.2121,A
2399,0.791,A
2400,0.4393,C
2401,0.2926,A
2402,-1.1996,C
2403,0.827,A
2404,-1.0556,C
2405,-1.6188,B
2406,-0.9323,B
2407,-0.1868,B
2408,-0.913,B
2409,0.4182,B
2410,0.3808,B
2411,-0.3324,B
2412,2.3326,C
2413,-0.8324,B
2414,-0.0715,C
2415,-0.5058,C
2416,-1.7699,B
2417,-0.4322,A
2418,0.525,C
2419,0.4495,B
2420,-0.8983,C
2421,0.9756,C
2422,-1.2805,B
2423,-0.2194,C
2424,0.6878,B
2425,1.0661,B
2426,-0.23,B
2427,0.5419,C
2428,-1.6469,B
2429,0.2098,A
2430,1.5695,A
2431,0.1574,B
2432,0.9417,A
2433,0.7983,C
2434,-0.8301,C
2435,-0.7243,B
2436,-1.3971,B
2437,-0.6903,A
2438,-0.9769,A
2439,1.7485,B
2440,0.8053,A
2441,0.8346,C
2442,1.4996,A
2443,0.5724,B
2444,0.4678,B
2445,-0.1889,A
2446,-0.0323,B
2447,0.1123,A
2448,0.648,A
2449,0.0001,B
2450,0.9299,C
2451,0.0085,B
2452,0.3725,B
2453,-0.3755,B
2454,0.7552,B
2455,0.4573,A
2456,0.6076,C
2457,0.3162,B
2458,0.2718,B
2459,1.1538,C
2460,-0.6968,C
2461,-1.0271,B
2462,0.3603,C
2463,0.463,C
2464,-0.8804,B
2465,0.0301,B
2466,-0.0404,A
2467,-0.6691,B
2468,1.1178,B
2469,-0.2813,B
2470,0.0587,C
2471,0.5315,B
2472,0.1665,A
2473,-0.7336,B
2474,-0.361,A
2475,0.7845,A
2476,-0.6377,A
2477,-0.2605,A
2478,0.3679,B
2479,0.6777,A
2480,-0.7996,B
2481,1.2477,B
2482,-0.0728,A
2483,2.6549,C
2484,-1.6258,A
2485,1.7581,A
2486,0.7929,A
2487,0.5912,A
2488,-0.7948,B
2489,-0.1075,B
2490,0.3058,C
2491,0.5547,A
2492,-1.3202,B
2493,0.5321,A
2494,-0.9434,B
2495,-0.2158,B
2496,0.9933,C
2497,-0.2187,C
2498,-1.1778,A
2499,-0.69,B
2500,-0.6134,C
2501,0.4144,A
2502,0.8183,A
2503,-0.5957,A
2504,0.859,A
2505,-0.3653,B
2506,-0.0577,C
2507,-1.0517,C
2508,-0.4802,B
2509,-0.5238,C
2510,1.0296,C
2511,-1.5105,C
2512,-0.661,C
2513,1.3766,A
2514,-0.3585,B
2515,-0.6226,C
2516,-0.2615,B
2517,-0.6755,B
2518,-0.5513,A
2519,1.032,C
2520,0.0112,B
2521,-1.9785,C
2522,-1.5179,C
2523,-0.174,B
2524,2.0096,A
2525,-0.4376,C
2526,-0.8067,A
2527,-2.0601,B
2528,1.2674,C
2529,0.1727,B
2530,-0.6516,A
2531,0.208,B
2532,-0.1396,C
2533,-0.8359,A
2534,-0.0709,A
2535,0.331,A
2536,0.449,C
2537,0.0389,C
2538,-2.2712,A
2539,-0.2372,B
2540,-0.4084,B
2541,-1.2324,B
2542,1.216,C
2543,-0.0351,A
2544,0.9769,B
2545,1.3347,A
2546,1.3939,B
2547,-1.3714,A
2548,1.8302,B
2549,0.0145,A
2550,0.7284,B
2551,-0.5939,A
2552,-1.0763,C
2553,-1.8226,C
2554,0.6946,A
2555,-0.0208,A
2556,-0.8435,A
2557,0.642,A
2558,-0.9073,A
2559,-0.2326,C
2560,0.7279,B
2561,1.6229,A
2562,-0.7999,B
2563,0.4846,A
2564,3.1457,A
2565,-0.5379,A
2566,1.2618,A
2567,1.0985,B
2568,-1.2581,A
2569,0.0733,C
2570,-0.0102,B
2571,0.257,C
2572,0.823,C
2573,0.2376,A
2574,-1.7626,A
2575,-0.7361,B
2576,-0.33,B
2577,-2.2053,A
2578,0.3046,A
2579,0.4553,C
2580,1.0211,A
2581,0.6334,B
2582,-1.1465,B
2583,0.0386,C
2584,-0.331,C
2585,0.3982,B
2586,-1.2276,A
2587,-0.7002,B
2588,-0.4115,A
2589,0.1259,B
2590,-0.1437,C
2591,-1.4044,A
2592,-0.5856,C
2593,-0.7392,C
2594,-0.6644,A
2595,0.1314,B
2596,-0.2507,B
2597,-1.287,C
2598,-1.2588,C
2599,0.1203,B
2600,0.1627,A
2601,0.0318,C
2602,-1.0435,B
2603,-0.6407,A
2604,-1.3262,C
2605,1.5911,A
2606,0.3227,C
2607,0.4451,C
2608,-0.2064,B
2609,0.5186,A
2610,-0.0149,A
2611,-1.5009,A
2612,-1.1573,C
2613,-0.0135,C
2614,-0.6474,B
2615,-0.824,C
2616,1.3543,C
2617,0.2663,A
2618,0.1719,A
2619,-0.6772,C
2620,-0.0111,A
2621,-1.0618,A
2622,-0.1382,A
2623,2.271,C
2624,-0.0285,B
2625,0.6332,C
2626,0.982,A
2627,-0.6905,C
2628,1.0216,C
2629,-0.0399,A
2630,0.1488,B
2631,0.0782,C
2632,-1.9762,B
2633,0.8538,A
2634,0.0265,B
2635,0.0534,C
2636,1.0934,A
2637,-0.0901,C
2638,-1.1381,A
2639,0.5462,B
2640,-0.4059,C
2641,-0.3165,A
2642,1.0507,A
2643,-0.4983,A
2644,-1.0596,B
2645,0.7655,A
2646,-0.2993,A
2647,1.5495,A
2648,-1.3152,B
2649,-0.5016,C
2650,-0.1552,C
2651,-0.2261,A
2652,0.7907,A
2653,-1.4714,B
2654,-1.6048,A
2655,-0.4639,A
2656,0.3576,B
2657,1.2768,A
2658,0.8544,C
2659,-1.3084,B
2660,0.3939,A
2661,0.3533,A
2662,-0.5001,B
2663,-0.0052,C
2664,0.4967,C
2665,0.0684,C
2666,2.1588,B
2667,-0.0846,C
2668,2.1577,A
2669,-0.9753,C
2670,-1.2688,C
2671,0.4937,C
2672,0.2071,C
2673,3.1413,A
2674,-1.4522,C
2675,-0.6395,A
2676,0.9921,B
2677,-0.2153,A
2678,0.5903,B
2679,-0.192,B
2680,0.2658,B
2681,1.837,B
2682,0.4095,A
2683,-0.0032,C
2684,0.9376,A
2685,-1.616,B
2686,0.466,C
2687,-1.0347,B
2688,2.179,B
2689,0.6673,A
2690,0.9827,C
2691,-1.4737,B
2692,-0.1276,C
2693,0.4254,C
2694,0.1029,A
2695,-1.0953,C
2696,0.7318,A
2697,1.3947,C
2698,0.1414,B
2699,-0.798,B
2700,-1.3049,C
2701,1.6347,B
2702,-0.5123,C
2703,-2.2578,C
2704,1.3062,C
2705,-0.095,C
2706,0.3387,B
2707,-0.1613,A
2708,-0.388,A
2709,-0.6293,A
2710,1.7881,A
2711,-0.9555,B
2712,0.002,C
2713,2.3404,B
2714,-0.0572,B
2715,0.8856,B
2716,-0.055,B
2717,-0.1992,A
2718,-0.2523,B
2719,0.8232,A
2720,0.2784,B
2721,-1.1114,B
2722,-0.4952,B
2723,-1.965,C
2724,-1.0757,A
2725,0.37,A
2726,0.0893,A
2727,-1.9186,B
2728,0.982,C
2729,1.0197,A
2730,0.5123,B
2731,-0.0055,C
2732,0.9319,C
2733,0.9825,A
2734,-0.0519,B
2735,-0.4225,B
2736,0.0606,B
2737,-1.6612,B
2738,1.8068,A
2739,0.742,A
2740,-0.2279,C
2741,2.3983,A
2742,-1.415,C
2743,-0.4038,A
2744,1.2858,C
2745,-1.3836,C
2746,0.7686,A
2747,1.3171,A
2748,1.3178,C
2749,2.0607,A
2750,-0.0376,B
2751,-1.0313,C
2752,0.3763,B
2753,-1.0348,C
2754,1.0528,B
2755,-0.2485,B
2756,1.5723,B
2757,0.6817,B
2758,-0.9484,A
2759,0.8801,C
2760,-0.647,B
2761,-0.973,C
2762,-0.5829,B
2763,0.4847,A
2764,0.7253,B
2765,-0.844,C
2766,-1.3742,A
2767,-1.5434,C
2768,-0.5153,C
2769,0.9932,B
2770,0.5556,A
2771,1.7535,B
2772,-0.5931,A
2773,0.1387,A
2774,-0.6886,A
2775,0.3434,B
2776,-1.6565,C
2777,0.0716,A
2778,-0.9955,C
2779,-0.3955,A
2780,-0.3298,C
2781,0.918,C
2782,-1.6923,C
2783,-1.1613,C
2784,-0.5163,B
2785,-1.8357,C
2786,0.4341,C
2787,-1.6925,A
2788,-0.7941,B
2789,-0.9009,B
2790,1.0539,A
2791,0.3374,A
2792,0.2335,A
2793,-2.1009,B
2794,0.0491,B
2795,-1.2528,B
2796,-1.1501,C
2797,-0.4652,B
2798,-1.0327,A
2799,-0.1279,C
2800,-0.5038,C
2801,-0.2294,A
2802,0.4384,C
2803,0.644,A
2804,0.5241,B
2805,0.1814,C
2806,-2.8954,B
2807,0.1816,A
2808,-0.9566,C
2809,0.4851,B
2810,-0.4134,C
2811,0.1626,A
2812,-0.6915,B
2813,-0.8545,A
2814,0.1422,B
2815,-0.1051,C
2816,-1.5376,C
2817,-0.1857,C
2818,-0.1973,A
2819,0.5414,A
2820,-0.0544,B
2821,0.2763,A
2822,-0.5839,C
2823,-0.5709,C
2824,0.3842,A
2825,0.2963,B
2826,-1.142,C
2827,-1.5175,A
2828,0.773,B
2829,1.6065,C
2830,0.6398,B
2831,0.6453,A
2832,0.7224,C
2833,-0.214,A
2834,-0.4914,A
2835,-0.4651,C
2836,-0.1332,A
2837,-0.415,A
2838,-2.336,A
2839,-0.5902,C
2840,0.372,A
2841,0.4678,B
2842,-1.2605,C
2843,-1.1134,A
2844,-0.3428,B
2845,-2.0058,B
2846,-0.5376,C
2847,-1.9811,B
2848,-0.0526,B
2849,-1.0893,B
2850,-0.832,A
2851,1.0714,B
2852,0.825,C
2853,0.3589,C
2854,-2.5866,B
2855,-0.9123,A
2856,-0.1653,B
2857,0.6215,A
2858,0.332,C
2859,-2.2673,A
2860,-1.6577,B
2861,0.138,A
2862,-0.5888,A
2863,0.2195,C
2864,-1.1741,C
2865,0.6604,B
2866,0.1995,C
2867,1.369,C
2868,1.1443,B
2869,-1.2284,C
2870,-1.65,C
2871,-0.3645,C
2872,0.6586,C
2873,1.157,B
2874,-0.7575,B
2875,-1.6012,B
2876,-0.47,A
2877,-1.0246,A
2878,1.0329,C
2879,-0.3004,B
2880,0.2749,C
2881,-1.9302,A
2882,0.5723,A
2883,0.7973,B
2884,-1.6967,B
2885,1.3076,A
2886,-0.5698,C
2887,0.0167,A
2888,0.1084,B
2889,-1.0469,A
2890,1.8805,C
2891,0.2316,B
2892,-1.2076,A
2893,-0.5617,C
2894,0.3886,B
2895,0.6711,A
2896,0.3436,C
2897,-0.7376,A
2898,0.3066,B
2899,-0.1827,B
2900,0.9458,C
2901,0.5201,C
2902,0.4202,B
2903,1.2975,C
2904,1.9549,B
2905,0.7994,C
2906,-0.8615,B
2907,-1.355,B
2908,0.5913,C
2909,1.107,A
2910,1.6378,A
2911,-0.5617,C
2912,0.5978,B
2913,-1.2394,C
2914,0.9151,C
2915,-0.27,B
2916,1.5338,C
2917,-0.6053,B
2918,1.5464,C
2919,-0.2688,C
2920,1.9733,A
2921,1.4368,B
2922,-0.1368,C
2923,-0.397,A
2924,-1.6836,B
2925,1.0256,A
2926,-0.4441,C
2927,0.5174,C
2928,0.6036,A
2929,0.5479,C
2930,0.349,C
2931,-0.0299,A
2932,0.0965,B
2933,0.4025,B
2934,-0.2722,B
2935,0.244,A
2936,-1.3325,A
2937,1.1457,C
2938,-1.1692,B
2939,-0.8016,A
2940,-0.5991,B
2941,-2.696,B
2942,0.7458,B
2943,0.3931,B
2944,-0.9802,B
2945,-0.2832,B
2946,1.4219,A
2947,0.3487,B
2948,1.1343,B
2949,0.6697,A
2950,1.1552,A
2951,-0.7882,B
2952,1.0236,A
2953,0.7799,A
2954,0.525,C
2955,0.1292,C
2956,0.566,A
2957,-1.2461,A
2958,1.3414,B
2959,0.5674,B
2960,0.9099,A
2961,1.5257,C
2962,1.4352,C
2963,-0.0579,A
2964,0.068,A
2965,-1.0752,B
2966,1.1875,B
2967,0.0589,A
2968,-0.4017,B
2969,0.317,A
2970,-1.7576,B
2971,-0.1785,C
2972,-0.4209,C
2973,1.3755,C
2974,0.0483,B
2975,-0.5551,A
2976,0.7351,B
2977,1.467,B
2978,1.9129,A
2979,-1.7202,B
2980,1.9154,A
2981,0.9218,B
2982,1.1939,B
2983,0.8033,C
2984,-0.4925,A
2985,-0.5572,A
2986,0.0876,C
2987,-1.4583,A
2988,0.0023,B
2989,-1.5559,B
2990,0.6197,B
2991,0.1717,C
2992,0.4911,A
2993,-0.0732,A
2994,-0.905,C
2995,-0.9187,B
2996,0.9415,C
2997,0.4019,B
2998,-1.1186,C
2999,2.7368,B
3000,0.7606,A
3001,2.1841,A
3002,-0.7518,C
3003,-0.6053,B
3004,-0.8495,B
3005,0.1233,C
3006,-0.6885,B
3007,1.9984,B
3008,0.2395,B
3009,0.2119,C
3010,1.1028,A
3011,1.6034,C
3012,0.8901,A
3013,-0.2639,A
3014,-0.0631,A
3015,0.915,B
3016,-0.022,C
3017,-0.2474,A
3018,-0.4792,C
3019,0.7764,A
3020,0.8641,A
3021,0.8584,A
3022,1.4359,B
3023,0.6403,C
3024,0.5655,B
3025,-1.6732,B
3026,0.807,A
3027,-0.0217,C
3028,0.3009,C
3029,1.3287,B
3030,-1.216,A
3031,0.4907,B
3032,-0.7896,A
3033,-0.3593,A
3034,-1.3038,C
3035,0.5478,A
3036,-0.9978,B
3037,-0.4765,B
3038,0.7708,C
3039,-0.0156,C
3040,1.5808,C
3041,-2.1334,A
3042,0.2357,A
3043,0.0064,B
3044,1.3604,C
3045,-0.1317,C
3046,-0.1116,C
3047,-0.4828,B
3048,0.4487,B
3049,-2.4296,A
3050,0.8443,C
3051,-1.1022,B
3052,1.1588,B
3053,-1.0495,C
3054,-0.7429,B
3055,-1.4079,A
3056,0.9519,A
3057,1.3165,C
3058,-1.4088,B
3059,-0.6053,A
3060,0.326,C
3061,-0.8346,B
3062,0.3353,B
3063,-1.4447,A
3064,-0.5283,A
3065,0.7952,A
3066,-0.7076,C
3067,-0.8215,A
3068,0.0336,A
3069,0.279,A
3070,0.2649,C
3071,-0.5483,A
3072,-0.7831,B
3073,0.4855,C
3074,-2.3487,A
3075,-1.5291,C
3076,-1.2572,B
3077,0.9768,A
3078,0.7278,A
3079,0.7937,B
3080,1.2454,A
3081,-0.5948,A
3082,-0.0264,A
3083,-0.8835,B
3084,-0.3031,B
3085,-0.2423,B
3086,0.4489,B
3087,-0.011,B
3088,0.6263,B
3089,0.8918,A
3090,2.5277,A
3091,-0.887,A
3092,0.8819,B
3093,0.7572,B
3094,-0.7843,B
3095,-0.8,A
3096,0.0153,C
3097,-1.8992,C
3098,-0.0122,A
3099,0.8414,A
3100,-3.2436,A
3101,0.4501,A
3102,-2.1797,B
3103,0.5404,A
3104,-0.1518,A
3105,-0.7675,C
3106,0.3781,A
3107,1.1297,C
3108,-1.8808,B
3109,0.1561,B
3110,-0.8472,A
3111,-0.4453,A
3112,-0.4061,A
3113,0.2262,B
3114,-1.0677,A
3115,-1.4246,B
3116,-1.3643,B
3117,0.306,C
3118,-1.1755,C
3119,0.5742,C
3120,0.4766,A
3121,-1.2059,A
3122,1.1179,C
3123,1.0856,A
3124,-0.8592,C
3125,-1.72,C
3126,-0.4408,B
3127,-0.4341,B
3128,-0.4885,C
3129,0.8405,A
3130,-0.084,C
3131,0.4462,B
3132,0.6082,C
3133,0.0563,B
3134,-0.0164,C
3135,1.218,B
3136,0.3448,B
3137,-0.9467,B
3138,0.6811,C
3139,-1.3644,A
3140,-0.7215,B
3141,0.6355,A
3142,-1.1772,B
3143,0.2112,C
3144,-1.0558,A
3145,-0.8474,A
3146,0.8963,C
3147,-0.102,C
3148,0.578,C
3149,-2.322,A
3150,1.6791,A
3151,0.9267,C
3152,0.4872,C
3153,-1.1671,A
3154,-0.355,B
3155,0.4801,C
3156,0.2479,B
3157,-0.4841,B
3158,1.3384,C
3159,-0.6465,C
3160,-0.5883,C
3161,-0.166,B
3162,0.4974,B
3163,-0.6708,C
3164,0.9763,A
3165,-1.224,C
3166,1.0894,C
3167,-0.2413,B
3168,-1.0553,B
3169,0.3213,C
3170,-0.3363,B
3171,0.0558,A
3172,1.3364,B
3173,1.2373,B
3174,-0.3046,C
3175,-1.4527,B
3176,0.0111,B
3177,-0.7001,A
3178,-0.0086,C
3179,0.6789,C
3180,-0.7398,B
3181,-0.2931,B
3182,-1.8573,A
3183,1.4486,C
3184,2.1614,C
3185,-0.0382,B
3186,-0.5505,C
3187,0.7098,A
3188,2.4287,C
3189,-0.6575,A
3190,0.0844,A
3191,-0.6896,A
3192,0.1446,B
3193,0.6504,A
3194,0.1713,B
3195,-1.4389,C
3196,0.5779,B
3197,-0.3642,B
3198,0.5471,C
3199,-0.5526,B
3200,-0.9941,C
3201,-0.5161,A
3202,1.1408,A
3203,0.4633,C
3204,2.0417,C
3205,0.4102,C
3206,-0.2599,B
3207,-0.9812,B
3208,-1.0121,B
3209,-0.764,A
3210,-0.2883,C
3211,-1.8785,A
3212,0.8606,C
3213,1.8893,A
3214,0.9025,C
3215,0.5748,B
3216,-0.1529,A
3217,-0.9895,A
3218,-1.104,A
3219,-1.7126,A
3220,-1.8998,A
3221,-1.2047,B
3222,0.7149,B
3223,-1.3061,B
3224,-0.016,C
3225,-1.1025,C
3226,-1.5065,A
3227,0.1902,C
3228,-1.1872,B
3229,-0.2392,A
3230,0.6826,C
3231,-0.3565,B
3232,-0.622,C
3233,0.0829,C
3234,1.4059,A
3235,-1.0074,C
3236,0.8647,B
3237,0.8839,B
3238,-1.146,C
3239,-0.704,C
3240,-0.0888,A
3241,-0.6259,A
3242,0.4663,B
3243,0.3856,B
3244,-0.5498,C
3245,-0.2022,C
3246,0.5943,B
3247,0.1255,B
3248,-0.8628,C
3249,-1.2023,B
3250,2.4958,B
3251,-0.0672,B
3252,1.2044,B
3253,0.2106,B
3254,0.1902,B
3255,1.726,A
3256,-1.3689,A
3257,-0.1201,B
3258,0.0686,A
3259,-0.0015,B
3260,1.4324,C
3261,-0.1523,A
3262,-0.4377,A
3263,-0.4148,C
3264,-1.6415,B
3265,0.0832,B
3266,-0.6433,A
3267,0.1393,A
3268,0.1257,B
3269,-1.4008,B
3270,-1.0151,B
3271,-0.9389,B
3272,-0.8057,C
3273,-1.067,B
3274,1.1186,A
3275,-0.5141,A
3276,0.8699,A
3277,-0.4638,B
3278,-0.1709,C
3279,0.8493,B
3280,1.0599,C
3281,1.2997,B
3282,0.2647,A
3283,0.8767,B
3284,0.6732,A
3285,-0.4045,C
3286,-0.5658,B
3287,0.1738,A
3288,-1.007,C
3289,-2.3437,B
3290,-0.0279,C
3291,-1.0115,B
3292,0.7987,A
3293,-1.5825,A
3294,1.1003,B
3295,-0.3582,A
3296,0.1087,C
3297,0.8847,B
3298,1.4576,B
3299,0.6687,C
3300,-1.2738,C
3301,-1.2183,B
3302,-0.8125,A
3303,1.0699,C
3304,-0.2951,C
3305,-1.2,B
3306,-0.7951,C
3307,-1.6391,B
3308,0.3102,A
3309,0.2526,A
3310,0.4384,C
3311,1.753,B
3312,1.7265,B
3313,-0.0622,A
3314,-1.7591,A
3315,-0.1844,C
3316,1.4214,B
3317,-0.9564,B
3318,0.0425,A
3319,-0.2754,B
3320,-2.004,C
3321,-0.7318,A
3322,-2.039,C
3323,-0.3209,B
3324,-0.5668,C
3325,-1.1835,C
3326,-0.6045,A
3327,-0.2149,C
3328,0.1167,C
3329,-0.4229,A
3330,-0.5558,C
3331,0.3684,A
3332,2.6817,C
3333,-0.2643,C
3334,-0.8451,A
3335,-0.4787,A
3336,0.2564,C
3337,-0.765,C
3338,1.9135,A
3339,0.4602,C
3340,0.0712,A
3341,-1.3096,B
3342,-0.9787,A
3343,-0.4592,C
3344,-2.1733,C
3345,1.0791,B
3346,1.5116,A
3347,0.2102,A
3348,-0.5114,A
3349,-1.5099,B
3350,-1.2345,A
3351,-0.7043,B
3352,1.6767,C
3353,1.5745,A
3354,-1.2062,C
3355,-1.9973,C
3356,0.3155,B
3357,1.1971,B
3358,-1.0645,A
3359,1.7597,C
3360,0.1998,A
3361,1.2511,B
3362,0.347,A
3363,1.1659,B
3364,-0.228,C
3365,-0.6278,C
3366,0.551,C
3367,0.7043,A
3368,0.5237,B
3369,-1.2768,B
3370,0.8611,B
3371,0.28,B
3372,-0.2157,C
3373,-0.3151,B
3374,0.2411,B
3375,-1.7141,C
3376,-0.2819,A
3377,0.8639,A
3378,-0.6029,B
3379,-0.3831,C
3380,0.4134,B
3381,0.3787,A
3382,0.8242,C
3383,-0.5018,A
3384,-2.1592,A
3385,-0.0749,C
3386,0.0115,C
3387,0.3865,B
3388,0.8152,C
3389,0.0881,A
3390,-0.5288,B
3391,0.0742,A
3392,-0.2515,B
3393,-0.8878,B
3394,-1.3627,B
3395,0.3194,C
3396,0.7706,C
3397,-0.191,C
3398,-0.5829,B
3399,0.5349,C
3400,1.2214,A
3401,-0.1137,A
3402,1.8958,B
3403,0.4322,C
3404,-0.8202,A
3405,0.2598,C
3406,-1.2275,B
3407,-0.739,B
3408,0.4655,B
3409,1.7582,C
3410,-0.8435,C
3411,0.1499,C
3412,-1.5646,B
3413,2.4784,A
3414,-1.4909,C
3415,0.8042,C
3416,0.6247,A
3417,-0.513,C
3418,-0.4736,B
3419,-1.873,C
3420,1.2367,C
3421,0.8275,C
3422,-1.2252,B
3423,-0.1998,B
3424,-0.0739,B
3425,1.2095,B
3426,0.4679,A
3427,0.3876,B
3428,-0.8166,B
3429,-0.3967,C
3430,0.6357,C
3431,1.6443,B
3432,1.7489,B
3433,0.1106,A
3434,0.4215,A
3435,-0.292,B
3436,0.0994,C
3437,0.8232,C
3438,0.0211,A
3439,-0.0885,C
3440,0.5997,B
3441,0.3151,B
3442,0.9087,C
3443,-1.4875,B
3444,0.8651,B
3445,-0.9531,B
3446,-0.9574,A
3447,1.7217,B
3448,1.9581,B
3449,-0.7226,C
3450,1.2988,A
3451,0.1372,A
3452,1.1602,B
3453,-0.4284,C
3454,-1.0656,C
3455,-0.758,A
3456,-0.3167,B
3457,0.956,C
3458,0.5729,A
3459,-0.5433,C
3460,0.5076,A
3461,-0.67,A
3462,1.5862,B
3463,-0.8958,A
3464,-1.2919,A
3465,0.6668,C
3466,0.4919,B
3467,-0.831,C
3468,1.0359,A
3469,1.3194,B
3470,-1.4607,B
3471,2.5292,C
3472,-0.7435,B
3473,-0.2484,B
3474,-0.617,B
3475,-0.1942,B
3476,2.2312,C
3477,-0.0429,C
3478,2.0614,B
3479,1.2228,C
3480,-3.3726,C
3481,-2.0678,B
3482,-1.7463,A
3483,-0.0545,C
3484,0.0973,C
3485,-0.1351,C
3486,1.6584,C
3487,0.9526,C
3488,-0.9357,C
3489,-1.2085,A
3490,0.2612,C
3491,-0.445,C
3492,0.9722,B
3493,1.7341,C
3494,0.4474,A
3495,-2.1782,B
3496,-0.0197,C
3497,-0.3755,C
3498,-0.2139,B
3499,0.2353,B
3500,0.5202,C
3501,-0.4697,A
3502,-0.6153,B
3503,0.1475,B
3504,-0.8428,C
3505,1.0827,A
3506,2.1809,C
3507,3.2849,C
3508,-0.8024,A
3509,-0.8566,C
3510,0.4965,B
3511,-2.3095,B
3512,-1.9811,A
3513,1.4008,A
3514,1.6796,B
3515,0.5536,A
3516,0.6427,B
3517,0.6498,A
3518,0.4757,A
3519,0.2292,C
3520,0.2112,A
3521,0.1335,B
3522,1.3236,A
3523,-0.8915,A
3524,-0.0472,C
3525,0.2683,B
3526,0.4845,A
3527,-0.3077,A
3528,-0.3604,A
3529,-1.2477,A
3530,0.8139,B
3531,0.1179,C
3532,0.5177,C
3533,-0.9707,C
3534,0.1534,B
3535,-0.4956,B
3536,0.8529,C
3537,1.3646,B
3538,0.6826,A
3539,-0.3144,C
3540,-0.5351,B
3541,-0.7935,B
3542,1.8304,A
3543,0.7987,C
3544,-1.0554,C
3545,-0.9622,A
3546,-1.1421,C
3547,0.5724,C
3548,-0.6828,C
3549,-0.7064,C
3550,1.3114,C
3551,0.2175,A
3552,-0.2421,A
3553,-1.1295,C
3554,0.7984,B
3555,0.5355,C
3556,-1.2106,B
3557,-1.0011,C
3558,-1.4761,B
3559,0.3141,B
3560,0.5089,A
3561,1.0685,A
3562,-1.0407,B
3563,-0.2399,A
3564,-0.314,B
3565,0.1051,B
3566,1.6406,A
3567,-0.9802,B
3568,-1.0457,C
3569,1.1716,A
3570,-1.4617,A
3571,1.0434,A
3572,0.369,B
3573,-2.0414,C
3574,-0.8793,C
3575,-2.534,A
3576,-0.8689,A
3577,-2.1046,B
3578,0.2368,B
3579,-0.155,A
3580,0.1512,C
3581,-0.4375,C
3582,-0.5293,B
3583,-0.2527,A
3584,-1.5539,B
3585,0.4911,B
3586,-0.0201,A
3587,-0.496,A
3588,0.8448,C
3589,0.1316,B
3590,-1.5546,B
3591,0.0324,B
3592,0.4099,A
3593,2.2105,B
3594,-0.0353,B
3595,1.5503,B
3596,-0.0289,A
3597,-0.7521,A
3598,0.2314,A
3599,-0.2141,A
3600,-0.2574,B
3601,-1.1029,A
3602,-0.18,B
3603,-0.0661,C
3604,-0.9278,A
3605,-0.8391,B
3606,0.145,A
3607,-0.5949,B
3608,0.2526,A
3609,-3.2227,C
3610,-0.0793,B
3611,-1.2029,C
3612,1.1852,B
3613,1.3902,B
3614,-0.2071,B
3615,-0.1602,C
3616,0.7277,C
3617,-0.817,B
3618,0.2883,A
3619,-0.987,A
3620,-1.6717,B
3621,0.5174,A
3622,0.5086,A
3623,1.3671,C
3624,0.9424,A
3625,0.5872,C
3626,-0.9468,A
3627,-0.3948,B
3628,1.4694,B
3629,-0.4198,C
3630,-0.7952,B
3631,-0.3881,C
3632,0.9577,B
3633,-0.5379,B
3634,-0.8655,A
3635,0.4851,C
3636,0.1519,C
3637,0.594,A
3638,1.1671,B
3639,-0.5159,A
3640,2.3487,C
3641,-0.9,A
3642,1.2318,A
3643,1.4998,C
3644,-0.9752,A
3645,0.914,B
3646,1.3712,C
3647,-1.3012,C
3648,-0.1986,A
3649,1.3402,B
3650,0.7674,A
3651,0.8247,A
3652,0.6019,A
3653,0.495,A
3654,-1.8987,C
3655,-1.6532,B
3656,-0.8855,A
3657,-0.7761,B
3658,0.0467,C
3659,1.0059,B
3660,-0.3996,B
3661,0.2125,C
3662,-0.1667,C
3663,0.3574,B
3664,-0.9406,A
3665,1.4447,A
3666,-0.4387,A
3667,1.142,B
3668,0.8953,B
3669,-0.7758,C
3670,0.8074,A
3671,-0.9749,A
3672,1.6872,B
3673,-1.0677,B
3674,-0.1669,B
3675,-0.224,B
3676,0.893,B
3677,0.3015,A
3678,-0.4731,A
3679,0.4762,C
3680,0.6195,C
3681,1.2086,A
3682,1.0626,C
3683,-0.4513,B
3684,0.7888,A
3685,-0.2758,C
3686,-1.703,A
3687,-0.3936,A
3688,-0.3677,A
3689,-0.5663,C
3690,-0.4676,C
3691,-2.2626,B
3692,-0.0324,B
3693,-0.2921,C
3694,0.5114,C
3695,-1.5929,A
3696,-0.4629,A
3697,0.2562,A
3698,-0.9084,C
3699,0.21,A
3700,0.0154,B
3701,-0.605,B
3702,-0.782,B
3703,0.0031,A
3704,-0.2175,C
3705,1.71,B
3706,0.4801,C
3707,0.3528,B
3708,-0.5741,B
3709,1.8823,C
3710,0.6628,C
3711,2.0098,A
3712,1.8859,B
3713,0.5892,C
3714,0.2177,C
3715,-2.0329,A
3716,0.1634,A
3717,0.889,C
3718,-1.1132,C
3719,-1.5951,B
3720,-1.2194,B
3721,1.5464,B
3722,-1.9783,C
3723,1.5949,A
3724,-1.7959,C
3725,1.6891,B
3726,-1.6014,C
3727,-0.5195,C
3728,0.5702,A
3729,-1.4447,B
3730,1.3967,C
3731,-0.503,A
3732,-1.1983,B
3733,-0.08,B
3734,-2.3276,C
3735,0.0972,C
3736,-1.8531,C
3737,-0.3148,B
3738,-1.2368,A
3739,-1.1579,C
3740,1.082,C
3741,-0.3328,A
3742,0.6811,B
3743,-0.9104,B
3744,0.0872,C
3745,1.774,C
3746,-0.2566,B
3747,0.2419,B
3748,0.8221,A
3749,-0.973,C
3750,0.2453,B
3751,-2.2766,A
3752,0.191,A
3753,0.7645,B
3754,-1.6093,C
3755,-0.2599,B
3756,-0.3158,B
3757,-0.6347,A
3758,-1.5034,C
3759,-1.4123,C
3760,-1.5992,B
3761,1.405,B
3762,-0.5407,C
3763,1.466,A
3764,0.3995,A
3765,1.3033,B
3766,-0.6836,A
3767,1.0956,B
3768,0.6455,B
3769,0.3457,A
3770,0.0348,A
3771,-0.0517,C
3772,1.0771,B
3773,0.0196,C
3774,-0.7268,B
3775,0.4418,B
3776,0.6176,C
3777,-2.3176,A
3778,0.1246,A
3779,0.5121,B
3780,0.7843,A
3781,1.1213,C
3782,2.18,B
3783,0.4789,C
3784,-0.3138,B
3785,0.2404,A
3786,0.8257,C
3787,1.3692,A
3788,0.0423,B
3789,-0.2015,A
3790,-0.445,A
3791,0.3879,A
3792,-0.4605,C
3793,-0.0869,C
3794,0.7621,B
3795,-0.0218,B
3796,-0.1195,A
3797,0.5738,A
3798,-1.7323,A
3799,-0.0396,B
3800,-0.6934,B
3801,-1.5059,A
3802,0.5149,A
3803,0.7276,A
3804,0.7748,C
3805,-0.9323,A
3806,-0.5967,A
3807,-0.0821,A
3808,-1.3131,C
3809,-0.5364,B
3810,-0.3533,C
3811,-0.5509,B
3812,-1.9185,C
3813,1.9476,A
3814,-0.2839,C
3815,0.3634,A
3816,0.4571,B
3817,1.1227,A
3818,-0.3272,C
3819,-1.7096,C
3820,0.4487,A
3821,1.1412,B
3822,-0.087,A
3823,-0.7062,C
3824,0.1645,A
3825,-0.2559,C
3826,1.1252,B
3827,-1.296,C
3828,1.4059,A
3829,0.2234,B
3830,0.8847,A
3831,0.3453,B
3832,0.3277,A
3833,0.3525,C
3834,-0.848,B
3835,0.6999,A
3836,-2.4876,A
3837,-0.9272,C
3838,0.2051,B
3839,0.0525,B
3840,-2.5371,B
3841,0.581,A
3842,0.2346,B
3843,-0.136,C
3844,-0.2102,A
3845,0.6274,B
3846,-0.6854,B
3847,-0.3637,A
3848,-0.115,C
3849,1.3676,A
3850,-0.6101,C
3851,-0.7826,A
3852,2.1948,B
3853,1.213,C
3854,1.5168,C
3855,-2.0869,B
3856,-0.0906,A
3857,-0.947,B
3858,-1.1592,B
3859,-0.5584,B
3860,-0.3179,C
3861,0.1059,A
3862,1.0311,A
3863,-2.5635,A
3864,-0.6649,B
3865,1.186,B
3866,1.0152,C
3867,0.1588,C
3868,-0.6586,C
3869,-1.4381,A
3870,-0.7422,C
3871,0.9094,C
3872,1.8588,B
3873,-0.5042,B
3874,-0.5988,C
3875,-0.159,B
3876,-0.4861,A
3877,-0.4781,C
3878,-0.4189,B
3879,1.2358,B
3880,0.4962,B
3881,-0.2869,A
3882,-0.4191,B
3883,-0.6882,C
3884,1.681,C
3885,0.1491,C
3886,-1.4761,A
3887,0.3365,A
3888,-0.1188,C
3889,1.375,C
3890,0.8277,A
3891,1.2,A
3892,1.7139,B
3893,-0.3077,B
3894,-0.3135,A
3895,-1.0969,B
3896,0.9112,A
3897,1.2592,A
3898,0.7794,B
3899,0.0766,B
3900,-0.5353,C
3901,1.0505,C
3902,1.0963,C
3903,-0.8511,A
3904,0.0879,C
3905,1.8719,A
3906,1.5616,A
3907,0.415,A
3908,1.6607,B
3909,0.6227,B
3910,0.5304,B
3911,-0.4435,A
3912,0.228,B
3913,-0.0278,C
3914,-0.4095,A
3915,1.2615,C
3916,0.5103,C
3917,-1.6013,C
3918,-0.6537,B
3919,-0.4034,A
3920,-0.5818,A
3921,1.6968,C
3922,1.8286,A
3923,-0.8686,B
3924,0.1046,B
3925,-0.7097,A
3926,0.2053,A
3927,0.0767,B
3928,-0.4112,B
3929,0.2893,A
3930,-0.5594,C
3931,1.2518,C
3932,0.442,B
3933,-1.3273,B
3934,1.7107,C
3935,-1.1423,B
3936,-1.4709,A
3937,-0.7849,A
3938,-1.0732,B
3939,-0.3094,B
3940,1.4871,C
3941,1.5448,B
3942,0.629,C
3943,1.2526,C
3944,-1.2523,A
3945,-1.1505,A
3946,-0.3376,A
3947,1.3905,C
3948,0.3741,C
3949,0.6509,B
3950,-0.7954,A
3951,0.5443,B
3952,-0.3436,A
3953,1.408,B
3954,-2.3079,C
3955,1.747,A
3956,-1.0493,C
3957,-0.8569,A
3958,-0.9331,A
3959,-1.3042,A
3960,-2.0814,C
3961,0.7393,B
3962,1.1042,A
3963,-1.5587,A
3964,-0.8169,C
3965,-0.5282,C
3966,-1.0268,B
3967,-0.1908,C
3968,0.8442,A
3969,0.1812,B
3970,1.94,C
3971,-0.5898,B
3972,0.6248,A
3973,-1.8258,B
3974,2.0405,A
3975,2.2858,A
3976,1.2934,B
3977,1.0671,C
3978,-0.999,B
3979,-0.479,A
3980,-1.4027,B
3981,-0.1417,A
3982,-0.6105,B
3983,-1.507,B
3984,-0.0134,C
3985,-1.2651,A
3986,1.7204,B
3987,-2.3186,A
3988,-0.0445,A
3989,0.7311,A
3990,-0.2645,C
3991,2.0351,C
3992,0.6968,B
3993,1.5626,A
3994,-1.655,A
3995,-1.4288,C
3996,0.9867,A
3997,1.5165,B
3998,-1.9851,B
3999,0.3221,A
4000,-0.4904,C
4001,-0.9494,C
4002,-0.5078,A
4003,1.6599,A
4004,-0.9665,B
4005,-0.8591,B
4006,-1.0566,C
4007,0.2753,B
4008,-0.5339,A
4009,-0.0956,A
4010,-1.2216,A
4011,-1.5015,B
4012,-0.0372,A
4013,0.6725,A
4014,1.3979,C
4015,-1.5338,C
4016,-1.9683,A
4017,1.1853,B
4018,-2.0113,B
4019,0.4887,A
4020,0.5442,A
4021,-0.0728,A
4022,-0.1299,A
4023,1.0463,B
4024,0.983,A
4025,0.2219,C
4026,-0.352,A
4027,-0.7922,B
4028,0.3587,C
4029,0.5799,A
4030,-2.1779,B
4031,-0.909,B
4032,1.0775,B
4033,-1.1433,A
4034,-0.185,B
4035,-0.3334,C
4036,0.8845,A
4037,1.5173,C
4038,-0.1876,C
4039,-0.5874,A
4040,0.6787,A
4041,0.3907,C
4042,-1.3632,A
4043,0.3291,B
4044,0.6337,B
4045,-0.0346,A
4046,0.4328,A
4047,0.3915,B
4048,-1.4545,A
4049,-0.2554,B
4050,1.0607,C
4051,-0.0567,C
4052,-1.617,B
4053,-0.1072,B
4054,0.7701,C
4055,-1.0176,C
4056,0.0301,B
4057,-1.253,B
4058,0.7398,A
4059,-0.3075,A
4060,-0.7617,B
4061,-0.9141,C
4062,-0.4594,C
4063,0.3239,B
4064,0.2106,B
4065,-0.5603,B
4066,1.8978,A
4067,1.1374,B
4068,1.8078,A
4069,-0.4506,A
4070,0.5064,A
4071,-0.5189,B
4072,0.0777,A
4073,-0.5853,A
4074,1.4312,B
4075,-0.0502,C
4076,-2.3262,C
4077,-0.5612,C
4078,1.0439,B
4079,-2.0132,C
4080,-0.0034,C
4081,0.4663,B
4082,2.0865,C
4083,-0.4489,A
4084,0.933,B
4085,-0.4706,B
4086,-0.2057,C
4087,0.5452,B
4088,1.2395,C
4089,-0.4264,C
4090,0.6813,C
4091,0.4048,C
4092,0.0036,B
4093,-1.411,C
4094,-2.5127,B
4095,0.2402,A
4096,-0.4842,B
4097,2.5125,B
4098,-0.7803,A
4099,-1.2962,C
4100,-0.5777,B
4101,0.8668,B
4102,-0.044,B
4103,0.9672,B
4104,-0.2681,B
4105,-0.3664,A
4106,-1.4329,B
4107,-0.4252,B
4108,0.5273,C
4109,0.832,B
4110,0.3575,C
4111,-0.2841,B
4112,-0.2206,A
4113,-1.7334,A
4114,1.7158,A
4115,-2.2979,B
4116,1.273,C
4117,-0.2899,B
4118,1.024,B
4119,0.7936,C
4120,0.6962,A
4121,-0.9325,B
4122,0.2902,B
4123,0.332,A
4124,2.0499,B
4125,0.69,B
4126,-0.0653,B
4127,1.1097,B
4128,0.4147,B
4129,1.2612,B
4130,-0.072,B
4131,0.2108,B
4132,1.1309,C
4133,-0.5834,C
4134,-0.2402,B
4135,-0.4006,A
4136,1.1417,B
4137,0.4363,B
4138,1.2015,C
4139,0.2094,C
4140,-0.9134,C
4141,0.321,C
4142,0.7221,A
4143,-1.2601,C
4144,-0.3102,C
4145,-0.3956,B
4146,0.5514,C
4147,0.2968,A
4148,-1.362,C
4149,0.1946,B
4150,0.3914,B
4151,1.6061,A
4152,-0.6978,A
4153,1.0677,C
4154,0.1958,C
4155,0.1129,B
4156,-0.8682,A
4157,1.5171,A
4158,-1.4099,A
4159,0.0785,A
4160,-1.6572,C
4161,0.9199,B
4162,0.2966,C
4163,-0.7803,C
4164,0.9908,B
4165,1.3665,B
4166,0.0001,A
4167,0.9014,A
4168,-0.5248,A
4169,1.0721,B
4170,-0.3711,C
4171,-0.1426,A
4172,0.2606,C
4173,-0.9079,B
4174,0.9176,C
4175,0.8392,B
4176,0.0418,B
4177,-0.2426,C
4178,0.2121,A
4179,1.1047,C
4180,-0.2082,C
4181,0.8203,C
4182,-0.2989,A
4183,-1.1151,A
4184,0.0878,C
4185,0.0477,A
4186,-1.2372,B
4187,-0.551,B
4188,1.3881,B
4189,2.4038,B
4190,0.3239,A
4191,-1.4961,A
4192,-0.1433,A
4193,2.5449,A
4194,0.798,A
4195,-0.0309,C
4196,0.6844,A
4197,-0.653,A
4198,-0.1679,B
4199,0.0101,A
4200,0.2415,C
4201,-0.014,C
4202,0.4244,C
4203,-0.7178,B
4204,0.9496,B
4205,-0.055,B
4206,-1.8209,A
4207,-0.5885,B
4208,0.564,C
4209,-0.1286,B
4210,0.1531,B
4211,0.5032,B
4212,0.82,B
4213,0.4132,A
4214,-0.0524,A
4215,-1.9878,A
4216,0.1105,C
4217,-0.5898,B
4218,-0.2801,C
4219,-0.9565,C
4220,-0.4649,B
4221,1.0509,B
4222,0.7117,B
4223,0.4174,B
4224,-0.7193,A
4225,0.6876,C
4226,0.4309,B
4227,-0.7411,A
4228,1.1746,C
4229,-0.9955,C
4230,0.2795,B
4231,-0.9666,C
4232,1.1106,B
4233,-0.7837,C
4234,0.2199,A
4235,1.2737,C
4236,-0.9921,B
4237,0.8988,C
4238,1.638,C
4239,1.2741,C
4240,1.1482,A
4241,0.2587,A
4242,-0.9914,C
4243,0.26,A
4244,0.4892,C
4245,0.7882,C
4246,0.8654,A
4247,-0.1289,C
4248,0.8718,B
4249,1.0397,C
4250,-0.7715,B
4251,1.5105,A
4252,-1.4714,C
4253,0.3364,A
4254,-0.5017,C
4255,-0.5614,B
4256,-2.5824,C
4257,0.4205,B
4258,0.073,A
4259,1.0987,C
4260,1.1494,C
4261,-1.7466,C
4262,0.4869,B
4263,0.988,A
4264,0.2454,A
4265,-1.4145,A
4266,-0.0815,A
4267,0.1788,C
4268,0.3721,B
4269,-0.5287,B
4270,1.1448,C
4271,-0.6062,C
4272,0.5302,B
4273,0.8983,B
4274,-2.4127,A
4275,0.7242,C
4276,0.0046,A
4277,0.0559,A
4278,2.3995,B
4279,0.4936,C
4280,-1.5629,B
4281,0.0264,B
4282,-0.0457,C
4283,-1.4093,A
4284,-0.8794,C
4285,-0.3562,B
4286,-0.6034,B
4287,1.1079,C
4288,0.9315,B
4289,0.3079,A
4290,0.3051,B
4291,-0.6193,B
4292,3.1966,B
4293,1.4403,A
4294,0.6963,B
4295,-0.0974,A
4296,-0.427,A
4297,0.402,C
4298,-0.857,C
4299,1.2482,C
4300,0.5171,A
4301,0.7229,B
4302,0.2267,C
4303,0.7129,C
4304,-0.8116,A
4305,-0.8315,C
4306,-0.375,B
4307,-0.0393,C
4308,0.2792,B
4309,-0.3795,B
4310,1.8447,A
4311,-1.8586,C
4312,1.5155,B
4313,-0.4526,B
4314,0.3386,B
4315,-0.1279,C
4316,-1.3178,B
4317,-1.104,C
4318,-1.729,A
4319,0.1784,A
4320,0.096,B
4321,1.3271,A
4322,-0.2908,B
4323,-0.3089,A
4324,0.3037,C
4325,-1.0628,A
4326,0.1527,B
4327,0.3909,C
4328,-0.8723,A
4329,1.0591,A
4330,0.6756,B
4331,-0.267,B
4332,-0.3615,A
4333,0.2698,B
4334,-1.6417,A
4335,0.213,B
4336,-0.9896,B
4337,-0.8686,C
4338,-0.3471,B
4339,0.8011,B
4340,2.1485,C
4341,-1.5486,A
4342,1.1891,C
4343,0.3257,C
4344,0.037,A
4345,0.0243,C
4346,0.4125,B
4347,0.7585,B
4348,-0.4853,B
4349,-2.1425,B
4350,-0.8416,A
4351,1.1177,A
4352,-0.1536,B
4353,-0.4567,B
4354,0.4591,C
4355,0.0041,C
4356,0.6926,C
4357,1.1957,B
4358,0.0849,A
4359,1.0159,A
4360,-1.6943,C
4361,0.0063,C
4362,0.3739,B
4363,-1.1034,A
4364,1.2064,A
4365,-0.7994,B
4366,-0.7511,C
4367,-1.1428,A
4368,0.6122,C
4369,-0.4188,A
4370,-0.1949,A
4371,1.5751,C
4372,-0.5158,C
4373,0.9414,A
4374,-0.9959,A
4375,-0.2948,B
4376,1.2433,A
4377,-0.0399,B
4378,-0.9359,A
4379,0.8581,C
4380,-1.1032,A
4381,0.2223,B
4382,1.0002,C
4383,-1.5054,B
4384,-0.5387,C
4385,0.2433,A
4386,-0.3187,A
4387,0.4089,B
4388,-0.0866,A
4389,-0.4589,C
4390,-1.6177,B
4391,-1.759,A
4392,-1.9446,B
4393,-0.1253,A
4394,-0.9021,C
4395,1.6645,A
4396,1.5256,A
4397,-0.3108,C
4398,0.1969,B
4399,0.556,C
4400,1.781,C
4401,0.1519,B
4402,0.0865,C
4403,0.684,A
4404,0.4031,B
4405,0.3393,B
4406,1.2073,B
4407,1.0916,A
4408,-1.1179,B
4409,-1.0739,B
4410,1.178,A
4411,0.7973,B
4412,-0.2195,A
4413,0.23,B
4414,-0.8311,C
4415,-1.4531,A
4416,0.0648,C
4417,-2.5393,C
4418,-1.1524,C
4419,-0.6407,B
4420,0.3182,C
4421,0.2362,A
4422,-0.5152,A
4423,-1.4784,B
4424,-0.1654,A
4425,-1.8109,B
4426,-1.2496,A
4427,0.5422,C
4428,0.7309,A
4429,-0.2746,B
4430,1.2363,A
4431,0.6736,A
4432,-1.1037,C
4433,-0.6675,C
4434,-1.234,C
4435,0.22,C
4436,-1.5324,B
4437,1.796,C
4438,-1.087,C
4439,-1.2755,B
4440,-0.2493,A
4441,0.9882,B
4442,-1.8765,B
4443,0.2324,C
4444,0.1547,B
4445,1.1614,C
4446,0.5445,C
4447,1.1422,C
4448,-0.1179,B
4449,-0.1806,A
4450,-2.189,B
4451,-0.5499,B
4452,1.5895,B
4453,1.5133,A
4454,-0.2522,C
4455,0.2421,A
4456,-1.0563,A
4457,0.6387,C
4458,0.3363,A
4459,-2.4565,B
4460,-0.1173,C
4461,1.6951,C
4462,0.2806,B
4463,0.2343,A
4464,-0.1094,C
4465,-1.2852,C
4466,0.0197,C
4467,0.2518,A
4468,-0.9084,A
4469,-0.2256,C
4470,-0.3455,B
4471,-0.1707,B
4472,0.1962,B
4473,-0.1315,A
4474,0.8569,B
4475,1.2784,A
4476,-0.9658,C
4477,-0.6125,C
4478,-0.9632,C
4479,-0.2715,B
4480,-0.1051,B
4481,1.4852,A
4482,-0.0993,A
4483,0.7634,A
4484,0.9225,B
4485,-1.2982,B
4486,-1.4518,A
4487,2.2781,A
4488,0.1017,A
4489,0.4621,A
4490,-0.5523,B
4491,0.563,C
4492,-0.1777,A
4493,2.1108,A
4494,-0.0596,C
4495,-0.6408,A
4496,0.0229,C
4497,-0.6735,C
4498,1.3929,C
4499,1.4309,B
4500,-0.0319,C
4501,0.3416,B
4502,-0.6843,B
4503,-1.0516,C
4504,-1.755,A
4505,1.2752,C
4506,-0.6455,B
4507,-0.0562,A
4508,0.1063,C
4509,-0.3119,B
4510,-0.1307,B
4511,1.0783,A
4512,-0.8451,A
4513,0.0363,A
4514,-0.377,A
4515,1.1883,A
4516,-0.655,B
4517,2.8436,B
4518,0.9333,C
4519,1.356,B
4520,0.1679,B
4521,-1.2676,C
4522,0.5145,B
4523,1.2382,B
4524,0.2419,A
4525,-0.0987,C
4526,-2.0593,A
4527,1.9537,A
4528,1.0282,A
4529,0.018,B
4530,0.0245,A
4531,-0.3654,C
4532,-0.8062,C
4533,-0.7623,C
4534,1.6429,C
4535,0.3782,A
4536,-0.5845,A
4537,1.8019,B
4538,0.7172,B
4539,0.8898,C
4540,0.9988,A
4541,-0.0823,A
4542,1.339,B
4543,-0.4056,B
4544,0.7474,C
4545,0.2356,C
4546,-0.3738,B
4547,1.1364,C
4548,-0.5472,B
4549,1.0952,C
4550,0.8685,A
4551,-0.8856,A
4552,1.3442,C
4553,0.3974,B
4554,-1.2513,C
4555,-0.6985,C
4556,-0.2519,B
4557,0.8735,B
4558,-1.5044,C
4559,1.7369,B
4560,-1.0241,B
4561,-0.8599,B
4562,0.2109,C
4563,-0.5056,A
4564,-0.0179,C
4565,0.3687,C
4566,-1.1144,B
4567,1.4281,C
4568,0.8954,A
4569,-0.4617,B
4570,0.1503,A
4571,-0.6907,B
4572,-0.0041,A
4573,0.1212,B
4574,-0.2134,C
4575,-0.0384,A
4576,-0.479,B
4577,0.2236,A
4578,0.4302,A
4579,0.7968,A
4580,-0.9062,B
4581,-0.0344,C
4582,1.111,B
4583,-1.5754,B
4584,-0.455,B
4585,-2.6333,B
4586,-0.2233,C
4587,0.467,B
4588,0.3842,A
4589,-0.8836,C
4590,0.491,B
4591,0.3654,A
4592,-1.3,C
4593,-1.3598,C
4594,-1.3417,B
4595,-1.1,B
4596,-0.4894,C
4597,0.911,A
4598,-0.2609,A
4599,-1.1602,A
4600,1.3774,B
4601,-0.2858,A
4602,-0.252,C
4603,-1.8069,C
4604,-0.1219,B
4605,0.6137,A
4606,1.6421,B
4607,-0.4625,B
4608,-1.0606,B
4609,0.8391,B
4610,0.6318,A
4611,0.327,A
4612,-2.2214,A
4613,-0.9099,B
4614,0.2104,A
4615,-0.359,A
4616,-0.9251,C
4617,-0.5274,C
4618,0.4212,C
4619,0.795,C
4620,1.168,A
4621,0.7217,C
4622,1.2494,B
4623,-0.3963,C
4624,-0.0128,A
4625,-0.5207,B
4626,-0.6215,C
4627,0.0782,C
4628,0.7708,C
4629,-0.177,B
4630,1.7924,B
4631,0.7275,C
4632,0.7237,B
4633,-1.2713,A
4634,0.5776,A
4635,0.0869,B
4636,-0.053,B
4637,0.657,B
4638,-1.0896,A
4639,-1.666,B
4640,-0.8435,C
4641,0.0743,B
4642,-1.5835,A
4643,0.1925,B
4644,1.8029,B
4645,-0.256,C
4646,-0.4915,C
4647,-1.378,B
4648,-0.9742,C
4649,0.141,B
4650,0.4395,B
4651,0.2824,B
4652,-0.0282,C
4653,-0.0766,C
4654,0.3293,B
4655,-0.2985,C
4656,0.3426,A
4657,0.264,B
4658,1.0819,B
4659,-1.3107,C
4660,0.2923,A
4661,1.0827,C
4662,-0.1896,C
4663,1.2926,B
4664,-0.5098,A
4665,0.2191,A
4666,0.8317,B
4667,0.4514,C
4668,0.3585,C
4669,-0.8919,A
4670,1.1533,A
4671,-1.4001,A
4672,-0.6508,C
4673,-1.1712,A
4674,-0.9671,A
4675,-2.5322,B
4676,-0.4711,A
4677,0.7713,B
4678,-1.2137,C
4679,1.1751,B
4680,-0.2271,A
4681,1.0967,A
4682,-0.3028,C
4683,-0.3819,B
4684,-0.104,A
4685,-2.2227,A
4686,0.2812,B
4687,1.133,A
4688,-0.9219,A
4689,0.8317,B
4690,0.3288,A
4691,0.7275,A
4692,-0.0067,C
4693,-0.6069,C
4694,0.0433,B
4695,1.0851,C
4696,-0.8877,C
4697,-1.9791,C
4698,2.0309,A
4699,-0.5999,B
4700,-0.3566,B
4701,1.4974,B
4702,0.7493,C
4703,-2.3565,B
4704,-1.6707,C
4705,1.2984,B
4706,-0.4465,C
4707,-0.6199,A
4708,0.6671,B
4709,2.4856,B
4710,-0.8829,A
4711,-2.0794,C
4712,-0.5263,C
4713,1.0547,C
4714,-0.0285,A
4715,0.5972,B
4716,-1.23,A
4717,-0.8249,A
4718,-0.0717,C
4719,-0.3475,B
4720,-0.5418,B
4721,-0.4439,C
4722,0.0829,A
4723,-1.0208,B
4724,0.4851,B
4725,-1.8866,A
4726,1.1102,C
4727,-0.5555,B
4728,-1.0607,B
4729,-0.6053,B
4730,0.9942,A
4731,-0.5339,A
4732,-0.7589,C
4733,1.3609,A
4734,-0.942,C
4735,-1.7331,A
4736,0.4758,A
4737,-0.581,C
4738,-0.0098,A
4739,-0.8587,A
4740,-0.1842,A
4741,-0.2209,B
4742,2.1913,C
4743,-0.4332,B
4744,0.392,C
4745,0.1551,B
4746,0.5251,A
4747,-0.6584,B
4748,-0.0676,B
4749,-0.7982,A
4750,-0.6599,A
4751,0.1566,A
4752,-0.1579,A
4753,-1.0013,A
4754,0.1975,C
4755,-0.6498,A
4756,-0.8094,C
4757,0.6044,A
4758,-1.0778,B
4759,1.5331,A
4760,0.3265,C
4761,-1.0227,C
4762,-1.5091,B
4763,-0.4443,A
4764,-0.4312,B
4765,-1.1964,C
4766,0.2977,A
4767,0.4652,C
4768,-0.6893,B
4769,0.489,C
4770,-1.2912,C
4771,-0.2976,C
4772,2.5038,B
4773,-1.8747,A
4774,0.3495,A
4775,1.7139,C
4776,-0.1813,A
4777,0.0017,B
4778,1.235,B
4779,0.606,C
4780,0.6887,C
4781,-0.794,A
4782,-0.9139,A
4783,-0.1312,C
4784,0.5991,C
4785,-0.8581,B
4786,-0.7748,A
4787,-0.525,A
4788,0.3457,B
4789,-1.1207,B
4790,1.4399,B
4791,-0.5366,B
4792,-0.0649,B
4793,0.2832,A
4794,0.1592,B
4795,-1.6362,A
4796,-0.7191,C
4797,1.0533,B
4798,0.4338,B
4799,-1.1881,B
4800,-0.379,A
4801,-0.9362,A
4802,0.425,A
4803,-0.1421,B
4804,0.4361,C
4805,-1.724,C
4806,0.5694,B
4807,2.2602,A
4808,-1.2832,B
4809,0.9871,B
4810,-0.673,A
4811,-0.4568,A
4812,0.5134,C
4813,0.4164,A
4814,0.6514,C
4815,0.5958,A
4816,-0.2138,B
4817,0.4452,A
4818,-0.4993,A
4819,-0.5024,B
4820,-0.9538,B
4821,-1.3508,A
4822,-0.2803,A
4823,0.2542,A
4824,0.6621,A
4825,0.8541,B
4826,0.682,A
4827,-0.5454,C
4828,0.3459,A
4829,-0.6135,A
4830,-0.2894,C
4831,0.734,C
4832,-0.1213,C
4833,1.7755,A
4834,0.4541,A
4835,2.2686,A
4836,-0.4189,B
4837,0.7012,C
4838,0.3481,C
4839,-0.3157,A
4840,2.1988,B
4841,-1.1928,A
4842,1.5199,A
4843,-0.5976,C
4844,0.4815,B
4845,-1.1391,B
4846,-2.2446,B
4847,1.0162,B
4848,1.1931,B
4849,0.6826,B
4850,0.2385,C
4851,-0.603,C
4852,1.0812,B
4853,-0.0484,A
4854,-0.8395,A
4855,0.6835,C
4856,0.346,B
4857,1.0841,C
4858,1.9857,A
4859,0.6092,A
4860,-1.9076,B
4861,-0.2027,B
4862,-1.4441,B
4863,0.227,B
4864,-0.7656,A
4865,1.6816,C
4866,-0.2528,A
4867,-1.4562,A
4868,-0.1102,A
4869,-1.4757,B
4870,0.896,A
4871,-0.5329,B
4872,0.0484,A
4873,-0.3294,B
4874,0.6472,A
4875,0.877,B
4876,0.6263,A
4877,0.8414,B
4878,-0.8071,C
4879,-1.0915,B
4880,-1.1443,B
4881,0.5761,C
4882,0.6304,B
4883,-0.6597,C
4884,-0.3276,C
4885,0.1367,B
4886,0.3171,B
4887,1.035,A
4888,-0.5642,C
4889,-0.7288,C
4890,-1.4693,B
4891,1.0871,B
4892,1.5447,B
4893,-0.2818,A
4894,-0.2306,C
4895,-0.9246,B
4896,-0.1324,A
4897,-1.6206,A
4898,-2.0166,B
4899,-0.8204,B
4900,2.1587,C
4901,1.0152,A
4902,-0.3218,C
4903,0.9841,C
4904,1.5612,A
4905,-1.092,C
4906,-2.6717,B
4907,1.7795,C
4908,0.7849,A
4909,-1.4701,A
4910,-1.2172,C
4911,-1.5998,A
4912,0.3143,B
4913,1.9411,B
4914,1.5151,C
4915,-0.8678,A
4916,-0.0463,A
4917,1.5134,A
4918,-0.4157,B
4919,-0.1564,B
4920,-0.0726,A
4921,0.5161,C
4922,-0.5612,C
4923,0.5509,C
4924,-0.3233,C
4925,0.5931,A
4926,-0.433,A
4927,-1.5567,C
4928,-0.6755,A
4929,-1.4597,A
4930,-0.014,B
4931,0.4366,A
4932,0.2357,C
4933,1.3452,A
4934,-0.1826,C
4935,-1.991,A
4936,0.6686,A
4937,0.8736,C
4938,-0.119,A
4939,-0.7577,A
4940,1.1956,C
4941,-1.9504,B
4942,0.8768,C
4943,0.3714,A
4944,-0.286,A
4945,-0.7376,A
4946,0.3308,B
4947,-1.7169,C
4948,-0.6656,B
4949,0.5601,C
4950,0.8375,C
4951,-0.4287,C
4952,-1.5951,C
4953,0.502,B
4954,-0.7647,C
4955,-0.345,A
4956,-0.9767,A
4957,-0.2284,C
4958,0.8475,C
4959,-1.6334,B
4960,1.0416,B
4961,-1.7723,B
4962,0.004,B
4963,-0.1251,C
4964,-0.5556,A
4965,0.0467,A
4966,0.1851,A
4967,-1.1464,A
4968,-1.904,C
4969,-0.836,B
4970,-0.3917,B
4971,-2.6281,A
4972,-1.4839,A
4973,-1.3159,A
4974,1.5273,B
4975,0.5373,A
4976,-0.9831,B
4977,1.07,B
4978,1.2729,A
4979,-0.9105,A
4980,-0.3017,B
4981,-0.3339,A
4982,-0.618,A
4983,-0.3946,C
4984,0.5505,C
4985,0.8606,A
4986,0.5506,C
4987,0.3801,C
4988,-0.5818,A
4989,-0.2914,C
4990,-1.2826,B
4991,1.5895,A
4992,-1.084,B
4993,0.819,A
4994,-0.9868,B
4995,0.9736,C
4996,0.6226,A
4997,-0.6566,C
4998,1.0981,B
4999,-0.002,B
5000,1.0246,A
5001,-0.2845,B
5002,-0.1856,A
5003,0.2626,C
5004,0.3067,A
5005,-0.7695,C
5006,-0.7973,C
5007,-0.0207,C
5008,1.0527,C
5009,1.6088,A
5010,-0.6924,C
5011,-1.0556,C
5012,-0.0505,C
5013,-0.8118,A
5014,0.4663,A
5015,-0.0636,C
5016,-0.0249,C
5017,0.1813,A
5018,0.6145,C
5019,0.2379,C
5020,-0.2851,C
5021,-0.2586,C
5022,-0.5193,A
5023,-0.647,A
5024,-0.4888,A
5025,0.6532,C
5026,-0.7264,A
5027,0.0575,C
5028,-0.0492,C
5029,-1.2367,C
5030,0.9036,A
5031,1.199,A
5032,1.9182,B
5033,0.2728,B
5034,0.7364,C
5035,-0.921,B
5036,-0.295,B
5037,1.2802,A
5038,-2.1141,B
5039,0.1338,A
5040,-0.4961,B
5041,0.5091,C
5042,0.2197,B
5043,0.2393,A
5044,-0.8749,C
5045,-1.1094,A
5046,-1.0901,A
5047,-0.4365,A
5048,1.3619,A
5049,1.1361,B
5050,-1.2691,C
5051,-1.8993,C
5052,0.474,B
5053,0.8876,B
5054,1.3845,A
5055,0.5621,C
5056,0.7114,B
5057,1.0342,C
5058,-1.1486,B
5059,0.0735,A
5060,-0.6382,C
5061,0.286,C
5062,0.6978,C
5063,-0.3994,A
5064,-0.4409,A
5065,-1.1458,A
5066,-1.6259,A
5067,0.4384,B
5068,1.4506,B
5069,1.2958,A
5070,0.1032,B
5071,-0.1987,A
5072,-1.926,C
5073,0.2802,C
5074,-0.1005,C
5075,1.8737,B
5076,-0.0057,B
5077,0.5416,C
5078,-0.9871,B
5079,-0.614,B
5080,0.1702,A
5081,-1.433,C
5082,-0.1457,A
5083,1.5919,A
5084,-0.3839,C
5085,-0.8818,B
5086,-1.135,A
5087,-0.8916,C
5088,-0.0782,A
5089,-0.4259,C
5090,-1.0411,B
5091,0.5573,C
5092,-2.0663,C
5093,0.4815,C
5094,-0.3661,C
5095,-0.6719,C
5096,0.8355,A
5097,0.1872,C
5098,-0.8326,C
5099,-0.6964,B
5100,-0.244,B
5101,-0.5781,B
5102,-1.5992,A
5103,0.4814,A
5104,-0.7692,C
5105,-0.5573,C
5106,0.957,A
5107,0.855,A
5108,1.0228,A
5109,1.5037,B
5110,0.1325,C
5111,0.263,A
5112,1.0449,C
5113,0.2793,C
5114,0.1981,B
5115,-1.3002,A
5116,-0.35,C
5117,-1.3936,A
5118,1.593,B
5119,0.1274,B
5120,0.8336,B
5121,0.3512,B
5122,-0.8865,C
5123,-0.3743,C
5124,-0.9281,A
5125,-1.591,B
5126,0.7858,C
5127,0.7356,C
5128,-0.2108,A
5129,-0.9647,B
5130,-0.5515,B
5131,0.5267,A
5132,-0.4688,C
5133,-1.3399,A
5134,0.5032,A
5135,-1.0759,B
5136,-0.9224,B
5137,-0.0313,A
5138,-0.3404,B
5139,-1.2599,B
5140,1.126,A
5141,0.7065,A
5142,-0.7493,C
5143,0.6415,B
5144,-1.9163,A
5145,-0.7528,B
5146,0.1859,B
5147,0.2263,C
5148,0.6942,C
5149,-0.1912,C
5150,0.4782,B
5151,-0.155,A
5152,-0.9825,B
5153,1.2444,A
5154,0.3644,B
5155,0.8556,C
5156,-1.757,A
5157,1.0331,C
5158,1.6629,B
5159,-0.019,B
5160,0.923,B
5161,0.9809,C
5162,-0.47,C
5163,1.0532,A
5164,0.798,C
5165,-1.2176,B
5166,-0.3056,B
5167,0.1939,B
5168,1.2124,C
5169,0.2634,A
5170,0.6232,C
5171,0.4843,C
5172,-0.4466,C
5173,-0.58,C
5174,0.511,A
5175,0.7204,B
5176,-0.9359,B
5177,0.3174,B
5178,-0.2339,B
5179,1.4138,A
5180,2.1821,A
5181,-2.0937,C
5182,-1.3583,B
5183,0.9054,B
5184,0.4102,B
5185,0.1465,B
5186,2.008,A
5187,-1.4223,C
5188,-0.9858,A
5189,-0.4501,C
5190,1.2145,B
5191,0.2929,C
5192,-0.7566,B
5193,-0.8054,A
5194,-0.2487,C
5195,0.7297,A
5196,-1.3407,A
5197,-1.1575,C
5198,1.0898,C
5199,0.5618,C
5200,0.7619,C
5201,3.4705,A
5202,0.2955,B
5203,1.9314,C
5204,1.267,A
5205,0.8409,C
5206,-0.5669,C
5207,0.7197,C
5208,1.5363,C
5209,-1.0984,B
5210,-2.0462,C
5211,-1.849,A
5212,1.8715,C
5213,0.6068,C
5214,-0.304,A
5215,0.4142,A
5216,0.8875,B
5217,0.5673,C
5218,-0.552,A
5219,-0.369,B
5220,-0.5754,B
5221,-1.0847,B
5222,-1.0315,A
5223,0.8395,A
5224,0.947,B
5225,0.7028,B
5226,-0.8349,B
5227,-0.262,A
5228,-0.4154,A
5229,-0.0942,C
5230,0.4719,C
5231,-0.6522,B
5232,1.1632,A
5233,-2.0075,B
5234,-1.2826,A
5235,1.3918,A
5236,1.5824,C
5237,-0.7125,C
5238,-0.4778,B
5239,0.1327,A
5240,2.2629,A
5241,-0.4871,C
5242,0.0147,C
5243,-0.5598,B
5244,-1.2474,C
5245,-2.2224,A
5246,-0.1078,B
5247,0.7787,C
5248,-1.9566,B
5249,-1.4734,B
5250,-0.513,A
5251,-1.3281,B
5252,-0.283,C
5253,2.1104,C
5254,0.1562,C
5255,-0.6625,C
5256,-0.0284,B
5257,-1.1746,C
5258,-0.2481,B
5259,0.3846,B
5260,0.9309,A
5261,0.9002,C
5262,-0.2866,A
5263,1.5095,C
5264,-0.5995,A
5265,-0.8133,B
5266,-0.4994,C
5267,-1.6486,A
5268,1.0832,B
5269,2.1048,B
5270,-0.2449,B
5271,0.0183,B
5272,0.4995,A
5273,-0.7842,B
5274,-0.3889,B
5275,0.3115,A
5276,1.4671,B
5277,-0.6592,C
5278,0.2821,C
5279,-0.5228,B
5280,-0.2018,A
5281,0.2247,B
5282,0.9297,C
5283,-2.5169,A
5284,-0.0308,B
5285,-0.2108,C
5286,0.6321,B
5287,0.9971,A
5288,-0.442,A
5289,-1.2936,C
5290,-0.1626,B
5291,-0.3628,C
5292,-0.5676,B
5293,-0.7348,B
5294,0.6011,A
5295,1.4836,B
5296,0.3662,C
5297,-0.9252,B
5298,2.5006,B
5299,-1.8962,B
5300,-0.4078,B
5301,0.044,A
5302,1.1223,C
5303,0.1275,B
5304,-0.8434,B
5305,-1.1991,B
5306,1.0251,B
5307,-0.7054,A
5308,1.4617,B
5309,0.7326,C
5310,2.7598,C
5311,-0.6948,B
5312,-0.6605,C
5313,0.3158,C
5314,0.4401,A
5315,0.2672,A
5316,-0.269,C
5317,-0.499,A
5318,-0.1293,B
5319,0.2441,A
5320,0.8592,A
5321,-1.5901,A
5322,0.4368,B
5323,0.1997,C
5324,0.4675,B
5325,0.3428,C
5326,1.9805,B
5327,-1.4259,C
5328,0.293,B
5329,-1.8285,C
5330,-0.1816,A
5331,-0.5752,A
5332,0.0906,B
5333,1.0207,A
5334,1.323,B
5335,-0.3102,C
5336,-0.2845,C
5337,-0.0472,B
5338,0.3036,C
5339,0.2323,C
5340,0.2577,B
5341,-0.9391,C
5342,-0.5946,B
5343,0.7857,C
5344,0.3367,A
5345,-0.8856,C
5346,0.5371,B
5347,-0.4978,A
5348,0.226,B
5349,-1.3268,B
5350,0.8134,B
5351,-1.4083,C
5352,1.1335,A
5353,0.6059,B
5354,-0.072,A
5355,-0.8277,B
5356,1.5565,C
5357,1.4412,B
5358,1.5413,A
5359,-1.3513,A
5360,-0.9755,B
5361,-0.0948,B
5362,1.9946,B
5363,1.1611,B
5364,-1.2561,B
5365,0.0242,B
5366,-0.9434,B
5367,-0.0623,A
5368,0.2682,A
5369,1.336,B
5370,0.8889,B
5371,0.7142,B
5372,-0.8584,C
5373,-0.0788,C
5374,-1.4303,B
5375,0.2091,B
5376,0.6821,B
5377,0.3593,A
5378,-0.2013,B
5379,0.2704,A
5380,-0.1883,C
5381,-0.8077,B
5382,-0.254,A
5383,0.3171,C
5384,0.0866,A
5385,-0.4555,C
5386,-0.1393,A
5387,-0.0958,C
5388,0.7706,A
5389,-0.5707,C
5390,0.6765,C
5391,-0.2718,B
5392,0.2364,B
5393,0.1691,A
5394,-0.2262,B
5395,-1.5934,C
5396,0.1776,A
5397,-0.4781,A
5398,-1.0136,A
5399,2.0389,A
5400,-0.0364,A
5401,-1.248,A
5402,-0.8831,B
5403,0.6763,C
5404,1.0069,A
5405,-1.6009,A
5406,0.9129,B
5407,-0.8461,C
5408,-2.9849,B
5409,-0.7732,B
5410,0.5064,B
5411,-0.6945,C
5412,1.0564,C
5413,-0.8956,C
5414,-1.3657,A
5415,1.1195,B
5416,0.94,B
5417,0.0841,A
5418,-0.5903,B
5419,-1.2303,B
5420,-0.1678,C
5421,-0.6819,C
5422,-1.6808,A
5423,0.2115,B
5424,0.4435,B
5425,0.7434,B
5426,-1.4303,C
5427,1.9453,A
5428,-0.6946,A
5429,0.1396,C
5430,-0.2189,C
5431,1.892,A
5432,0.3346,A
5433,-1.391,C
5434,0.4961,B
5435,-0.4995,C
5436,-0.966,A
5437,0.159,B
5438,-0.456,C
5439,0.9054,C
5440,0.2051,C
5441,-1.8507,C
5442,0.1839,C
5443,2.3675,B
5444,1.2352,A
5445,1.0803,A
5446,0.271,B
5447,-0.8742,A
5448,-0.7293,C
5449,-0.3198,B
5450,0.7911,C
5451,0.6869,B
5452,0.9166,C
5453,0.7602,C
5454,0.2389,C
5455,0.6555,A
5456,-0.4411,B
5457,-0.451,C
5458,0.7896,B
5459,-0.3994,B
5460,-1.8048,A
5461,-0.2108,A
5462,-1.4919,A
5463,-1.1569,C
5464,-0.4904,C
5465,1.1784,C
5466,1.3985,C
5467,0.722,A
5468,0.5112,C
5469,2.0122,B
5470,-0.1391,B
5471,-0.6787,B
5472,-0.5829,A
5473,0.2452,A
5474,-0.0341,B
5475,-0.2751,C
5476,-0.0408,B
5477,1.3118,C
5478,-0.3355,C
5479,-0.3132,A
5480,-1.3931,B
5481,-0.2513,C
5482,0.6628,C
5483,1.7903,A
5484,-0.7398,B
5485,-1.9356,C
5486,-1.661,B
5487,0.548,B
5488,1.5759,A
5489,0.5605,C
5490,1.7267,C
5491,-0.4287,C
5492,1.4244,A
5493,1.5847,C
5494,-0.1743,A
5495,1.077,A
5496,0.65,B
5497,0.4078,B
5498,0.2257,A
5499,-0.2487,A
5500,-1.1191,C
5501,-0.8254,B
5502,-0.4213,C
5503,0.1277,B
5504,-2.9402,C
5505,0.6705,B
5506,0.9968,C
5507,0.0701,A
5508,0.4401,A
5509,-2.5583,B
5510,-1.0646,C
5511,1.563,B
5512,-1.1342,A
5513,1.3482,C
5514,-0.571,B
5515,0.4407,B
5516,0.6228,A
5517,1.0873,A
5518,-0.0034,A
5519,-0.6537,B
5520,-0.7688,B
5521,1.3468,B
5522,-1.7623,B
5523,1.1132,B
5524,0.887,C
5525,0.4755,C
5526,-0.0446,A
5527,-0.2256,A
5528,0.9508,C
5529,-0.4014,A
5530,0.0926,C
5531,1.3515,C
5532,-0.4147,C
5533,-1.2193,C
5534,-0.401,B
5535,-0.3668,B
5536,0.0083,C
5537,-1.4195,C
5538,0.404,C
5539,0.4909,C
5540,-0.0643,B
5541,1.4988,C
5542,-1.6371,C
5543,-0.0763,C
5544,0.4605,B
5545,0.5738,B
5546,1.0036,B
5547,-1.6033,B
5548,-1.303,A
5549,0.4474,A
5550,-2.0368,A
5551,-1.2515,B
5552,0.1335,A
5553,2.2696,C
5554,-0.2778,B
5555,-0.2822,A
5556,-1.3539,A
5557,-1.0286,A
5558,-0.7457,C
5559,-0.5756,B
5560,-0.9817,C
5561,-0.213,C
5562,1.4824,B
5563,0.795,A
5564,0.0284,A
5565,-0.2217,A
5566,0.5901,B
5567,0.1071,B
5568,0.12,A
5569,-0.2962,C
5570,-0.1594,A
5571,1.9072,B
5572,0.9068,A
5573,0.0525,B
5574,-1.161,A
5575,0.3658,B
5576,-1.6651,A
5577,-1.5303,C
5578,-0.7055,A
5579,-1.2536,A
5580,0.1636,A
5581,-1.1001,B
5582,-2.6869,C
5583,-0.6799,A
5584,-1.9751,C
5585,-1.3096,A
5586,-0.4761,B
5587,1.9821,A
5588,-1.8971,B
5589,0.5635,B
5590,0.6477,A
5591,-0.7361,B
5592,1.4529,A
5593,1.302,B
5594,0.7084,B
5595,-0.491,A
5596,-0.7593,C
5597,2.3667,B
5598,-0.2385,C
5599,0.9309,C
5600,-0.1327,C
5601,0.7975,B
5602,0.4616,C
5603,-1.2716,A
5604,0.44,A
5605,-0.4513,C
5606,-1.4115,C
5607,-0.2448,A
5608,-0.1762,B
5609,-0.6661,B
5610,-0.1681,C
5611,0.9089,A
5612,-1.4563,C
5613,-0.2566,C
5614,0.8849,B
5615,-0.4411,A
5616,1.0707,A
5617,1.0402,C
5618,0.9183,C
5619,0.8629,C
5620,-0.6646,C
5621,1.4772,C
5622,-1.2792,C
5623,0.1279,C
5624,0.5101,C
5625,1.2304,B
5626,0.0562,C
5627,-0.3398,A
5628,-0.8619,C
5629,0.7889,B
5630,0.5338,C
5631,0.4745,C
5632,0.0,C
5633,1.1871,B
5634,-0.5052,A
5635,-0.5848,B
5636,1.2817,A
5637,-1.3036,B
5638,0.1323,C
5639,-0.2643,C
5640,1.543,B
5641,1.2004,A
5642,-0.6594,A
5643,0.5444,B
5644,2.4017,C
5645,0.7624,C
5646,1.316,C
5647,-0.5643,B
5648,1.3586,C
5649,-0.0026,A
5650,-0.7171,A
5651,0.1458,C
5652,-0.8857,A
5653,1.5731,C
5654,-0.4771,A
5655,-1.4382,A
5656,1.6438,B
5657,-0.253,C
5658,0.7807,B
5659,-0.4403,B
5660,-1.2084,C
5661,0.6384,B
5662,0.1047,A
5663,0.9198,C
5664,0.1325,A
5665,-1.5041,C
5666,-0.4192,A
5667,-0.322,A
5668,-0.8773,B
5669,-0.4657,A
5670,-1.9409,A
5671,1.6706,B
5672,-0.6808,C
5673,0.1475,B
5674,-0.7067,A
5675,-0.1111,C
5676,0.6875,C
5677,-0.2634,A
5678,-1.988,A
5679,-0.0937,B
5680,1.0327,B
5681,-0.8589,A
5682,1.916,A
5683,0.2339,A
5684,-0.566,B
5685,0.6225,A
5686,-0.8761,A
5687,-0.1082,B
5688,-0.4467,C
5689,-0.7265,A
5690,-0.919,A
5691,-0.6756,C
5692,-0.3122,B
5693,0.0302,C
5694,0.2887,B
5695,1.0084,C
5696,1.4985,A
5697,1.2282,B
5698,0.452,C
5699,-0.0598,C
5700,0.3003,C
5701,2.195,B
5702,0.6786,B
5703,1.7337,B
5704,-1.0227,B
5705,-0.3013,A
5706,0.6161,A
5707,1.6161,B
5708,-1.699,A
5709,0.1078,B
5710,0.9556,B
5711,-0.4589,C
5712,1.0814,C
5713,1.9213,A
5714,0.0946,B
5715,1.3315,A
5716,-0.7957,C
5717,0.0302,C
5718,-0.4531,A
5719,0.9333,A
5720,-0.3908,C
5721,-0.4844,A
5722,0.1981,C
5723,1.6868,C
5724,-1.1582,A
5725,-0.4712,B
5726,-1.8783,A
5727,-1.3043,A
5728,0.8346,A
5729,-1.081,C
5730,0.2337,B
5731,-0.7196,A
5732,-0.1999,B
5733,-0.1515,A
5734,2.1798,B
5735,-1.4028,A
5736,-0.8273,C
5737,3.0144,C
5738,-0.9113,B
5739,-0.493,C
5740,-0.9244,C
5741,-0.6454,A
5742,0.6885,A
5743,0.2704,A
5744,2.2542,A
5745,1.1088,C
5746,1.7331,C
5747,0.8144,A
5748,-1.3605,A
5749,-0.1775,B
5750,0.8974,B
5751,0.7564,B
5752,0.4828,B
5753,-0.2363,C
5754,0.1518,B
5755,-0.1093,B
5756,-0.9234,C
5757,-0.2451,A
5758,2.1895,C
5759,0.045,A
5760,-1.2585,C
5761,-0.6964,A
5762,0.3757,B
5763,1.7251,A
5764,0.3578,B
5765,-1.2224,B
5766,-0.0389,B
5767,1.7322,B
5768,-0.0727,C
5769,-1.7785,C
5770,1.0508,B
5771,0.3085,B
5772,-0.3353,A
5773,-0.0082,B
5774,-0.957,C
5775,0.5476,B
5776,-1.0239,A
5777,0.3674,B
5778,-1.8854,A
5779,0.5432,A
5780,-0.5197,A
5781,-0.5141,A
5782,1.4551,B
5783,0.7776,A
5784,1.5418,A
5785,1.0947,A
5786,-0.6557,A
5787,0.3821,C
5788,1.0849,C
5789,0.5939,B
5790,1.5606,A
5791,-0.6732,B
5792,0.4566,C
5793,-0.294,B
5794,-0.3351,A
5795,-0.5253,B
5796,0.6293,B
5797,1.1365,C
5798,0.8164,B
5799,-0.7185,B
5800,0.3153,A
5801,0.3227,C
5802,-0.3287,C
5803,0.6188,B
5804,2.1377,C
5805,-0.5854,C
5806,0.5719,A
5807,-0.4766,A
5808,-0.7889,C
5809,-0.6235,A
5810,-0.5042,B
5811,-0.4053,B
5812,-1.2542,B
5813,-0.0285,C
5814,1.2718,C
5815,-1.8495,A
5816,-2.443,C
5817,0.5666,C
5818,0.5609,A
5819,-0.6987,C
5820,0.7082,B
5821,0.1493,B
5822,0.8932,C
5823,0.3417,B
5824,-0.4569,B
5825,2.0021,C
5826,-0.5436,B
5827,0.596,C
5828,-1.1414,C
5829,-0.4862,B
5830,-0.903,A
5831,0.6987,C
5832,0.0597,B
5833,-0.8632,B
5834,-0.7935,B
5835,-2.0922,B
5836,0.8531,C
5837,-1.4194,A
5838,-1.1447,C
5839,0.5368,C
5840,0.5744,A
5841,0.3473,B
5842,-0.1177,A
5843,-0.2168,C
5844,2.4619,A
5845,-0.489,C
5846,-1.2471,A
5847,-0.099,C
5848,1.1728,C
5849,0.0125,A
5850,0.9648,B
5851,2.2955,B
5852,-0.6053,B
5853,-0.8419,B
5854,1.0334,C
5855,-0.5049,B
5856,0.1636,B
5857,-0.3929,A
5858,1.4753,A
5859,-0.4666,C
5860,0.5761,C
5861,0.4215,C
5862,0.5452,B
5863,-1.2443,B
5864,0.2121,B
5865,0.4137,B
5866,0.1171,A
5867,0.3908,B
5868,-1.9467,B
5869,-0.4469,B
5870,0.8627,A
5871,-0.6769,A
5872,1.6612,B
5873,1.9813,C
5874,-0.2442,B
5875,0.0145,A
5876,-0.0997,B
5877,0.8742,C
5878,0.0364,C
5879,-1.4714,C
5880,0.6152,C
5881,-0.6047,B
5882,-0.5309,B
5883,1.7487,C
5884,-1.0533,A
5885,0.1117,B
5886,2.2582,C
5887,0.2022,C
5888,-0.1712,A
5889,-1.85,A
5890,-0.0161,C
5891,-0.6017,C
5892,0.0086,B
5893,1.6596,C
5894,0.2926,B
5895,0.0694,B
5896,-0.0038,C
5897,-2.1818,C
5898,0.5981,B
5899,-0.0484,A
5900,-0.2352,C
5901,0.6742,B
5902,-1.1405,C
5903,0.8155,B
5904,-0.2261,A
5905,-1.9236,C
5906,1.1584,B
5907,-0.1878,A
5908,0.6668,C
5909,-0.2392,C
5910,1.8189,A
5911,1.1242,A
5912,0.1685,C
5913,-0.1303,C
5914,1.186,C
5915,0.3851,B
5916,-2.4088,A
5917,-0.6084,B
5918,0.7158,A
5919,0.127,B
5920,1.4706,C
5921,-1.0948,C
5922,0.1252,C
5923,-0.4383,B
5924,-0.5498,C
5925,2.0065,B
5926,-1.0764,B
5927,-0.5513,A
5928,-1.5635,B
5929,-1.7714,C
5930,-0.2485,B
5931,2.4795,C
5932,1.3586,B
5933,-1.0182,C
5934,-0.3276,C
5935,0.9277,C
5936,1.3046,A
5937,1.3638,C
5938,0.1309,C
5939,0.4218,C
5940,0.4231,A
5941,0.1453,C
5942,-2.0403,B
5943,0.1966,C
5944,-0.7944,C
5945,1.8649,B
5946,-0.7216,B
5947,-0.0033,B
5948,0.2347,A
5949,-0.0887,A
5950,-0.3287,B
5951,-0.9741,B
5952,-0.3393,C
5953,1.0878,A
5954,-0.6198,C
5955,-0.1788,A
5956,0.2624,A
5957,0.0797,C
5958,0.8278,B
5959,-0.7718,B
5960,1.6017,A
5961,1.4346,B
5962,0.427,C
5963,0.6213,C
5964,0.9716,A
5965,1.0112,A
5966,-0.8583,C
5967,-1.3647,B
5968,2.5819,B
5969,-1.011,A
5970,2.6053,C
5971,1.2277,C
5972,-0.3779,B
5973,0.4145,A
5974,-0.4983,C
5975,-0.3266,C
5976,-1.3543,A
5977,-1.707,A
5978,1.2608,A
5979,1.1639,C
5980,0.1114,B
5981,-0.6298,B
5982,-0.9115,C
5983,0.7996,B
5984,0.2182,B
5985,1.0959,B
5986,0.4126,C
5987,0.0169,A
5988,0.2684,C
5989,0.7219,A
5990,-3.4859,C
5991,0.9052,C
5992,-0.149,B
5993,1.7322,B
5994,-1.3818,C
5995,0.084,A
5996,-0.6679,B
5997,0.2638,B
5998,0.5672,A
5999,0.7726,A
6000,-1.1821,B
6001,-0.4146,C
6002,0.6274,A
6003,1.5414,C
6004,-1.4987,C
6005,0.3671,C
6006,-0.4419,A
6007,-1.316,B
6008,0.4342,C
6009,-0.598,B
6010,2.281,B
6011,0.4982,A
6012,-0.717,A
6013,0.2566,A
6014,0.7151,A
6015,-0.2364,A
6016,-1.0563,A
6017,0.0115,A
6018,-1.0682,B
6019,2.7908,A
6020,0.9746,B
6021,0.0347,A
6022,-0.5903,C
6023,0.8614,B
6024,0.0968,B
6025,-1.8789,B
6026,0.328,A
6027,-0.8815,C
6028,1.0535,A
6029,-0.0036,B
6030,-1.4637,A
6031,2.147,B
6032,-0.1313,C
6033,1.3021,B
6034,1.5856,A
6035,1.2736,A
6036,-1.062,C
6037,-0.3836,A
6038,1.4332,C
6039,-0.1105,C
6040,-0.9222,A
6041,1.7436,A
6042,-0.8794,A
6043,1.0036,C
6044,-0.7829,C
6045,1.0748,A
6046,1.516,C
6047,1.1785,A
6048,1.029,B
6049,1.3681,B
6050,-1.4614,C
6051,-0.2066,B
6052,-0.8651,C
6053,-1.7347,C
6054,0.4005,B
6055,-1.2329,C
6056,-0.4044,A
6057,-1.1409,C
6058,-1.3021,B
6059,0.0842,B
6060,-2.2044,C
6061,0.6846,A
6062,-0.0153,C
6063,2.1958,A
6064,-1.4139,B
6065,0.4802,B
6066,1.482,C
6067,-0.4509,C
6068,1.4244,C
6069,-0.3639,C
6070,0.8454,C
6071,-0.5952,C
6072,0.7919,B
6073,1.0554,B
6074,-1.1959,A
6075,1.0448,A
6076,-0.4468,A
6077,0.3862,B
6078,1.5153,C
6079,0.607,C
6080,-1.246,C
6081,1.3479,A
6082,-0.9076,A
6083,-1.8126,B
6084,-0.8447,A
6085,0.6234,B
6086,-1.0131,C
6087,-0.388,C
6088,-0.5451,A
6089,0.8491,C
6090,-0.6545,C
6091,1.0276,C
6092,0.2736,A
6093,-0.4313,A
6094,-0.3294,A
6095,1.0961,A
6096,0.7989,C
6097,1.7298,C
6098,-0.4689,A
6099,-0.4848,C
6100,1.5927,B
6101,-0.0893,C
6102,-2.8859,A
6103,-0.2208,A
6104,-0.1678,B
6105,1.036,A
6106,1.0488,C
6107,2.0896,C
6108,1.0447,A
6109,-1.0588,C
6110,-0.388,C
6111,0.4903,A
6112,-1.0633,A
6113,-1.2484,C
6114,1.1444,B
6115,-0.3926,B
6116,-1.3069,C
6117,-0.61,C
6118,-0.9586,C
6119,0.1211,A
6120,-0.2242,A
6121,-0.2814,B
6122,-0.516,C
6123,-0.1458,B
6124,0.1635,B
6125,0.4297,A
6126,0.1182,B
6127,-1.4097,B
6128,-0.6658,C
6129,0.3705,A
6130,-1.3636,C
6131,-0.1084,C
6132,-0.325,A
6133,0.5282,B
6134,0.1315,A
6135,-0.9105,A
6136,0.6967,C
6137,-0.1608,B
6138,-0.226,B
6139,-1.2897,A
6140,0.2494,C
6141,-0.7031,C
6142,0.7774,B
6143,-2.0581,B
6144,0.8761,C
6145,2.7144,A
6146,-0.2423,C
6147,0.9575,C
6148,1.5266,A
6149,0.3423,A
6150,0.0858,C
6151,0.2812,A
6152,1.3187,B
6153,0.4169,A
6154,0.8945,B
6155,1.2244,A
6156,0.067,B
6157,0.5053,A
6158,1.3704,A
6159,-0.1198,B
6160,-1.2933,A
6161,-2.2319,B
6162,1.8329,C
6163,-0.8415,A
6164,0.8183,C
6165,-1.5712,B
6166,0.4118,C
6167,-1.5357,A
6168,1.0666,C
6169,0.9233,B
6170,-0.3391,C
6171,1.6955,B
6172,-1.0366,A
6173,1.1298,A
6174,-0.7811,C
6175,1.0597,C
6176,-1.4321,A
6177,0.6401,C
6178,0.0513,C
6179,-0.0904,B
6180,0.8797,B
6181,1.778,C
6182,0.082,C
6183,0.2953,B
6184,0.5302,C
6185,-1.9024,B
6186,-0.7729,C
6187,-0.189,C
6188,-0.4434,A
6189,0.0136,A
6190,-0.0819,B
6191,-0.7511,B
6192,1.5082,A
6193,0.6643,A
6194,-1.8473,B
6195,-0.3349,B
6196,-1.012,B
6197,-0.9082,C
6198,1.1406,C
6199,1.6431,B
6200,-0.421,C
6201,-0.9751,C
6202,1.4449,B
6203,1.4023,A
6204,1.5965,A
6205,0.2328,C
6206,-2.3191,A
6207,1.1192,B
6208,-0.3097,A
6209,0.0333,A
6210,1.1169,B
6211,2.6281,B
6212,-2.6825,B
6213,2.2503,B
6214,2.6646,A
6215,0.2372,A
6216,2.8479,B
6217,0.569,A
6218,0.2382,C
6219,-1.3744,A
6220,0.2995,B
6221,0.6839,C
6222,0.6046,A
6223,-1.4292,A
6224,-0.0436,A
6225,-0.018,C
6226,0.8834,B
6227,0.0472,B
6228,-2.4344,B
6229,-0.2061,C
6230,0.0051,B
6231,-0.7425,C
6232,0.462,C
6233,1.1474,B
6234,-1.3525,C
6235,-0.8298,B
6236,-0.2171,A
6237,1.7598,B
6238,-0.4624,B
6239,0.7684,C
6240,0.52,B
6241,0.543,C
6242,1.3718,B
6243,-0.7154,B
6244,-0.0509,A
6245,-0.9326,C
6246,0.6303,B
6247,0.8016,B
6248,-0.0566,A
6249,-1.0602,C
6250,0.1074,C
6251,-0.3232,C
6252,-1.1038,A
6253,-0.897,B
6254,0.6132,A
6255,-0.6045,B
6256,-0.5914,A
6257,-0.5514,A
6258,-1.9697,B
6259,-0.3285,B
6260,-1.189,C
6261,-0.0279,B
6262,0.9104,C
6263,-0.0049,B
6264,1.0679,B
6265,0.1039,A
6266,-0.0568,C
6267,-0.9845,A
6268,0.0419,A
6269,0.6868,A
6270,-0.0067,C
6271,-0.2353,A
6272,0.2733,C
6273,-0.7299,C
6274,-0.9344,A
6275,-2.1181,C
6276,0.9062,A
6277,-0.431,B
6278,1.8417,A
6279,1.2675,A
6280,2.0137,B
6281,-0.7937,C
6282,-1.0731,A
6283,-0.0713,B
6284,0.9515,A
6285,0.9687,A
6286,0.4957,B
6287,-1.6631,B
6288,-1.3754,B
6289,-0.0675,A
6290,-0.6859,A
6291,-2.5921,C
6292,0.556,C
6293,-0.417,A
6294,1.4252,B
6295,0.1765,C
6296,0.3212,B
6297,0.3016,C
6298,0.3458,A
6299,0.4573,A
6300,1.3276,C
6301,0.2106,A
6302,0.7999,B
6303,-0.0116,C
6304,0.0737,B
6305,-0.8534,C
6306,-0.1385,A
6307,0.2085,C
6308,0.3406,A
6309,-0.2416,A
6310,-2.1248,C
6311,0.7417,A
6312,-0.0758,A
6313,0.1234,B
6314,0.7534,C
6315,0.4291,C
6316,-0.82,A
6317,1.7106,B
6318,0.6527,C
6319,-0.0359,C
6320,1.2859,B
6321,-0.8483,A
6322,-1.5112,B
6323,-0.4637,B
6324,1.6518,C
6325,-0.7643,B
6326,1.0934,C
6327,2.0931,A
6328,0.1206,A
6329,0.2586,A
6330,-1.1138,B
6331,0.0016,C
6332,-2.139,B
6333,-0.7779,A
6334,1.0028,C
6335,-2.6384,A
6336,-0.4846,C
6337,-1.0552,A
6338,0.4232,A
6339,1.4458,C
6340,0.895,A
6341,0.9544,C
6342,2.4254,C
6343,-1.3838,C
6344,-0.4711,B
6345,-1.0111,A
6346,1.0544,A
6347,0.3341,A
6348,0.2985,B
6349,2.2102,C
6350,-1.1848,A
6351,-0.5732,B
6352,-0.8471,A
6353,0.7701,B
6354,-1.0436,C
6355,0.3245,B
6356,0.1995,A
6357,0.2602,A
6358,1.2195,B
6359,0.1456,B
6360,0.3036,B
6361,-0.9704,A
6362,1.342,A
6363,0.6989,A
6364,0.29,B
6365,0.2953,A
6366,0.4345,B
6367,-1.326,B
6368,0.402,A
6369,-0.6206,C
6370,-1.2883,C
6371,0.618,C
6372,-0.5783,A
6373,-0.391,C
6374,0.2204,B
6375,1.4501,A
6376,-0.3955,C
6377,1.1715,B
6378,-0.9967,A
6379,-1.0763,A
6380,0.2387,A
6381,-1.1382,B
6382,-0.0376,A
6383,-0.3429,A
6384,-1.2481,A
6385,0.7896,C
6386,1.806,C
6387,-1.2988,C
6388,-0.1137,B
6389,-0.7091,B
6390,0.7654,C
6391,0.7279,A
6392,0.469,C
6393,-0.1073,A
6394,-2.0175,C
6395,-0.3341,B
6396,-0.0449,B
6397,-1.6301,A
6398,-0.0385,B
6399,0.8618,A
6400,1.2653,C
6401,0.8796,B
6402,0.0371,C
6403,-1.0684,C
6404,0.198,C
6405,-1.2151,A
6406,0.6678,C
6407,0.9734,A
6408,0.9429,B
6409,-0.3211,A
6410,0.5077,B
6411,-0.6931,A
6412,-0.3457,C
6413,0.2016,A
6414,0.2006,C
6415,-1.1475,C
6416,-0.1575,B
6417,0.3353,A
6418,1.3885,C
6419,-2.0695,B
6420,0.593,B
6421,1.2609,B
6422,0.3599,A
6423,0.436,C
6424,1.6475,C
6425,1.2208,C
6426,-0.3224,C
6427,-0.8648,C
6428,-0.9724,B
6429,-0.9447,A
6430,0.3669,A
6431,0.3316,C
6432,0.4407,B
6433,3.0627,B
6434,0.0429,C
6435,0.7363,B
6436,-1.4158,C
6437,-0.0031,A
6438,0.6817,A
6439,0.5845,C
6440,-0.1464,A
6441,-1.5033,A
6442,-2.016,B
6443,0.0092,A
6444,-0.6627,A
6445,0.5212,A
6446,-1.9632,A
6447,-0.9951,A
6448,2.5227,C
6449,-0.6179,C
6450,-0.7637,C
6451,0.0165,B
6452,1.1199,B
6453,-0.0845,B
6454,-0.6689,C
6455,-0.06,A
6456,-0.5714,C
6457,0.0046,C
6458,-1.3992,B
6459,-0.8553,C
6460,1.2963,A
6461,-2.2207,B
6462,-0.6024,C
6463,0.4339,A
6464,-1.0527,C
6465,0.3689,C
6466,-0.2787,A
6467,-0.9253,A
6468,0.5396,A
6469,1.0025,C
6470,-0.0036,C
6471,-0.5195,B
6472,-0.7091,C
6473,-0.6226,C
6474,-1.0934,A
6475,-0.3554,B
6476,-0.4105,A
6477,0.9951,C
6478,-0.6804,A
6479,-0.3487,B
6480,-1.0383,B
6481,0.0285,B
6482,-0.3398,B
6483,-0.2645,A
6484,0.9481,B
6485,1.5676,B
6486,-0.6418,C
6487,-0.8056,A
6488,-0.0065,C
6489,1.2133,A
6490,-2.2297,C
6491,0.1432,B
6492,0.8135,A
6493,-1.1675,C
6494,-0.4739,A
6495,0.785,B
6496,0.5279,A
6497,1.9673,A
6498,0.7146,C
6499,-1.5913,C
6500,-0.3899,C
6501,0.9594,C
6502,1.6891,C
6503,-0.4972,C
6504,0.6957,C
6505,-0.4639,B
6506,2.0908,B
6507,-0.146,A
6508,-0.4796,A
6509,-0.4371,B
6510,0.1769,B
6511,0.037,C
6512,0.8226,C
6513,0.3144,C
6514,0.7825,A
6515,-0.0531,B
6516,-0.7949,C
6517,-1.4751,B
6518,0.3844,C
6519,-0.9429,B
6520,0.1947,B
6521,-0.342,A
6522,-0.0799,B
6523,1.4857,B
6524,0.2639,A
6525,0.6154,B
6526,0.3708,B
6527,-0.9874,A
6528,0.3694,B
6529,-0.291,A
6530,0.0576,B
6531,0.1337,C
6532,0.0306,A
6533,-0.4232,B
6534,-1.0125,B
6535,-0.3865,A
6536,-0.6836,B
6537,-0.0298,C
6538,1.1165,A
6539,-0.3725,A
6540,-0.9961,B
6541,-1.2394,C
6542,0.8196,C
6543,1.958,B
6544,-1.3753,C
6545,-1.0767,B
6546,0.752,A
6547,1.2058,B
6548,-0.9715,B
6549,-1.4365,C
6550,-2.0978,A
6551,0.6157,C
6552,1.8213,A
6553,0.219,B
6554,-0.6279,C
6555,-0.3579,B
6556,-1.6991,C
6557,-0.0807,A
6558,0.5784,A
6559,0.2059,C
6560,0.819,A
6561,0.6887,A
6562,-2.144,B
6563,0.2475,C
6564,0.5037,C
6565,0.8882,A
6566,0.4716,C
6567,-0.6368,C
6568,-0.6151,C
6569,0.6327,A
6570,-1.8359,C
6571,0.174,B
6572,-0.8201,A
6573,1.0822,A
6574,-0.4436,C
6575,-0.6624,C
6576,1.9907,B
6577,-0.2154,C
6578,0.2154,A
6579,0.488,B
6580,0.3159,B
6581,-0.5198,A
6582,-0.2694,A
6583,-1.0917,B
6584,-0.3565,B
6585,-0.423,A
6586,-1.5213,C
6587,-0.4084,A
6588,-1.0857,A
6589,-2.5921,B
6590,-2.3007,B
6591,-1.6637,A
6592,-0.3773,C
6593,1.018,C
6594,0.652,B
6595,0.3663,A
6596,-0.9136,A
6597,0.7736,B
6598,1.0701,B
6599,0.5579,B
6600,-1.8542,A
6601,-0.332,B
6602,-0.5282,C
6603,2.2795,A
6604,-0.3046,B
6605,0.4669,C
6606,-2.3802,A
6607,0.6742,A
6608,-0.3288,A
6609,-0.5486,A
6610,-0.0195,A
6611,-0.1537,C
6612,0.5099,A
6613,-0.4269,C
6614,0.3607,C
6615,-1.7934,A
6616,-0.2286,C
6617,-0.1038,C
6618,-0.5196,A
6619,-1.0978,C
6620,-1.0637,C
6621,-0.3882,B
6622,0.6498,A
6623,0.602,A
6624,0.0572,B
6625,0.7095,B
6626,0.9881,C
6627,-0.8052,C
6628,0.2129,C
6629,1.3583,C
6630,-0.5376,B
6631,-0.8321,C
6632,-0.4113,C
6633,2.0429,B
6634,-0.7685,A
6635,-1.3031,A
6636,1.2438,C
6637,-1.2044,C
6638,-1.3844,C
6639,1.2376,B
6640,-1.1293,B
6641,-1.4421,A
6642,-0.4169,A
6643,-1.5574,B
6644,0.6926,B
6645,1.2428,B
6646,0.2142,A
6647,0.0965,C
6648,0.6188,A
6649,-0.0004,C
6650,-0.1432,B
6651,0.5059,A
6652,0.3298,C
6653,-0.2504,A
6654,1.1169,A
6655,0.4341,A
6656,0.9936,C
6657,1.2276,B
6658,1.0596,B
6659,0.5383,C
6660,1.4535,A
6661,-0.7421,B
6662,-0.3354,C
6663,0.5948,C
6664,-0.0586,B
6665,-0.6189,C
6666,0.0558,B
6667,0.7583,B
6668,0.2953,A
6669,-2.006,A
6670,0.5613,B
6671,1.5287,C
6672,-0.2128,A
6673,-0.3912,A
6674,-0.3485,B
6675,-0.5669,B
6676,1.3045,A
6677,-0.0973,C
6678,0.4926,A
6679,-1.4582,B
6680,0.0458,A
6681,-0.2022,B
6682,-1.3954,C
6683,-1.2988,A
6684,0.528,C
6685,-1.194,B
6686,0.8002,C
6687,0.1886,B
6688,-0.5925,A
6689,-0.8689,C
6690,0.1663,A
6691,0.7219,A
6692,1.6479,B
6693,-1.2547,A
6694,1.9705,B
6695,0.4141,A
6696,-0.4583,B
6697,-0.2516,B
6698,-1.4082,A
6699,-1.0051,B
6700,0.8677,A
6701,0.8507,B
6702,0.6062,B
6703,0.5261,B
6704,-0.2315,B
6705,-0.12,C
6706,-1.0743,B
6707,-0.6262,B
6708,0.4482,A
6709,-1.2609,C
6710,0.5226,A
6711,-0.3085,B
6712,-1.3478,C
6713,-0.0117,A
6714,-0.9383,A
6715,-0.1155,B
6716,-0.6934,A
6717,0.4751,B
6718,2.0705,C
6719,-0.7102,B
6720,0.1072,B
6721,0.5586,B
6722,-0.3763,B
6723,1.361,C
6724,0.079,C
6725,0.6546,C
6726,1.3697,C
6727,1.8323,C
6728,-0.6776,A
6729,0.6627,B
6730,1.3299,C
6731,1.2653,B
6732,1.722,B
6733,0.4164,A
6734,1.3885,B
6735,0.8513,C
6736,-0.4107,B
6737,-1.6469,C
6738,1.5472,C
6739,0.9598,A
6740,-0.3869,B
6741,0.3946,B
6742,-0.6882,C
6743,-0.4074,C
6744,-0.0861,A
6745,0.1846,B
6746,0.3112,B
6747,0.1995,C
6748,0.4842,C
6749,1.1697,B
6750,1.6291,C
6751,-0.3357,A
6752,-1.027,C
6753,2.0558,C
6754,0.718,A
6755,-0.5348,B
6756,0.5501,C
6757,-0.3546,C
6758,0.477,C
6759,0.2345,C
6760,0.2642,C
6761,1.8309,C
6762,-0.8775,A
6763,-1.2756,A
6764,0.0921,C
6765,-1.0468,A
6766,0.0695,B
6767,-0.3038,A
6768,1.9,B
6769,-1.2395,C
6770,0.1045,C
6771,-0.7085,A
6772,-1.1735,C
6773,0.4027,B
6774,0.6941,C
6775,0.5764,B
6776,-0.4478,A
6777,-1.492,C
6778,-0.1271,C
6779,0.0962,C
6780,-0.3196,C
6781,-0.617,B
6782,1.1386,A
6783,-0.7613,A
6784,0.1794,A
6785,0.4227,B
6786,-2.4819,B
6787,-0.2221,C
6788,-0.2886,B
6789,-1.132,A
6790,-0.4441,C
6791,-0.2534,A
6792,0.2263,A
6793,0.6558,B
6794,0.3701,B
6795,-1.7381,A
6796,-1.7115,B
6797,0.6426,C
6798,-0.2734,B
6799,-0.2812,C
6800,0.9235,B
6801,-0.5294,C
6802,0.4999,C
6803,1.4745,C
6804,0.8808,A
6805,0.2824,A
6806,-0.8012,B
6807,0.1435,A
6808,-0.6578,A
6809,-0.4125,C
6810,-0.284,C
6811,-0.8673,C
6812,-0.0593,B
6813,-1.4402,B
6814,0.931,A
6815,-1.1163,B
6816,0.5511,B
6817,-1.0189,C
6818,-1.8532,A
6819,-0.877,B
6820,1.7844,C
6821,2.1351,A
6822,-0.3621,A
6823,1.0331,A
6824,0.8233,C
6825,1.2608,C
6826,-1.8421,A
6827,-1.733,A
6828,0.5063,A
6829,0.1614,A
6830,-0.3051,A
6831,-0.6406,A
6832,-0.5999,A
6833,-0.421,C
6834,1.1534,A
6835,0.0767,A
6836,-0.2663,A
6837,-1.6292,A
6838,1.836,C
6839,-0.5673,A
6840,-2.2598,A
6841,0.2209,B
6842,-0.6217,B
6843,-0.1745,B
6844,0.06,A
6845,0.1555,B
6846,1.1597,A
6847,1.3298,A
6848,0.1841,C
6849,1.3074,A
6850,0.8625,A
6851,0.8659,A
6852,-0.4775,A
6853,0.4776,C
6854,-0.005,B
6855,-0.3294,B
6856,-3.1968,C
6857,-1.0741,B
6858,0.8409,C
6859,0.5683,A
6860,-0.2333,C
6861,-0.5369,B
6862,-0.3715,B
6863,-1.0288,A
6864,2.2795,A
6865,-0.002,A
6866,-0.0747,B
6867,0.8347,B
6868,1.1995,A
6869,2.2559,B
6870,-1.2787,C
6871,1.7302,C
6872,0.9385,B
6873,0.7758,A
6874,-0.19,A
6875,-0.4196,B
6876,-1.8833,C
6877,0.2927,A
6878,0.3949,B
6879,0.7757,A
6880,-0.3096,B
6881,-0.0273,A
6882,-1.6817,A
6883,-0.669,C
6884,0.4544,C
6885,-0.9695,B
6886,0.1543,A
6887,-1.6714,B
6888,-0.5298,A
6889,-0.5532,B
6890,0.4469,A
6891,-0.1139,A
6892,-1.7144,C
6893,-2.8028,C
6894,-1.4169,A
6895,0.6327,C
6896,-1.0554,B
6897,-1.5573,B
6898,0.723,C
6899,-0.2702,A
6900,0.0335,A
6901,1.0597,A
6902,1.3325,B
6903,-0.4839,B
6904,-0.5267,B
6905,-0.2007,B
6906,-0.2318,B
6907,0.8171,B
6908,0.6885,B
6909,0.7865,A
6910,-1.6786,B
6911,-0.1679,C
6912,0.5798,B
6913,0.9715,C
6914,-1.4346,C
6915,-0.6535,B
6916,0.1867,C
6917,-0.1891,B
6918,1.1284,A
6919,-0.3816,A
6920,0.3805,A
6921,0.332,A
6922,1.3623,A
6923,-0.5672,B
6924,0.8943,A
6925,0.9945,C
6926,0.5693,C
6927,0.5915,B
6928,-0.8884,C
6929,-0.0709,A
6930,-0.5694,A
6931,-0.5381,B
6932,-0.4932,B
6933,0.909,A
6934,0.345,C
6935,0.7701,A
6936,-0.1507,B
6937,0.5277,A
6938,-2.0895,C
6939,-0.2437,B
6940,0.4421,C
6941,-0.6149,C
6942,0.2299,B
6943,-0.392,A
6944,-0.0644,B
6945,1.355,B
6946,-0.1657,B
6947,-0.3298,A
6948,-0.4542,B
6949,-0.4991,A
6950,-1.0441,B
6951,0.0383,B
6952,-0.2175,C
6953,1.2918,A
6954,-1.0549,A
6955,-1.44,C
6956,-0.1811,C
6957,0.401,B
6958,-0.8054,B
6959,-0.0963,B
6960,0.5404,A
6961,-0.2706,C
6962,-1.1625,C
6963,-0.1186,B
6964,-2.5314,B
6965,-0.4647,A
6966,-0.132,A
6967,-0.0871,B
6968,-1.3983,B
6969,0.5197,B
6970,-0.7628,B
6971,-0.2626,A
6972,-0.5673,B
6973,-2.6349,B
6974,-0.1985,C
6975,1.3694,A
6976,0.4315,B
6977,0.2462,B
6978,-0.4958,C
6979,-0.1169,C
6980,-1.7058,A
6981,0.0096,A
6982,0.523,C
6983,-0.6492,C
6984,-1.4009,B
6985,-0.3273,A
6986,0.0295,B
6987,-0.1508,A
6988,0.189,C
6989,0.633,C
6990,-0.3619,A
6991,-1.3492,C
6992,-0.8934,A
6993,1.0844,C
6994,0.0694,C
6995,1.128,B
6996,-0.8486,B
6997,0.0358,A
6998,-1.9169,B
6999,0.6113,B
7000,-0.8474,C
7001,-0.6907,C
7002,0.6578,A
7003,-0.3239,A
7004,0.3949,A
7005,1.2445,C
7006,-1.726,C
7007,0.2357,B
7008,-0.5235,B
7009,-0.5539,B
7010,-0.1475,B
7011,0.9729,B
7012,-0.6408,C
7013,-0.2973,C
7014,0.2666,A
7015,-0.8243,C
7016,-1.8027,A
7017,0.2361,C
7018,1.907,B
7019,1.7959,A
7020,-0.2955,B
7021,-0.3862,C
7022,-0.6108,B
7023,2.5886,B
7024,0.3848,A
7025,0.503,A
7026,0.3671,C
7027,-0.773,B
7028,-1.1344,B
7029,-0.707,B
7030,-1.3162,A
7031,0.1628,A
7032,1.1702,B
7033,1.9514,B
7034,1.5828,C
7035,0.2849,C
7036,2.5356,C
7037,1.2505,C
7038,0.3079,B
7039,-0.0991,C
7040,2.2141,B
7041,1.4085,A
7042,-0.9958,A
7043,0.6001,A
7044,0.784,A
7045,-0.0595,C
7046,-1.0535,B
7047,0.0781,B
7048,-0.4591,B
7049,0.0343,C
7050,-2.3623,C
7051,-0.9883,B
7052,0.8418,B
7053,0.6418,B
7054,-0.8651,A
7055,-1.0666,A
7056,-1.0345,C
7057,-1.0543,B
7058,1.298,A
7059,0.495,A
7060,0.5243,B
7061,-0.5335,A
7062,2.4479,A
7063,-0.6568,C
7064,-0.6822,C
7065,-0.1359,A
7066,-0.359,B
7067,0.5679,A
7068,-2.5694,C
7069,-0.6088,C
7070,0.6621,C
7071,0.3665,C
7072,0.2602,A
7073,0.2668,A
7074,-1.9381,B
7075,-1.3025,A
7076,-0.8485,A
7077,2.0194,B
7078,0.0307,C
7079,1.3798,B
7080,-1.5272,C
7081,1.077,A
7082,0.8523,C
7083,0.0334,B
7084,-0.8874,B
7085,0.0798,B
7086,1.9208,B
7087,-0.5357,A
7088,0.9861,B
7089,2.1572,A
7090,0.864,B
7091,0.8133,B
7092,-0.9417,B
7093,1.748,C
7094,-0.6167,A
7095,-1.6439,B
7096,-0.1579,C
7097,0.977,C
7098,0.3097,C
7099,0.8034,A
7100,0.9526,A
7101,-0.6967,A
7102,2.1539,A
7103,0.2625,B
7104,-1.2192,A
7105,0.7317,C
7106,-0.5115,A
7107,-2.1468,B
7108,-1.1332,C
7109,2.1418,A
7110,-0.0393,A
7111,-0.2827,A
7112,0.3234,C
7113,-1.4796,B
7114,1.6188,B
7115,-1.3383,C
7116,-1.3573,B
7117,-0.077,C
7118,0.3112,A
7119,1.058,C
7120,-0.2103,B
7121,0.1131,C
7122,-0.1095,C
7123,0.2677,C
7124,1.1104,C
7125,0.2087,C
7126,-1.4196,B
7127,0.9227,A
7128,1.0681,B
7129,-0.0243,B
7130,0.187,B
7131,-2.1033,A
7132,-0.8583,B
7133,1.2213,A
7134,-0.4924,B
7135,0.6295,B
7136,-2.2877,C
7137,1.8016,A
7138,-0.0881,C
7139,0.7316,A
7140,0.8302,B
7141,-0.9155,B
7142,1.3699,A
7143,1.385,B
7144,0.0102,B
7145,-0.9009,A
7146,-0.7922,C
7147,0.2255,A
7148,2.0878,B
7149,-0.9846,C
7150,2.5187,C
7151,-1.0866,A
7152,-1.9899,C
7153,-2.2194,C
7154,-0.3711,A
7155,0.8081,A
7156,0.3256,A
7157,1.2064,A
7158,-0.2094,C
7159,2.6047,A
7160,-0.5343,B
7161,0.9907,A
7162,1.0599,C
7163,1.3577,A
7164,0.7599,C
7165,-0.6489,A
7166,0.5371,B
7167,0.6982,C
7168,-0.2478,C
7169,0.7809,B
7170,-0.2949,C
7171,0.7736,B
7172,1.8557,B
7173,2.0754,A
7174,-0.9696,C
7175,-1.3974,C
7176,0.1895,A
7177,-0.1096,A
7178,-0.3279,A
7179,0.8352,B
7180,-0.5724,C
7181,-0.3683,C
7182,1.1312,C
7183,0.9187,C
7184,0.0075,B
7185,-0.5146,C
7186,1.3521,A
7187,2.0124,C
7188,1.7229,B
7189,0.9535,B
7190,1.3597,A
7191,0.061,A
7192,-1.051,A
7193,-1.2769,A
7194,1.0989,A
7195,1.1734,A
7196,0.2086,A
7197,-0.0935,B
7198,0.251,A
7199,-1.9435,A
7200,-1.0689,B
7201,0.2474,B
7202,0.6408,B
7203,-1.0922,B
7204,2.3655,B
7205,-0.2341,A
7206,0.8628,B
7207,0.3207,A
7208,-1.2978,A
7209,-0.8369,C
7210,0.8147,A
7211,0.0208,B
7212,-1.6413,B
7213,-0.7999,B
7214,-0.7854,A
7215,1.4555,B
7216,-0.3949,A
7217,-1.5852,A
7218,0.7032,B
7219,-1.4724,C
7220,-1.3786,B
7221,0.748,C
7222,0.3655,B
7223,-1.0711,B
7224,-0.3268,A
7225,0.4584,B
7226,1.3721,B
7227,0.5674,C
7228,1.5632,A
7229,-0.6398,A
7230,-0.503,C
7231,1.9383,B
7232,0.6832,B
7233,-1.6383,B
7234,-0.078,C
7235,-1.1394,A
7236,0.1486,B
7237,-0.702,A
7238,0.2596,C
7239,-1.2341,C
7240,-1.1676,B
7241,0.4,B
7242,-0.3516,C
7243,-0.8967,A
7244,-0.4403,A
7245,-1.2288,A
7246,-1.1942,C
7247,-0.9073,C
7248,0.0349,B
7249,1.2416,A
7250,-1.8755,C
7251,1.776,B
7252,1.0833,B
7253,-0.4311,C
7254,-1.13,B
7255,-0.888,C
7256,0.432,B
7257,-0.8109,C
7258,-2.5698,A
7259,0.753,C
7260,0.634,A
7261,1.8304,C
7262,-0.554,A
7263,-0.4448,A
7264,-0.0377,A
7265,-0.5965,C
7266,0.9364,C
7267,1.2627,C
7268,1.4253,C
7269,1.1415,A
7270,1.2149,B
7271,-0.5882,A
7272,-0.1414,A
7273,1.4917,C
7274,-0.6994,C
7275,-1.6193,C
7276,-0.2132,A
7277,-0.8495,B
7278,-0.3499,A
7279,1.2145,B
7280,0.8725,A
7281,-0.5023,C
7282,-1.3523,B
7283,0.5007,B
7284,1.4742,A
7285,0.5536,A
7286,1.4488,C
7287,-0.0182,B
7288,0.9256,A
7289,-0.1951,C
7290,-0.1169,C
7291,-0.4313,A
7292,0.478,C
7293,0.5024,C
7294,-0.2694,C
7295,-0.6515,C
7296,1.1611,C
7297,-2.1262,B
7298,-1.0482,C
7299,-0.0832,A
7300,0.6115,C
7301,0.5004,B
7302,0.5939,B
7303,-0.6761,B
7304,-0.6044,C
7305,0.42,B
7306,-1.0242,B
7307,0.5478,C
7308,-3.1632,C
7309,0.1187,C
7310,1.7482,A
7311,0.4837,C
7312,-1.2204,B
7313,1.6729,B
7314,0.704,B
7315,1.6282,C
7316,-1.3975,A
7317,2.2442,C
7318,-0.7865,B
7319,0.8028,A
7320,0.6522,A
7321,1.5874,C
7322,0.3757,A
7323,-0.55,C
7324,0.0593,C
7325,0.3492,C
7326,1.1542,A
7327,1.6046,C
7328,-2.68,A
7329,-1.2393,A
7330,-1.0356,A
7331,0.851,B
7332,-0.6644,A
7333,0.3813,A
7334,-2.6991,B
7335,-0.2394,C
7336,1.877,C
7337,-0.7196,C
7338,0.3575,C
7339,0.3834,A
7340,0.2986,C
7341,-1.6143,C
7342,-1.1476,B
7343,0.2901,A
7344,0.8445,B
7345,0.2582,B
7346,1.7106,A
7347,0.9478,C
7348,0.6867,C
7349,1.413,A
7350,0.5713,B
7351,-0.0549,A
7352,1.735,C
7353,0.6939,A
7354,-0.5321,C
7355,0.412,C
7356,-0.1763,B
7357,-1.1325,C
7358,0.9255,B
7359,-0.277,C
7360,-1.3031,A
7361,-1.9478,B
7362,-0.8287,B
7363,-0.2081,A
7364,-0.7211,B
7365,0.3985,C
7366,2.0075,B
7367,-2.4156,C
7368,-0.3787,C
7369,-1.4787,C
7370,1.059,B
7371,0.2663,B
7372,2.4445,B
7373,-1.4539,B
7374,0.7583,C
7375,-0.2007,B
7376,-0.053,A
7377,0.1425,A
7378,-0.941,A
7379,0.4322,C
7380,-0.8913,B
7381,1.9146,B
7382,0.147,B
7383,0.781,B
7384,-0.0557,C
7385,-0.1266,A
7386,0.028,C
7387,2.307,B
7388,-0.4116,A
7389,0.6865,A
7390,0.0464,C
7391,1.1819,A
7392,0.3016,B
7393,0.7845,A
7394,-0.852,A
7395,-0.4605,C
7396,1.3008,B
7397,1.5581,C
7398,-0.4979,A
7399,0.3365,C
7400,1.6598,C
7401,-0.9942,A
7402,-1.5642,B
7403,-0.6529,B
7404,2.1135,C
7405,0.3421,B
7406,0.3189,B
7407,-1.8945,B
7408,0.8274,C
7409,-1.3871,B
7410,0.005,B
7411,-1.2303,B
7412,0.8418,B
7413,0.6356,A
7414,0.2221,B
7415,0.7211,B
7416,0.395,C
7417,0.7296,A
7418,0.2926,C
7419,-1.0234,A
7420,-0.9791,C
7421,-1.0288,A
7422,0.0446,A
7423,-0.5234,C
7424,-2.049,A
7425,1.1413,A
7426,0.2872,A
7427,-0.3305,A
7428,-0.5094,B
7429,0.1256,C
7430,-0.5439,B
7431,0.2156,C
7432,1.1231,C
7433,-0.0668,C
7434,-0.4632,C
7435,1.354,B
7436,-0.956,C
7437,-1.2716,C
7438,-0.9757,B
7439,-0.3297,C
7440,-0.2097,A
7441,1.0028,A
7442,-0.8967,C
7443,-1.1653,B
7444,1.4986,C
7445,0.9692,C
7446,0.611,B
7447,-0.4891,B
7448,-0.7691,A
7449,0.703,B
7450,-1.5572,B
7451,-0.7659,C
7452,-0.313,A
7453,0.3807,A
7454,1.321,A
7455,-0.3453,A
7456,-0.1054,C
7457,-0.6701,C
7458,-1.8517,A
7459,-0.2406,C
7460,0.4024,C
7461,1.5788,B
7462,-0.8347,A
7463,-0.8851,B
7464,0.3622,B
7465,0.9403,C
7466,0.8764,C
7467,-0.7058,C
7468,1.1653,C
7469,1.6584,C
7470,0.1883,A
7471,-0.3339,C
7472,1.4995,A
7473,-0.0077,A
7474,-1.6879,B
7475,-0.4044,A
7476,1.4894,C
7477,1.5243,A
7478,-0.3766,C
7479,0.7289,B
7480,-1.3703,B
7481,-1.6603,C
7482,0.2025,B
7483,-0.8228,C
7484,-0.0551,B
7485,1.975,A
7486,0.5205,C
7487,0.9366,B
7488,1.506,A
7489,-0.245,A
7490,0.6721,C
7491,0.1195,B
7492,-0.6769,A
7493,-0.37,A
7494,-1.9214,B
7495,-0.7392,A
7496,-1.323,B
7497,0.9648,B
7498,0.6986,B
7499,0.699,A
7500,2.3663,C
7501,0.6868,C
7502,0.883,A
7503,-0.2375,C
7504,0.056,B
7505,2.3822,C
7506,-1.2599,A
7507,0.5359,C
7508,-0.6579,B
7509,0.892,A
7510,0.0048,B
7511,0.5537,C
7512,2.082,C
7513,0.6639,B
7514,-0.489,C
7515,0.6127,B
7516,1.1828,C
7517,0.6993,B
7518,-0.4171,C
7519,-1.816,A
7520,1.5076,C
7521,0.8394,A
7522,-0.6785,B
7523,-0.5089,C
7524,-0.7396,A
7525,0.1336,A
7526,-0.9403,C
7527,-1.6417,C
7528,0.2103,A
7529,-0.6936,C
7530,-0.2317,B
7531,-0.5424,A
7532,-0.0751,B
7533,0.8031,B
7534,-0.6118,A
7535,-1.1073,B
7536,1.5498,B
7537,-0.2321,C
7538,1.5883,A
7539,-0.0068,B
7540,-0.1943,C
7541,-0.1475,B
7542,-1.4604,B
7543,0.9917,A
7544,0.4951,A
7545,0.1792,C
7546,0.8755,B
7547,1.9252,C
7548,-1.0744,C
7549,1.4405,B
7550,0.7168,A
7551,-0.2764,C
7552,-0.7017,C
7553,2.0518,B
7554,0.5936,B
7555,-0.8384,C
7556,0.3447,C
7557,-1.3864,C
7558,-1.906,B
7559,-0.621,B
7560,1.1672,C
7561,0.1101,C
7562,1.2695,C
7563,-0.5897,B
7564,0.2445,C
7565,0.0387,A
7566,0.9054,B
7567,-0.5274,C
7568,1.28,C
7569,0.701,B
7570,-0.3939,B
7571,-0.7439,A
7572,-0.5537,A
7573,0.8808,A
7574,-2.234,C
7575,-0.8348,B
7576,-0.4661,A
7577,0.1292,A
7578,0.6203,A
7579,0.7669,B
7580,-0.2486,B
7581,0.4101,B
7582,-1.4361,C
7583,-0.1662,B
7584,-0.0815,C
7585,0.2327,A
7586,-0.7017,B
7587,-0.9411,C
7588,0.4828,A
7589,-0.1914,A
7590,-0.7021,A
7591,-0.2341,A
7592,0.0084,B
7593,1.4158,A
7594,-1.966,A
7595,-2.1755,B
7596,2.1968,B
7597,0.6053,A
7598,0.4634,A
7599,1.5474,C
7600,1.5749,B
7601,0.3634,C
7602,-0.0339,C
7603,0.1701,C
7604,-1.0086,C
7605,0.7708,B
7606,0.3822,B
7607,-0.434,B
7608,-1.6923,A
7609,0.8512,C
7610,2.1933,C
7611,-1.39,C
7612,-0.937,A
7613,-0.6172,A
7614,-1.3496,C
7615,-0.4472,C
7616,-1.3293,C
7617,1.6804,A
7618,0.6976,A
7619,0.1502,C
7620,1.3654,B
7621,3.4542,B
7622,0.4715,A
7623,-0.967,C
7624,0.0168,C
7625,1.4147,A
7626,0.6483,A
7627,-0.4315,C
7628,0.8196,A
7629,-1.5954,A
7630,-2.3663,C
7631,-0.4677,A
7632,1.242,A
7633,-0.6806,B
7634,-0.9507,B
7635,0.3961,B
7636,-1.3036,A
7637,1.4942,C
7638,-0.5614,B
7639,1.3446,A
7640,0.5521,A
7641,0.6235,B
7642,0.1609,B
7643,-0.9199,A
7644,-0.8833,A
7645,-1.6325,B
7646,-0.3439,A
7647,-1.7321,A
7648,-0.1177,A
7649,-0.4921,A
7650,1.1625,B
7651,-2.1507,B
7652,-1.7435,C
7653,0.1358,B
7654,-0.6724,A
7655,-0.0838,B
7656,-0.3595,C
7657,1.5339,C
7658,-0.33,C
7659,-2.1871,B
7660,0.2238,C
7661,-1.3369,B
7662,0.4166,A
7663,0.3834,C
7664,-0.6679,B
7665,-0.1296,B
7666,1.6222,C
7667,0.1134,A
7668,0.044,C
7669,-1.5282,A
7670,-1.9985,B
7671,0.3928,B
7672,-0.8101,C
7673,1.9977,B
7674,-0.2845,A
7675,-0.8299,C
7676,0.1208,B
7677,0.4495,C
7678,0.6178,C
7679,-0.4616,C
7680,-0.4562,A
7681,1.092,A
7682,-0.783,B
7683,-0.178,C
7684,-0.2112,A
7685,-0.8542,A
7686,1.5751,B
7687,-2.4418,A
7688,-1.366,C
7689,-0.12,A
7690,0.3108,C
7691,1.4983,C
7692,0.6778,A
7693,0.5791,B
7694,-0.7518,A
7695,-1.3394,B
7696,1.3924,C
7697,-0.5127,A
7698,0.6157,B
7699,-1.54,B
7700,-0.7462,B
7701,2.2914,B
7702,1.2915,A
7703,0.1212,A
7704,1.2665,B
7705,-0.203,B
7706,-0.9853,B
7707,1.4329,A
7708,-1.9538,B
7709,1.1322,C
7710,-0.2853,A
7711,-0.7524,C
7712,-2.3642,A
7713,-0.9006,B
7714,-0.1688,C
7715,0.2134,A
7716,-0.3563,A
7717,-0.8227,C
7718,-0.1259,B
7719,0.6254,A
7720,-1.1612,A
7721,0.0227,C
7722,1.2398,B
7723,-0.2676,A
7724,-0.412,C
7725,-1.1553,B
7726,-1.0231,B
7727,-1.3696,C
7728,-0.454,B
7729,1.0327,A
7730,-0.6337,C
7731,2.7152,B
7732,-0.1787,B
7733,0.901,C
7734,-0.0407,B
7735,-0.3198,A
7736,0.7829,B
7737,1.9979,A
7738,0.7628,C
7739,-0.5998,B
7740,-1.8914,B
7741,0.079,C
7742,0.417,C
7743,0.6167,C
7744,0.4557,A
7745,0.2176,C
7746,-1.136,A
7747,0.0689,B
7748,-0.4522,C
7749,0.5506,B
7750,-0.4227,C
7751,-0.2557,A
7752,0.2704,B
7753,1.3139,C
7754,-0.7097,B
7755,-0.2748,C
7756,0.545,A
7757,-0.5605,B
7758,-0.3781,C
7759,1.434,B
7760,0.191,B
7761,-0.6969,A
7762,1.2058,A
7763,-0.032,B
7764,-0.3983,C
7765,0.2414,C
7766,-2.3157,A
7767,-2.5651,B
7768,0.1209,A
7769,1.537,C
7770,-1.1712,A
7771,0.093,B
7772,-0.5218,B
7773,0.4045,A
7774,-0.3034,A
7775,-0.9488,C
7776,1.4323,B
7777,-0.4984,B
7778,-1.752,C
7779,0.8248,A
7780,0.174,C
7781,1.8043,B
7782,-1.2046,B
7783,0.2396,B
7784,2.5126,C
7785,1.6907,C
7786,0.6476,A
7787,0.7773,B
7788,0.4165,B
7789,-0.5137,C
7790,-1.8235,A
7791,3.0878,C
7792,0.1905,B
7793,0.6906,B
7794,-0.1647,C
7795,0.8609,C
7796,0.3819,A
7797,-1.267,B
7798,1.237,C
7799,1.0971,C
7800,0.5042,C
7801,1.2553,C
7802,-1.3911,B
7803,-0.3793,A
7804,1.0613,C
7805,1.1966,B
7806,-1.0082,A
7807,1.5314,B
7808,0.0543,C
7809,-0.3482,C
7810,-0.4423,B
7811,0.5133,B
7812,0.9478,A
7813,0.0998,B
7814,1.2104,B
7815,-0.7088,B
7816,-1.6233,C
7817,0.9108,C
7818,0.0869,C
7819,0.1453,A
7820,1.9038,C
7821,0.969,B
7822,0.9022,A
7823,0.6217,C
7824,-0.0084,B
7825,1.1975,B
7826,0.442,A
7827,1.8902,C
7828,0.3791,A
7829,-0.2702,A
7830,0.3392,A
7831,0.5361,A
7832,-0.5811,A
7833,1.819,A
7834,0.4443,C
7835,0.8247,C
7836,-1.2202,B
7837,-0.2956,B
7838,-1.3144,A
7839,0.5965,B
7840,1.9819,B
7841,-3.1067,A
7842,0.8054,A
7843,0.4605,C
7844,-1.2702,B
7845,0.3549,A
7846,0.9112,B
7847,-0.5353,B
7848,0.4342,A
7849,0.197,B
7850,-0.2587,C
7851,-0.6374,A
7852,0.1584,A
7853,-0.2205,C
7854,-0.4855,A
7855,1.19,B
7856,-0.79,B
7857,0.0888,A
7858,-0.6172,B
7859,-0.4144,C
7860,-1.8552,A
7861,-0.7373,B
7862,-0.2738,C
7863,-0.6473,C
7864,-0.5313,A
7865,0.2402,C
7866,-0.3199,B
7867,-1.1331,A
7868,-0.4596,B
7869,0.735,A
7870,1.153,C
7871,1.4183,C
7872,-1.9589,B
7873,-0.1644,B
7874,-0.5733,B
7875,-0.704,C
7876,0.8869,A
7877,-0.302,C
7878,-0.3164,B
7879,-1.6554,B
7880,-0.3264,A
7881,0.2138,C
7882,0.6265,B
7883,-1.0111,B
7884,-0.2216,C
7885,0.0884,A
7886,-0.6351,A
7887,-1.6373,B
7888,0.9859,A
7889,-0.1382,C
7890,0.7698,A
7891,-1.1309,A
7892,-0.4205,C
7893,0.7297,C
7894,-0.0024,B
7895,-0.2854,C
7896,-1.2984,C
7897,0.3068,A
7898,-0.3479,B
7899,-0.6331,A
7900,-0.0549,B
7901,0.463,B
7902,-0.1491,B
7903,0.9873,B
7904,1.1407,C
7905,-0.5479,A
7906,-0.3736,C
7907,1.171,B
7908,1.0665,B
7909,0.7714,C
7910,0.0933,C
7911,-1.2527,C
7912,-0.328,B
7913,-1.2154,A
7914,0.7072,A
7915,-0.7218,B
7916,1.8064,A
7917,-0.5706,A
7918,-0.5546,C
7919,1.1185,A
7920,-2.3865,A
7921,0.4736,C
7922,1.6939,B
7923,0.546,A
7924,0.491,B
7925,1.2327,B
7926,0.0227,B
7927,-0.4058,B
7928,-0.7766,A
7929,-1.3682,A
7930,0.2687,A
7931,-1.8788,B
7932,-0.4182,B
7933,-0.4685,A
7934,1.3526,C
7935,-0.3924,A
7936,-0.8408,A
7937,-1.7463,A
7938,-0.311,B
7939,0.2465,B
7940,-0.8247,A
7941,-0.228,B
7942,2.0841,A
7943,-0.0264,C
7944,-0.6379,B
7945,-0.898,B
7946,-0.6957,B
7947,-0.2499,A
7948,0.8827,C
7949,-1.4281,A
7950,-0.7989,C
7951,0.054,A
7952,0.7625,C
7953,-0.8467,B
7954,-1.7111,A
7955,0.02,A
7956,1.2663,A
7957,3.083,B
7958,0.3898,A
7959,-1.6872,C
7960,-1.6712,A
7961,0.1777,A
7962,-1.792,B
7963,0.3696,A
7964,-0.3359,C
7965,-1.1948,C
7966,-1.8383,C
7967,1.2022,B
7968,-1.1192,A
7969,1.9509,B
7970,0.055,C
7971,1.0889,B
7972,-0.6232,B
7973,-0.9546,A
7974,-1.5255,A
7975,-0.2783,C
7976,-0.3376,A
7977,-2.1737,C
7978,0.4924,A
7979,-1.0551,C
7980,0.0439,B
7981,-0.259,B
7982,0.3238,C
7983,0.9333,B
7984,0.6992,B
7985,-0.2391,C
7986,1.0501,A
7987,0.0061,B
7988,-0.2879,C
7989,-1.571,C
7990,0.9505,A
7991,0.1018,C
7992,-0.6151,B
7993,-0.3368,B
7994,-0.6677,A
7995,-0.6428,A
7996,-1.0391,C
7997,-0.5148,B
7998,0.8399,C
7999,-0.4055,A
8000,-0.6301,C
8001,0.2103,B
8002,0.5997,B
8003,1.059,A
8004,0.7008,B
8005,1.1737,B
8006,-1.5461,B
8007,-0.3077,C
8008,-2.5667,C
8009,0.1017,B
8010,-0.0233,C
8011,-0.2049,A
8012,-1.4239,C
8013,0.928,C
8014,0.8811,A
8015,-0.9855,A
8016,0.6033,B
8017,0.159,C
8018,1.6626,A
8019,-1.5396,A
8020,0.3167,C
8021,0.8268,C
8022,-0.3959,A
8023,-0.879,C
8024,-0.6935,B
8025,1.0387,A
8026,-1.8755,C
8027,-0.5334,B
8028,-0.277,C
8029,-1.52,B
8030,0.9632,C
8031,0.1755,C
8032,1.6485,A
8033,-0.5701,B
8034,-0.0792,A
8035,-1.5953,C
8036,-0.7515,A
8037,-0.3976,A
8038,-0.2703,B
8039,1.6375,B
8040,-1.2459,A
8041,-0.9299,C
8042,0.0958,B
8043,-0.5965,C
8044,-1.854,B
8045,0.4474,C
8046,1.4338,C
8047,-2.5091,C
8048,-0.8094,B
8049,0.184,B
8050,1.8481,C
8051,0.0429,A
8052,0.6348,B
8053,-0.5814,C
8054,0.1341,A
8055,0.0633,B
8056,0.9242,A
8057,-0.4298,C
8058,0.4315,A
8059,-0.7618,C
8060,1.3806,C
8061,1.2333,B
8062,0.9277,C
8063,1.2273,A
8064,1.8972,A
8065,-1.4937,A
8066,-1.3596,C
8067,1.3174,A
8068,-1.8136,A
8069,-0.5898,C
8070,1.2871,B
8071,-0.4997,A
8072,0.2044,A
8073,0.3164,A
8074,-1.1765,A
8075,0.5465,A
8076,0.1311,C
8077,-0.0323,B
8078,-0.3294,B
8079,1.6768,B
8080,0.3981,B
8081,-0.4717,A
8082,-1.1915,A
8083,0.5465,A
8084,-0.0856,C
8085,-1.8285,A
8086,1.5707,C
8087,1.3172,B
8088,-2.656,A
8089,0.1926,B
8090,-1.4624,C
8091,0.0261,C
8092,-0.4077,B
8093,-0.5406,B
8094,-0.2373,B
8095,0.7825,C
8096,0.0113,C
8097,-1.7929,A
8098,1.3625,C
8099,-0.0351,B
8100,-0.9682,B
8101,1.3788,B
8102,1.6211,B
8103,-0.904,A
8104,2.274,C
8105,0.5787,C
8106,-1.1677,A
8107,0.1585,A
8108,-0.5284,B
8109,2.5922,A
8110,0.8171,A
8111,0.0137,A
8112,0.202,C
8113,-1.2638,C
8114,-0.7089,C
8115,0.3026,C
8116,-0.0398,A
8117,1.6019,C
8118,-0.0415,A
8119,2.4045,C
8120,-0.4493,B
8121,-0.8627,A
8122,-0.0902,C
8123,-0.5556,C
8124,-0.5642,A
8125,0.5456,B
8126,-0.3357,B
8127,-0.8523,B
8128,-0.684,B
8129,-1.6613,C
8130,1.0766,A
8131,1.5171,B
8132,0.8043,B
8133,-1.4277,B
8134,-0.6884,B
8135,-0.2806,B
8136,0.5696,C
8137,0.754,C
8138,-0.073,C
8139,-0.1408,C
8140,0.6253,B
8141,-0.3071,A
8142,-0.5142,A
8143,-0.6845,C
8144,1.0498,B
8145,-0.7226,C
8146,-0.6776,A
8147,-2.6713,B
8148,-0.4774,C
8149,-0.6002,A
8150,-1.1167,B
8151,0.4297,C
8152,0.519,B
8153,0.868,C
8154,-1.0456,B
8155,1.2099,B
8156,-1.5825,C
8157,-0.8751,A
8158,0.8226,B
8159,1.671,B
8160,-0.3149,C
8161,-1.1298,A
8162,-0.5343,B
8163,0.3859,C
8164,0.2199,B
8165,2.1772,B
8166,-1.1585,A
8167,1.0603,A
8168,1.4477,A
8169,-0.414,B
8170,-0.2636,C
8171,-0.6666,C
8172,-0.7203,B
8173,-0.3898,A
8174,-0.3889,A
8175,-0.7696,A
8176,1.1454,C
8177,0.8625,A
8178,1.2643,A
8179,-2.0153,C
8180,-0.5478,C
8181,1.3363,A
8182,-0.2323,B
8183,0.0784,B
8184,1.0565,B
8185,0.1575,B
8186,0.5484,A
8187,1.2461,A
8188,-1.005,C
8189,0.4811,B
8190,-1.2506,B
8191,-0.3049,C
8192,-1.6685,A
8193,0.8251,A
8194,-0.3981,A
8195,1.2389,B
8196,0.0948,A
8197,-0.2114,B
8198,1.7032,C
8199,-0.1981,A
8200,-0.3295,B
8201,0.8889,A
8202,-0.0713,C
8203,0.8369,C
8204,0.1794,B
8205,-1.3508,C
8206,1.133,A
8207,0.6135,C
8208,0.1182,A
8209,0.1983,B
8210,-0.2319,B
8211,1.1001,C
8212,-0.6679,A
8213,-0.0039,B
8214,0.219,A
8215,0.2004,B
8216,0.4198,B
8217,-2.2826,B
8218,-0.3699,B
8219,-0.0469,B
8220,0.1669,B
8221,-1.8675,C
8222,0.0745,B
8223,0.9288,B
8224,-0.0853,A
8225,-1.3197,C
8226,1.3222,C
8227,-1.7059,C
8228,0.525,C
8229,-0.7157,A
8230,0.508,A
8231,0.0495,B
8232,-0.6851,A
8233,-1.2084,C
8234,-1.1577,C
8235,0.8808,C
8236,0.2935,C
8237,1.7742,C
8238,-0.5834,C
8239,-0.1898,A
8240,0.1498,B
8241,0.4369,A
8242,0.657,C
8243,0.1394,A
8244,-1.3328,C
8245,-0.3439,B
8246,0.3555,A
8247,-0.6651,B
8248,0.5571,A
8249,-1.0296,B
8250,-0.698,C
8251,-0.8302,A
8252,0.6313,C
8253,0.5076,B
8254,1.9439,B
8255,-0.0927,B
8256,0.2651,A
8257,0.089,C
8258,-1.178,C
8259,-2.0643,C
8260,-2.4271,A
8261,0.128,B
8262,0.0271,C
8263,0.0182,A
8264,-1.4896,B
8265,-0.3418,B
8266,0.1899,A
8267,1.3758,B
8268,1.1228,A
8269,-0.2176,C
8270,-0.5058,A
8271,1.1393,B
8272,1.6104,C
8273,-0.1014,B
8274,-0.8214,B
8275,-0.7529,C
8276,1.0833,C
8277,-0.5464,A
8278,-1.6302,B
8279,0.2406,B
8280,-0.2369,C
8281,0.7008,C
8282,0.0556,C
8283,-1.0239,B
8284,-0.0792,B
8285,0.0128,B
8286,-1.1321,A
8287,-0.9338,A
8288,-0.157,C
8289,-0.0092,B
8290,0.7051,B
8291,1.3908,A
8292,-0.5025,C
8293,-0.5212,A
8294,0.8649,A
8295,-0.4744,C
8296,0.6527,B
8297,-1.8962,B
8298,-0.5444,C
8299,-0.6579,C
8300,-0.309,C
8301,-0.5456,A
8302,0.0091,B
8303,-0.1892,A
8304,1.992,B
8305,0.4483,B
8306,0.8816,C
8307,-1.286,A
8308,-0.1871,B
8309,-0.2836,A
8310,0.1192,A
8311,-1.2263,B
8312,0.9046,C
8313,-0.8211,B
8314,-0.0387,A
8315,0.6342,B
8316,-0.1752,B
8317,0.3449,B
8318,-0.8889,B
8319,0.3437,C
8320,1.4422,C
8321,1.9908,A
8322,0.1616,B
8323,0.8225,B
8324,-0.1026,B
8325,-0.3139,A
8326,-0.4975,B
8327,0.7636,A
8328,0.564,B
8329,0.3784,A
8330,-1.7545,B
8331,-3.1414,A
8332,0.2847,A
8333,-1.1261,C
8334,-0.5269,B
8335,0.4597,A
8336,-0.6049,A
8337,-1.8055,A
8338,-2.4372,C
8339,0.3144,C
8340,0.9026,C
8341,0.3821,A
8342,-0.2244,A
8343,-1.6729,A
8344,-0.0403,A
8345,0.1821,B
8346,0.4781,B
8347,1.5881,B
8348,-0.4538,A
8349,1.3477,B
8350,-0.6991,C
8351,-0.6632,B
8352,0.4554,C
8353,1.2841,A
8354,-0.2897,A
8355,0.9888,A
8356,1.0736,A
8357,-0.4226,C
8358,1.8215,C
8359,-1.6939,C
8360,-0.6376,B
8361,-0.5357,A
8362,0.8109,B
8363,0.8122,A
8364,1.2449,A
8365,-0.2612,A
8366,-1.1563,A
8367,0.4921,A
8368,-0.3777,A
8369,0.1303,B
8370,-0.5328,C
8371,-0.5626,A
8372,-2.2539,B
8373,-0.9889,B
8374,0.5735,B
8375,0.578,B
8376,-0.7365,C
8377,-0.5881,C
8378,-0.6832,A
8379,0.7712,A
8380,-1.7341,A
8381,-0.5617,B
8382,2.3931,C
8383,0.419,C
8384,-0.0925,A
8385,-0.8819,A
8386,0.5822,C
8387,-1.6783,C
8388,-0.8728,A
8389,1.7822,C
8390,0.6002,A
8391,1.4021,C
8392,1.6637,A
8393,0.3197,C
8394,-1.9005,B
8395,-0.6784,C
8396,-0.7532,A
8397,-0.1653,C
8398,-1.5621,B
8399,-0.2876,B
8400,0.2638,C
8401,-0.5107,A
8402,0.5237,B
8403,-0.2649,A
8404,0.6228,B
8405,0.1125,A
8406,-1.3727,B
8407,0.4165,B
8408,-1.0679,A
8409,-0.4422,C
8410,1.2657,C
8411,-0.1385,C
8412,0.7323,B
8413,0.7285,B
8414,1.0583,C
8415,0.1863,C
8416,0.0478,C
8417,0.0502,B
8418,-0.4727,A
8419,0.697,C
8420,-0.8347,C
8421,-1.1235,A
8422,-1.1165,C
8423,1.009,B
8424,0.049,C
8425,1.169,C
8426,1.527,A
8427,-0.0962,C
8428,1.2819,A
8429,-0.7979,C
8430,-0.2234,A
8431,0.0594,B
8432,0.4021,A
8433,0.8139,C
8434,1.0939,C
8435,0.4073,B
8436,0.6664,B
8437,-0.7682,B
8438,-0.139,C
8439,-1.448,B
8440,1.44,C
8441,0.8004,C
8442,0.5669,B
8443,-0.4363,B
8444,0.3251,B
8445,0.8362,B
8446,1.0655,B
8447,-0.0233,C
8448,-0.1343,C
8449,-0.044,B
8450,1.4749,A
8451,-1.2869,B
8452,-0.0047,C
8453,0.3841,A
8454,0.1328,C
8455,-0.5876,C
8456,0.251,B
8457,-0.1661,C
8458,1.2646,C
8459,-0.4194,B
8460,-0.7947,A
8461,-0.1961,C
8462,0.3618,A
8463,-1.2334,C
8464,-0.8388,C
8465,-1.0308,C
8466,1.3899,C
8467,-0.3693,B
8468,-1.6752,B
8469,1.566,A
8470,-1.1476,A
8471,1.1881,C
8472,1.1617,C
8473,-0.0759,C
8474,-0.3126,B
8475,-0.1171,A
8476,-0.5844,C
8477,-0.1203,B
8478,0.6205,B
8479,-0.8707,B
8480,-1.673,A
8481,0.9352,C
8482,0.2273,C
8483,-1.4624,C
8484,0.7887,C
8485,1.1091,A
8486,0.4241,C
8487,0.4232,A
8488,-0.3719,B
8489,-1.1664,A
8490,-2.3482,B
8491,2.1945,C
8492,0.1685,A
8493,0.2796,B
8494,0.1413,B
8495,-0.4762,A
8496,-0.5659,B
8497,1.4816,C
8498,-1.5435,B
8499,0.4117,A
8500,-0.3706,A
8501,-1.0806,A
8502,-0.785,A
8503,-1.4773,B
8504,-0.4818,B
8505,0.6864,C
8506,-0.0946,B
8507,0.2656,B
8508,0.5078,A
8509,-1.0965,B
8510,-0.9042,B
8511,-0.7687,B
8512,-0.3617,A
8513,0.037,A
8514,-0.6648,B
8515,0.2156,C
8516,0.4402,B
8517,0.8275,A
8518,-0.6483,C
8519,0.723,C
8520,-2.0348,B
8521,1.1515,B
8522,-2.4448,C
8523,1.2979,B
8524,-2.5583,C
8525,1.1285,C
8526,0.954,B
8527,-0.7851,B
8528,1.915,A
8529,0.0882,A
8530,-1.4785,B
8531,0.8461,C
8532,0.0611,C
8533,-0.103,A
8534,-2.3884,C
8535,-0.4634,C
8536,-0.6893,C
8537,0.0837,B
8538,-0.2275,A
8539,0.1144,C
8540,1.6627,A
8541,0.0374,B
8542,0.2049,A
8543,0.8537,B
8544,0.5246,B
8545,1.4783,B
8546,1.5385,A
8547,-0.4301,B
8548,0.943,C
8549,0.3423,A
8550,1.2031,B
8551,-0.2544,B
8552,-0.1707,B
8553,-1.4624,B
8554,-1.5664,C
8555,0.475,B
8556,1.5,B
8557,-0.7585,C
8558,-0.7975,B
8559,-0.1508,C
8560,1.1444,A
8561,-0.1686,A
8562,-2.0919,B
8563,-1.0231,A
8564,0.5046,A
8565,0.1602,C
8566,0.6608,B
8567,-0.9119,C
8568,-0.9963,C
8569,-1.004,B
8570,-0.9844,B
8571,1.1273,B
8572,-0.5173,A
8573,-0.1574,C
8574,0.7827,B
8575,-0.7474,A
8576,-1.1726,B
8577,1.2804,C
8578,-0.7281,C
8579,-0.9986,B
8580,0.1028,A
8581,0.8894,A
8582,0.7388,A
8583,-0.4297,C
8584,-1.2858,B
8585,0.5542,B
8586,0.1542,B
8587,1.1921,A
8588,0.032,B
8589,0.069,C
8590,0.0083,B
8591,-1.6341,B
8592,0.967,A
8593,1.6096,C
8594,-1.1748,C
8595,0.5095,C
8596,-0.8154,B
8597,0.7702,A
8598,0.9857,C
8599,0.0615,A
8600,-0.7136,B
8601,1.0259,A
8602,0.5519,A
8603,1.6192,B
8604,-1.5964,C
8605,-0.7393,B
8606,0.3649,C
8607,-1.5324,B
8608,1.202,A
8609,0.5924,A
8610,-1.3625,A
8611,0.0212,C
8612,-0.2037,B
8613,0.3836,C
8614,-0.2191,C
8615,-1.1271,B
8616,-1.6871,B
8617,-0.4596,A
8618,-0.1347,C
8619,0.0858,C
8620,2.133,B
8621,-0.6435,A
8622,-2.3688,C
8623,-0.5859,C
8624,-0.2623,B
8625,-0.8232,C
8626,0.009,B
8627,1.3421,A
8628,0.0741,A
8629,0.3503,A
8630,0.3754,A
8631,-0.9881,B
8632,-0.3221,B
8633,-0.1757,B
8634,-0.4785,B
8635,1.1417,A
8636,0.0619,A
8637,-1.2905,A
8638,0.8063,C
8639,0.5516,A
8640,0.5092,A
8641,0.5682,C
8642,1.6881,C
8643,2.7444,B
8644,0.1215,B
8645,0.1314,B
8646,0.2488,B
8647,-0.0563,B
8648,-0.3897,A
8649,1.422,C
8650,0.6601,A
8651,-1.2544,A
8652,0.697,C
8653,-2.1645,B
8654,0.0976,A
8655,0.8221,A
8656,0.6319,A
8657,-1.9931,C
8658,0.1484,B
8659,-1.2861,A
8660,0.3444,A
8661,-0.7701,B
8662,-0.9108,A
8663,0.8422,A
8664,-2.1068,B
8665,-0.728,C
8666,0.8456,A
8667,-0.9191,A
8668,-1.8568,C
8669,-1.3853,A
8670,0.3189,C
8671,1.6337,A
8672,0.5698,B
8673,-0.2955,C
8674,-0.3507,C
8675,0.1884,C
8676,0.0258,B
8677,1.4994,B
8678,0.1932,C
8679,-0.3418,C
8680,0.0184,B
8681,-0.0862,C
8682,2.7679,A
8683,-0.6735,A
8684,-0.3766,A
8685,-0.2315,A
8686,-0.2807,B
8687,0.8154,A
8688,-0.6817,B
8689,0.3529,C
8690,1.065,C
8691,-0.2829,C
8692,0.918,B
8693,-0.0215,C
8694,-1.0394,A
8695,1.5299,C
8696,-0.7098,B
8697,1.3694,C
8698,0.1951,C
8699,0.3986,A
8700,-0.7612,B
8701,0.0538,B
8702,-0.2823,B
8703,1.6448,A
8704,0.3991,B
8705,0.4009,C
8706,-1.4548,C
8707,-0.4981,B
8708,-0.255,A
8709,-0.8397,C
8710,0.2201,C
8711,-0.9965,C
8712,-0.167,A
8713,-1.1972,C
8714,2.4412,A
8715,0.582,B
8716,-1.6245,A
8717,0.5742,B
8718,-0.6516,C
8719,0.6098,B
8720,-0.0009,C
8721,-0.7744,B
8722,-0.6093,B
8723,0.098,A
8724,2.1852,B
8725,1.1949,A
8726,-1.2475,A
8727,-1.0137,A
8728,-0.861,A
8729,-1.6374,A
8730,1.4033,C
8731,0.9103,A
8732,0.1154,B
8733,-0.5144,C
8734,-0.0079,C
8735,-0.2392,A
8736,1.7334,B
8737,0.3031,C
8738,-0.7488,C
8739,-0.6897,B
8740,-0.0552,A
8741,-0.6356,A
8742,-0.7647,B
8743,-0.5356,A
8744,0.8125,C
8745,-0.6975,B
8746,1.6044,B
8747,0.7689,A
8748,0.6881,B
8749,-1.4292,C
8750,-0.1352,A
8751,-0.9578,B
8752,0.7872,A
8753,-0.4199,C
8754,-0.6223,B
8755,0.1331,A
8756,-0.4313,A
8757,0.2901,B
8758,-0.3744,A
8759,1.0503,B
8760,-1.261,C
8761,0.0382,C
8762,-1.3925,C
8763,0.2303,C
8764,0.7189,A
8765,-0.1305,A
8766,-0.6653,C
8767,-0.5914,A
8768,-0.6228,A
8769,-1.626,C
8770,-1.2451,A
8771,1.5819,C
8772,0.0991,A
8773,-1.5966,C
8774,-0.1271,A
8775,1.4632,A
8776,1.5945,C
8777,-0.5702,C
8778,-0.9356,C
8779,1.5602,A
8780,0.271,A
8781,0.9666,C
8782,-0.2724,A
8783,-0.3486,B
8784,0.1241,B
8785,-0.9916,B
8786,2.0685,C
8787,-0.5779,B
8788,-1.4312,B
8789,0.4525,C
8790,0.0612,B
8791,-0.3522,C
8792,-1.5759,A
8793,-0.9082,C
8794,0.069,C
8795,0.6916,A
8796,0.0732,B
8797,-0.0483,A
8798,0.1991,B
8799,-0.8486,A
8800,-0.7998,C
8801,2.0998,A
8802,0.5577,B
8803,-0.0831,C
8804,0.1995,C
8805,-2.0926,B
8806,-0.6863,B
8807,0.3047,C
8808,0.3134,B
8809,1.6698,C
8810,0.3757,A
8811,-0.1994,A
8812,1.6565,A
8813,2.1043,C
8814,-0.6585,A
8815,-0.2698,C
8816,0.1554,C
8817,0.782,A
8818,0.7584,C
8819,0.3624,B
8820,-1.3294,A
8821,1.2494,C
8822,-0.5595,B
8823,1.4586,A
8824,-0.8431,C
8825,1.0634,A
8826,0.2031,B
8827,-0.2644,B
8828,-1.4415,B
8829,-0.0619,B
8830,-0.5487,C
8831,-0.0095,A
8832,-0.9867,A
8833,-0.6439,C
8834,0.048,A
8835,-1.0981,A
8836,-1.2284,A
8837,0.199,C
8838,-2.0,C
8839,-2.0745,C
8840,-0.3573,A
8841,-2.1079,B
8842,0.1479,A
8843,0.7787,B
8844,1.9491,C
8845,-1.4663,B
8846,1.1471,C
8847,0.2399,A
8848,0.9943,C
8849,0.8094,B
8850,0.175,A
8851,1.1044,C
8852,-1.6073,A
8853,1.9853,A
8854,0.7955,B
8855,0.601,B
8856,-1.0941,C
8857,0.3582,A
8858,-0.0053,A
8859,-1.0802,C
8860,0.6028,C
8861,0.2503,B
8862,-1.5884,C
8863,-0.9707,A
8864,-0.0867,C
8865,1.9808,A
8866,1.0651,C
8867,0.5433,A
8868,-0.9546,A
8869,-0.8101,A
8870,-0.98,A
8871,-0.5174,C
8872,-1.1027,B
8873,-1.324,A
8874,0.6776,B
8875,1.897,A
8876,1.099,C
8877,-1.1352,A
8878,-0.2761,B
8879,0.0254,B
8880,1.4981,A
8881,-0.4521,A
8882,-0.3386,A
8883,-1.5617,A
8884,0.4788,B
8885,0.9787,B
8886,-0.3702,C
8887,-0.5832,B
8888,0.7168,A
8889,-0.0125,B
8890,-0.8535,A
8891,0.6034,C
8892,-0.4182,A
8893,0.1403,B
8894,0.0401,A
8895,0.7493,B
8896,0.2695,A
8897,-0.7392,A
8898,0.5587,A
8899,-0.2716,C
8900,-1.6329,C
8901,-2.2262,A
8902,1.6679,C
8903,-0.4877,C
8904,-0.3438,B
8905,0.1941,A
8906,0.0959,A
8907,-1.5124,A
8908,1.6026,A
8909,2.1724,B
8910,-0.461,C
8911,0.8681,B
8912,-0.1544,A
8913,-1.1508,A
8914,-1.1701,C
8915,0.0104,C
8916,0.4398,C
8917,1.061,A
8918,0.2853,A
8919,1.3511,B
8920,-0.0519,C
8921,0.993,A
8922,-0.21,A
8923,-0.0178,C
8924,1.0657,A
8925,0.0552,A
8926,-0.9226,B
8927,0.5727,C
8928,1.0837,A
8929,-0.517,B
8930,0.6512,C
8931,0.9133,C
8932,-1.0326,C
8933,-1.1182,C
8934,0.5505,B
8935,0.5823,B
8936,0.8705,A
8937,-1.632,A
8938,0.5304,B
8939,1.052,C
8940,-0.0631,B
8941,-0.2277,B
8942,0.1785,C
8943,-0.9184,A
8944,0.3388,C
8945,-0.4441,C
8946,1.3045,A
8947,-1.5869,C
8948,0.4695,C
8949,-0.8228,A
8950,1.148,C
8951,0.6522,C
8952,0.8293,A
8953,-0.8061,B
8954,0.5832,B
8955,-1.9127,C
8956,0.7186,B
8957,-1.3295,C
8958,-0.1028,A
8959,0.5464,A
8960,-0.0119,B
8961,0.0925,C
8962,0.5706,C
8963,-0.0249,B
8964,1.101,B
8965,1.1082,A
8966,0.0911,A
8967,0.0691,A
8968,-0.478,A
8969,0.8289,C
8970,-0.172,B
8971,-1.7593,A
8972,-1.2398,C
8973,-0.4626,B
8974,0.4889,C
8975,0.4833,A
8976,-0.7381,A
8977,1.0042,B
8978,-0.3685,A
8979,-2.8626,A
8980,-0.3686,A
8981,-0.4442,A
8982,-0.0908,A
8983,-0.5438,B
8984,-1.2344,A
8985,0.6474,A
8986,0.8608,A
8987,0.0923,A
8988,1.2007,B
8989,0.7761,B
8990,-0.1448,C
8991,-0.7581,A
8992,-1.4415,A
8993,-0.7159,C
8994,1.48,A
8995,-0.9899,A
8996,0.3899,B
8997,0.0669,B
8998,0.8078,C
8999,-0.5569,B
9000,0.3761,B
9001,-1.17,C
9002,-0.9818,C
9003,-0.9254,A
9004,-2.491,B
9005,0.19,B
9006,-1.303,C
9007,-0.3686,A
9008,-0.1016,C
9009,0.2699,C
9010,0.8787,B
9011,-1.3692,A
9012,-0.4522,C
9013,1.3179,C
9014,0.4618,B
9015,-1.9102,A
9016,0.781,A
9017,-0.8609,B
9018,0.4712,A
9019,-0.4742,B
9020,-1.2736,B
9021,1.4829,B
9022,-0.512,A
9023,-0.9939,C
9024,-0.7268,C
9025,-1.0981,C
9026,0.1793,A
9027,0.1179,B
9028,1.3186,C
9029,-0.7627,B
9030,-0.0981,A
9031,-1.885,B
9032,1.1826,A
9033,-0.621,B
9034,0.2874,B
9035,0.3838,C
9036,-0.1459,A
9037,1.1797,A
9038,1.0129,B
9039,-0.9355,A
9040,0.1786,A
9041,0.656,B
9042,0.7654,B
9043,1.2965,B
9044,-1.2471,A
9045,-0.42,A
9046,-0.8551,B
9047,-0.1578,C
9048,0.1,A
9049,0.7057,B
9050,0.4899,A
9051,1.2295,B
9052,0.3244,C
9053,0.2169,A
9054,0.1331,B
9055,0.9828,C
9056,0.3876,C
9057,-1.4973,B
9058,-0.6957,B
9059,-0.5326,B
9060,0.4403,B
9061,-0.9543,A
9062,1.0884,C
9063,0.082,B
9064,-1.5336,A
9065,-0.843,A
9066,0.5117,B
9067,-0.3895,B
9068,1.0804,A
9069,-0.4009,A
9070,-0.6277,A
9071,-0.5748,B
9072,0.6469,B
9073,0.6708,A
9074,1.0254,C
9075,-0.333,B
9076,-1.4924,C
9077,-0.4711,C
9078,-0.0633,A
9079,-1.6133,B
9080,0.0775,A
9081,0.0333,B
9082,-0.8183,B
9083,0.496,B
9084,0.0208,C
9085,0.398,C
9086,0.7652,C
9087,-0.0479,B
9088,-0.0525,C
9089,0.7478,B
9090,-0.6579,A
9091,0.7222,A
9092,0.121,A
9093,-1.5657,A
9094,0.5764,A
9095,1.4947,B
9096,1.7912,B
9097,-1.3988,A
9098,-0.0366,B
9099,1.4878,B
9100,-0.4351,C
9101,-0.3101,A
9102,0.1957,B
9103,-0.4385,C
9104,2.1096,B
9105,-0.6593,A
9106,1.0244,C
9107,0.3902,A
9108,-0.4776,B
9109,0.2367,B
9110,-0.2636,A
9111,0.7592,C
9112,1.3186,A
9113,1.4397,B
9114,-1.0974,C
9115,0.0332,C
9116,0.0041,C
9117,-0.2808,C
9118,-0.1908,C
9119,0.4612,A
9120,1.1231,A
9121,0.8923,C
9122,-2.3801,B
9123,-0.0128,A
9124,1.5062,A
9125,-0.7058,B
9126,0.269,A
9127,0.8835,C
9128,-0.5559,C
9129,0.2895,C
9130,0.4357,B
9131,-1.3518,B
9132,1.1596,B
9133,-0.3165,C
9134,0.6439,B
9135,-0.1499,A
9136,-0.3636,A
9137,-1.2683,C
9138,-1.6485,A
9139,-0.676,A
9140,-2.0977,C
9141,-0.7999,C
9142,-0.2828,C
9143,-0.3072,C
9144,0.1441,C
9145,-1.2453,C
9146,0.9167,C
9147,0.7531,A
9148,0.141,B
9149,1.873,C
9150,-0.4287,C
9151,-0.7848,B
9152,-0.0728,B
9153,0.2873,B
9154,0.0456,A
9155,0.6784,A
9156,-1.1314,A
9157,0.1439,A
9158,1.5238,C
9159,1.1856,A
9160,1.5268,A
9161,1.0745,C
9162,0.0272,C
9163,0.0744,A
9164,0.6772,B
9165,-0.3234,A
9166,0.196,B
9167,-0.0791,A
9168,-1.7341,A
9169,1.0059,B
9170,0.3074,C
9171,1.2521,C
9172,-0.3769,C
9173,0.1601,A
9174,0.9387,C
9175,-0.2007,C
9176,-2.2178,B
9177,-0.422,C
9178,2.1613,C
9179,-0.129,C
9180,1.7771,B
9181,2.6109,A
9182,-1.6199,B
9183,1.3409,C
9184,0.9913,B
9185,-0.3763,B
9186,-1.1032,A
9187,0.6336,C
9188,1.5622,B
9189,0.7103,C
9190,-0.583,C
9191,0.1418,C
9192,-1.6982,A
9193,0.3928,C
9194,0.4294,A
9195,0.5374,B
9196,-0.2307,B
9197,-0.3177,A
9198,-1.1119,C
9199,0.4127,A
9200,-0.8133,A
9201,-1.7886,A
9202,0.8987,C
9203,1.0313,B
9204,-3.4925,B
9205,-0.8363,A
9206,0.0097,B
9207,-2.2251,B
9208,-0.2506,B
9209,0.1683,A
9210,-1.8336,A
9211,-1.2786,A
9212,-1.6862,C
9213,0.123,A
9214,0.6925,B
9215,-0.2658,C
9216,1.5525,B
9217,-0.0062,A
9218,-0.8017,A
9219,0.4137,B
9220,-0.3579,A
9221,-1.5845,B
9222,0.1837,A
9223,0.6912,C
9224,0.167,B
9225,0.4086,B
9226,-0.3962,C
9227,0.3699,A
9228,-0.808,A
9229,1.0222,C
9230,0.7901,C
9231,-1.8455,C
9232,-0.8064,A
9233,-0.0819,A
9234,-1.0554,C
9235,-0.3762,C
9236,-0.4582,B
9237,0.5397,C
9238,-0.6559,B
9239,1.0539,A
9240,-1.5613,B
9241,0.2446,C
9242,-0.2357,A
9243,1.9236,B
9244,-0.8885,B
9245,1.7309,A
9246,0.447,C
9247,2.201,A
9248,0.1786,C
9249,-1.5387,C
9250,0.1397,B
9251,1.4688,B
9252,-0.8425,C
9253,-0.0233,A
9254,1.2819,A
9255,-0.0776,A
9256,-1.1425,B
9257,0.8688,B
9258,0.6779,C
9259,-0.8652,C
9260,-1.4054,A
9261,-0.7262,B
9262,0.201,B
9263,-0.3694,A
9264,-0.2459,B
9265,1.084,B
9266,0.8195,A
9267,0.2223,B
9268,0.1842,B
9269,-0.6886,B
9270,-0.8196,B
9271,-1.9698,C
9272,-1.8801,A
9273,-1.2899,B
9274,-0.0523,C
9275,1.1944,A
9276,1.2684,A
9277,-0.1859,C
9278,1.8166,C
9279,-0.3528,B
9280,-0.5827,A
9281,-0.2087,A
9282,0.1838,B
9283,-0.646,A
9284,-0.6097,A
9285,0.1313,C
9286,-0.2173,C
9287,0.3022,B
9288,0.6651,B
9289,0.4163,A
9290,-0.5959,B
9291,-0.7027,A
9292,-0.7882,B
9293,1.482,B
9294,-0.5506,C
9295,-1.858,B
9296,0.3138,B
9297,0.5053,A
9298,0.0802,C
9299,1.3826,C
9300,0.3653,B
9301,-0.4092,B
9302,-0.5739,C
9303,0.9377,A
9304,1.9479,C
9305,0.1659,A
9306,0.6781,A
9307,1.4416,A
9308,-0.7116,C
9309,0.0221,C
9310,-0.7728,C
9311,-0.5145,C
9312,-0.6715,C
9313,0.9495,A
9314,0.9556,B
9315,0.8807,A
9316,-1.4681,A
9317,-0.7541,A
9318,0.1759,B
9319,-0.2612,B
9320,-0.618,C
9321,0.2472,B
9322,1.6438,B
9323,-0.0193,B
9324,-2.5842,B
9325,2.0737,A
9326,-1.4142,B
9327,-0.4721,A
9328,1.7451,A
9329,-0.3772,C
9330,-2.4577,C
9331,1.074,A
9332,-1.066,C
9333,1.1908,C
9334,1.2472,C
9335,0.7096,C
9336,0.6534,B
9337,0.057,B
9338,0.6906,B
9339,-0.2147,B
9340,-2.1835,C
9341,-0.205,B
9342,-1.8136,C
9343,-0.4838,B
9344,0.2981,C
9345,-0.4416,C
9346,-1.2169,C
9347,0.6843,A
9348,-1.2865,B
9349,-0.2863,A
9350,1.4415,B
9351,-0.2168,A
9352,-0.1919,B
9353,-1.5444,B
9354,0.9763,C
9355,0.2126,C
9356,-1.1144,C
9357,-1.67,A
9358,0.6618,C
9359,-1.4016,C
9360,-0.4871,C
9361,-2.4016,B
9362,2.6379,C
9363,0.3184,B
9364,0.3088,A
9365,-1.1992,C
9366,-1.3615,C
9367,-0.8947,A
9368,0.5833,C
9369,-0.3117,A
9370,0.0773,C
9371,1.1586,C
9372,-0.4738,C
9373,-0.2049,C
9374,0.198,A
9375,0.3739,B
9376,-0.3574,B
9377,-0.9676,A
9378,1.1595,C
9379,-0.6404,A
9380,0.4927,C
9381,1.3719,B
9382,2.5909,A
9383,-0.1118,C
9384,0.9805,A
9385,0.3941,A
9386,0.3862,B
9387,-1.0127,B
9388,0.8323,B
9389,-1.6323,A
9390,0.7654,B
9391,1.5409,C
9392,-1.0001,B
9393,-0.3052,A
9394,-1.1265,C
9395,-0.1335,B
9396,0.3933,C
9397,0.03,C
9398,0.018,B
9399,-0.9954,A
9400,1.6141,A
9401,0.3225,B
9402,-0.8726,A
9403,-1.5562,C
9404,-1.2523,A
9405,-1.3231,C
9406,0.0375,C
9407,-1.2464,C
9408,-0.9056,A
9409,-0.0771,B
9410,0.9705,B
9411,0.0684,C
9412,-0.5372,B
9413,0.0634,C
9414,1.1597,A
9415,-0.3178,B
9416,0.4948,C
9417,-0.5931,A
9418,1.4074,A
9419,-0.3263,B
9420,-0.4773,B
9421,0.1503,B
9422,-0.7923,A
9423,0.4054,B
9424,-1.2767,A
9425,1.0412,A
9426,1.6982,A
9427,-1.5414,A
9428,-0.2085,A
9429,-0.2523,B
9430,-0.3112,C
9431,1.9521,A
9432,-1.4131,A
9433,0.2313,A
9434,-1.4898,A
9435,-0.9804,B
9436,-0.2422,B
9437,0.4147,A
9438,0.1964,C
9439,0.5976,B
9440,-1.0203,A
9441,1.4516,B
9442,-0.7228,A
9443,-2.0392,A
9444,-1.026,C
9445,0.0283,A
9446,0.6518,C
9447,0.5192,A
9448,2.1858,A
9449,-2.6794,B
9450,-0.8101,B
9451,-0.5892,C
9452,0.0496,C
9453,0.2992,A
9454,1.1258,B
9455,-0.2223,C
9456,-1.8751,B
9457,-1.7049,C
9458,1.1326,C
9459,-0.8211,C
9460,-0.5161,C
9461,-1.6212,C
9462,-0.0604,C
9463,-1.3873,C
9464,-0.7379,A
9465,-0.1193,A
9466,-0.8875,A
9467,-0.8611,C
9468,0.7738,A
9469,0.9486,B
9470,0.5175,B
9471,0.027,C
9472,-1.254,B
9473,1.0205,C
9474,-0.5131,C
9475,-2.307,B
9476,-1.6394,A
9477,1.4742,B
9478,-1.1779,C
9479,-0.1348,B
9480,-2.8841,C
9481,0.5541,C
9482,-0.4557,B
9483,-0.8452,A
9484,-1.1052,B
9485,-0.3937,A
9486,-0.9955,A
9487,-1.5751,C
9488,0.2471,B
9489,-0.2588,C
9490,2.6395,C
9491,-0.7098,A
9492,-1.3735,A
9493,-1.3345,C
9494,0.4542,C
9495,-0.1195,B
9496,1.6144,A
9497,0.9818,B
9498,2.3695,B
9499,1.7231,A
9500,-0.5061,B
9501,0.682,B
9502,0.7857,B
9503,-0.4573,A
9504,-0.9082,C
9505,0.1278,C
9506,-0.2638,A
9507,0.5887,A
9508,-0.4381,A
9509,0.2122,B
9510,-0.0599,C
9511,-1.1138,A
9512,-0.2439,A
9513,-1.0505,B
9514,0.6995,C
9515,0.2668,B
9516,-0.2891,B
9517,1.7136,B
9518,0.1376,C
9519,0.0088,C
9520,-0.4358,C
9521,0.9226,C
9522,-1.7148,B
9523,1.2418,C
9524,0.4741,B
9525,-0.1502,B
9526,-0.6217,C
9527,1.9534,B
9528,-0.4069,B
9529,0.7837,B
9530,-0.1824,B
9531,-0.3258,A
9532,-0.5332,B
9533,-0.0723,C
9534,-0.38,B
9535,0.883,C
9536,0.6239,B
9537,0.546,A
9538,-0.9521,A
9539,0.2588,B
9540,1.3195,B
9541,0.7916,B
9542,-0.5283,B
9543,0.2073,A
9544,-0.0238,A
9545,0.5094,B
9546,-1.4173,B
9547,-0.7917,C
9548,-0.2576,C
9549,1.6173,C
9550,1.6301,C
9551,-0.5593,B
9552,-1.0809,A
9553,0.0091,C
9554,-1.8969,A
9555,-1.9301,C
9556,1.5507,C
9557,0.2092,B
9558,1.1067,A
9559,0.9796,B
9560,-0.0831,C
9561,0.2171,C
9562,-2.8717,C
9563,-0.5705,C
9564,1.4177,A
9565,0.697,A
9566,1.3114,A
9567,-0.3774,A
9568,0.4335,B
9569,-2.2948,C
9570,-0.2128,B
9571,1.0893,B
9572,-1.0706,B
9573,-1.3427,A
9574,-1.9549,B
9575,-0.0526,C
9576,-1.6949,A
9577,-0.6697,B
9578,-0.0733,B
9579,1.3784,C
9580,0.1304,C
9581,-1.2679,B
9582,-0.3043,B
9583,0.5213,A
9584,0.4993,C
9585,-0.4392,C
9586,-0.9551,C
9587,-0.3977,A
9588,0.2155,A
9589,1.4634,A
9590,-0.9041,B
9591,-0.2911,C
9592,-0.1806,B
9593,-1.0462,C
9594,-0.4147,A
9595,-0.3666,B
9596,-1.5109,A
9597,1.5207,A
9598,-1.6222,A
9599,-1.1242,C
9600,-0.7661,B
9601,-0.8958,C
9602,0.9413,C
9603,-0.0714,C
9604,0.3942,A
9605,0.8486,B
9606,1.0477,C
9607,2.3157,A
9608,-0.7561,B
9609,1.18,A
9610,0.254,C
9611,2.3308,C
9612,-1.3235,C
9613,-0.5038,C
9614,0.5448,B
9615,-0.9361,C
9616,-1.7979,C
9617,-0.1155,A
9618,-0.9015,B
9619,-0.0934,B
9620,1.2069,A
9621,-0.9045,A
9622,0.0871,B
9623,0.0878,B
9624,-1.478,A
9625,-1.1049,A
9626,-1.8344,C
9627,-0.6534,C
9628,1.4604,A
9629,1.7559,C
9630,-0.995,C
9631,-0.1256,C
9632,1.1338,A
9633,-0.6577,A
9634,1.3213,A
9635,-0.2178,A
9636,-0.3459,B
9637,0.6011,A
9638,-1.9435,B
9639,-0.6387,C
9640,1.3978,B
9641,-0.1039,A
9642,1.5017,A
9643,-0.4824,B
9644,-1.2792,C
9645,-0.7119,C
9646,-1.1584,A
9647,0.9411,C
9648,0.9802,A
9649,1.4288,C
9650,2.0297,B
9651,-1.095,C
9652,0.2218,A
9653,-0.3132,A
9654,-0.7601,B
9655,-0.4211,A
9656,-2.6669,A
9657,0.8555,C
9658,0.0212,B
9659,-0.8879,C
9660,-0.7201,A
9661,-0.9408,C
9662,0.6918,A
9663,-0.9101,C
9664,0.1195,B
9665,-1.8581,C
9666,-0.4199,A
9667,-0.875,A
9668,0.0784,B
9669,0.2788,C
9670,0.9715,C
9671,-0.5489,A
9672,0.9056,C
9673,1.4317,C
9674,-1.063,C
9675,1.39,C
9676,0.6867,C
9677,-0.6638,A
9678,1.1159,B
9679,-0.0397,A
9680,0.2964,B
9681,-0.6748,A
9682,0.4165,A
9683,-0.8459,A
9684,-0.8309,A
9685,-1.2632,C
9686,0.6382,C
9687,-0.7226,B
9688,-0.2991,B
9689,0.8002,B
9690,0.5416,C
9691,-0.3043,A
9692,1.1666,A
9693,-0.7844,C
9694,-0.8591,C
9695,-0.587,A
9696,-0.1533,C
9697,0.0551,A
9698,-0.6053,A
9699,-0.0658,C
9700,0.7232,B
9701,-1.2956,B
9702,-0.3448,A
9703,0.2015,A
9704,0.6206,C
9705,-0.1769,C
9706,0.4937,B
9707,-1.6225,B
9708,0.7216,B
9709,-0.2684,B
9710,0.9454,B
9711,-0.2466,A
9712,0.7314,C
9713,0.7844,A
9714,0.4144,B
9715,0.1917,B
9716,-0.5101,C
9717,0.6889,B
9718,-0.5618,B
9719,-1.302,C
9720,0.4079,C
9721,-0.7767,A
9722,-0.85,B
9723,-1.3405,A
9724,-1.4652,C
9725,0.2934,C
9726,-0.5205,A
9727,-0.2665,A
9728,-0.0408,C
9729,0.0849,B
9730,0.7555,A
9731,-0.5242,A
9732,0.0364,A
9733,-0.5181,B
9734,1.1513,C
9735,0.2158,A
9736,-0.9817,A
9737,-0.0866,A
9738,-0.7805,A
9739,0.3493,A
9740,0.1448,A
9741,-0.5675,C
9742,-1.0535,A
9743,0.4323,A
9744,0.4456,A
9745,-0.5392,A
9746,0.3905,A
9747,1.4662,C
9748,-2.0449,A
9749,-1.5963,A
9750,0.4223,C
9751,0.7743,B
9752,0.5597,B
9753,0.5553,B
9754,0.6351,B
9755,-0.6719,A
9756,0.5857,C
9757,-0.5771,B
9758,-0.35,C
9759,-2.0401,B
9760,-0.6164,B
9761,-2.2244,B
9762,0.349,A
9763,-0.7878,A
9764,0.0014,A
9765,0.4292,A
9766,-0.7055,A
9767,-1.9729,A
9768,0.7518,C
9769,0.2751,A
9770,-0.697,A
9771,-0.891,A
9772,0.1774,A
9773,0.2964,A
9774,-1.0306,A
9775,-0.3519,B
9776,0.1687,C
9777,-1.5467,B
9778,0.1382,B
9779,-0.6351,C
9780,-0.1553,B
9781,-0.6487,B
9782,-0.1928,B
9783,0.5194,C
9784,-0.089,A
9785,0.404,C
9786,-0.8853,C
9787,-0.5537,C
9788,-0.3661,B
9789,-0.3134,A
9790,-1.0058,C
9791,1.0445,C
9792,0.1734,A
9793,1.4318,B
9794,-1.159,B
9795,-0.0817,C
9796,0.7213,A
9797,-1.5324,C
9798,0.8045,C
9799,-1.8985,A
9800,-0.187,C
9801,-1.3913,A
9802,0.5125,C
9803,1.365,B
9804,-0.068,A
9805,-1.9265,A
9806,0.1836,C
9807,-1.1744,A
9808,-0.7891,C
9809,-0.2292,A
9810,-1.1159,A
9811,0.0124,B
9812,-0.9899,A
9813,0.219,B
9814,-1.6049,A
9815,0.4794,C
9816,1.556,C
9817,0.6781,B
9818,0.5944,B
9819,-0.9192,A
9820,-1.0955,C
9821,-0.144,B
9822,-0.7641,B
9823,2.1475,A
9824,-0.5143,A
9825,0.0454,C
9826,-0.5524,A
9827,0.9811,C
9828,0.2082,C
9829,0.5687,A
9830,0.0824,C
9831,1.5772,A
9832,0.0228,C
9833,0.1097,C
9834,0.3894,C
9835,-0.5216,A
9836,0.3106,C
9837,1.6274,B
9838,0.3225,A
9839,1.674,A
9840,0.5179,C
9841,-0.0251,A
9842,0.2429,A
9843,1.5193,C
9844,-0.1316,A
9845,-0.0955,B
9846,-0.4416,B
9847,0.3816,B
9848,-0.3524,C
9849,2.1171,A
9850,-0.1522,C
9851,-0.371,C
9852,-1.2069,B
9853,1.2469,C
9854,0.106,C
9855,-0.4646,C
9856,-0.2256,B
9857,-1.4594,A
9858,-1.3139,A
9859,0.5405,B
9860,-0.2385,B
9861,0.093,A
9862,0.5499,C
9863,-0.2093,B
9864,0.1786,A
9865,-2.4091,C
9866,0.8687,C
9867,-1.508,C
9868,-1.1721,A
9869,-1.6994,B
9870,0.8629,B
9871,-0.5677,A
9872,-0.7871,C
9873,0.9363,C
9874,0.5002,C
9875,-1.3439,C
9876,0.4921,B
9877,-0.5438,A
9878,-0.5731,B
9879,-0.749,B
9880,-1.0275,C
9881,0.5555,A
9882,0.7968,C
9883,1.0923,B
9884,-1.411,B
9885,-0.2826,A
9886,-0.9303,C
9887,0.2007,B
9888,1.7802,A
9889,0.1832,B
9890,-1.0778,B
9891,1.749,B
9892,-0.9043,C
9893,-0.7314,B
9894,-1.1988,B
9895,2.071,C
9896,0.1175,C
9897,1.5526,B
9898,1.102,C
9899,1.31,B
9900,1.3721,A
9901,0.0098,C
9902,0.6242,A
9903,0.5202,A
9904,0.0664,B
9905,1.0628,B
9906,0.1053,A
9907,0.477,C
9908,1.1805,C
9909,0.0476,A
9910,0.4099,C
9911,0.2236,B
9912,-0.5713,C
9913,-0.2193,C
9914,-1.2679,C
9915,-0.7762,B
9916,-0.4691,B
9917,0.5241,B
9918,-1.1113,C
9919,0.0558,A
9920,-0.3591,B
9921,0.7599,C
9922,0.6771,C
9923,0.3104,C
9924,0.589,C
9925,-0.3155,B
9926,0.6438,C
9927,0.7755,B
9928,-0.3087,B
9929,1.5353,B
9930,0.4892,B
9931,1.3567,B
9932,-0.6743,B
9933,-0.2439,B
9934,-0.0659,C
9935,-0.2142,C
9936,-0.9505,B
9937,1.0215,A
9938,-1.4478,B
9939,-0.2612,A
9940,0.5396,A
9941,0.2845,B
9942,0.526,C
9943,-0.801,B
9944,-1.9824,B
9945,1.3276,C
9946,0.6526,B
9947,-0.4463,C
9948,1.2033,A
9949,-0.1778,A
9950,0.8232,C
9951,-1.9195,C
9952,0.5968,B
9953,-0.1584,B
9954,0.1154,A
9955,-0.6383,A
9956,0.1473,B
9957,-0.4915,A
9958,-0.8139,B
9959,-0.3821,A
9960,-1.437,A
9961,0.3413,A
9962,-0.0961,C
9963,0.4462,A
9964,0.4994,C
9965,0.4255,B
9966,-0.592,B
9967,-0.5641,C
9968,-0.757,A
9969,0.0814,A
9970,-1.5298,C
9971,0.9848,C
9972,0.4275,A
9973,0.8612,A
9974,0.4657,C
9975,-0.5372,C
9976,-0.7206,C
9977,0.3841,B
9978,0.2828,B
9979,0.6437,B
9980,0.5391,A
9981,-0.342,A
9982,0.1123,C
9983,-0.9425,A
9984,0.5361,A
9985,0.092,C
9986,0.9132,A
9987,0.0614,B
9988,-1.166,A
9989,0.9654,A
9990,0.456,C
9991,0.3983,A
9992,-0.667,B
9993,0.1942,B
9994,0.9221,C
9995,0.3182,C
9996,-1.9827,A
9997,1.1783,B
9998,-0.7651,A
9999,-1.9682,B
10000,-2.2386,C
10001,-1.6466,A
10002,0.4776,C
10003,0.3184,A
10004,-0.7028,A
10005,-0.7489,C
10006,0.5755,B
10007,0.3248,B
10008,-0.782,A
10009,1.1307,C
10010,0.4774,C
10011,-1.0831,C
10012,0.208,C
10013,-0.5457,A
10014,-0.509,B
10015,0.7328,B
10016,1.9152,B
10017,-1.3943,C
10018,0.8027,B
10019,-0.2951,B
10020,-0.5564,B
10021,0.0697,C
10022,0.9729,C
10023,0.3152,A
10024,0.6519,C
10025,-0.8064,B
10026,1.501,C
10027,0.2001,B
10028,2.1308,A
10029,0.0079,B
10030,-0.6423,C
10031,0.2722,A
10032,-0.5126,A
10033,1.3376,B
10034,1.3089,C
10035,-0.7051,A
10036,-0.4659,C
10037,1.2286,C
10038,0.4568,B
10039,1.7547,A
10040,-1.9096,A
10041,-0.7547,A
10042,0.3516,A
10043,-0.1981,C
10044,-1.0411,A
10045,0.1107,B
10046,-0.4528,A
10047,1.4617,B
10048,0.3912,A
10049,1.785,B
10050,0.356,B
10051,2.4904,A
10052,-0.044,C
10053,0.3277,B
10054,-1.1505,B
10055,0.3994,A
10056,0.0967,C
10057,2.0372,A
10058,-0.8265,C
10059,2.0154,C
10060,0.2554,B
10061,0.564,A
10062,-0.5857,B
10063,1.9087,C
10064,-0.3601,B
10065,0.1035,C
10066,1.0314,B
10067,-1.4777,B
10068,1.5053,A
10069,-1.2171,A
10070,1.0461,B
10071,-0.9352,C
10072,-0.7401,B
10073,0.1091,C
10074,-0.4825,B
10075,0.3503,B
10076,-0.2021,C
10077,0.6338,B
10078,-1.1976,A
10079,-1.8086,C
10080,-0.1102,B
10081,1.3817,B
10082,0.4797,C
10083,-1.0139,C
10084,-0.9118,B
10085,1.1414,B
10086,0.8624,C
10087,-0.7656,A
10088,-0.6209,B
10089,-0.5297,A
10090,0.6846,C
10091,-0.2217,A
10092,-0.1866,C
10093,0.4029,A
10094,1.0755,C
10095,-0.8269,C
10096,-0.5764,A
10097,-0.3473,B
10098,0.6898,C
10099,0.4893,C
10100,-0.9481,B
10101,-0.2814,B
10102,0.51,C
10103,-0.7878,B
10104,0.751,C
10105,1.5318,B
10106,-1.4017,B
10107,1.6716,A
10108,-0.8565,C
10109,0.0801,B
10110,0.5624,B
10111,0.5871,B
10112,-0.1989,A
10113,1.363,C
10114,1.5133,C
10115,1.0152,C
10116,1.1185,C
10117,0.8586,C
10118,-0.278,B
10119,-0.0736,C
10120,-0.801,A
10121,0.3252,C
10122,0.0303,A
10123,-0.1598,A
10124,0.2105,A
10125,-0.4646,A
10126,0.9582,C
10127,-0.5391,C
10128,-2.0133,C
10129,-0.526,A
10130,-0.1435,B
10131,2.1716,C
10132,-0.9125,B
10133,0.5928,A
10134,0.2816,B
10135,-0.6825,B
10136,0.6758,C
10137,-1.6207,A
10138,-0.7483,B
10139,0.4791,C
10140,0.3324,C
10141,1.6594,B
10142,0.3438,B
10143,-1.4282,C
10144,1.1504,B
10145,1.3917,C
10146,2.1426,A
10147,0.5539,A
10148,-0.9519,B
10149,-1.0838,B
10150,-2.0793,C
10151,-0.5925,A
10152,0.711,C
10153,0.2933,B
10154,-0.1484,B
10155,-0.1148,B
10156,0.3585,A
10157,-1.1915,C
10158,0.3551,B
10159,0.014,B
10160,1.2933,A
10161,-0.5182,A
10162,0.5354,A
10163,-1.1469,C
10164,-0.0329,A
10165,1.8846,B
10166,0.4772,A
10167,0.6462,B
10168,-0.3943,C
10169,-0.0221,B
10170,0.0434,A
10171,-1.4052,C
10172,-0.6317,B
10173,0.4471,B
10174,0.3233,B
10175,-0.5096,C
10176,0.104,A
10177,0.4405,A
10178,-0.4303,C
10179,-0.0848,A
10180,-1.0026,A
10181,0.3987,C
10182,1.7895,B
10183,-0.2755,A
10184,-0.6182,A
10185,1.8567,C
10186,0.1413,B
10187,-1.6442,C
10188,-1.1835,A
10189,0.2527,A
10190,-0.041,A
10191,-0.0096,B
10192,1.6243,B
10193,-0.2097,C
10194,-0.3206,A
10195,-0.5385,A
10196,0.5133,B
10197,-1.4883,A
10198,0.4057,C
10199,0.0423,A
10200,0.1801,B
10201,1.1002,C
10202,0.062,C
10203,0.0603,A
10204,-1.6488,A
10205,-0.0745,A
10206,-0.1284,C
10207,1.1637,C
10208,0.8641,B
10209,0.0999,A
10210,-0.624,C
10211,-1.1106,B
10212,-1.0966,B
10213,-0.4224,C
10214,0.7417,C
10215,-0.3644,C
10216,0.1005,C
10217,-0.8719,A
10218,-0.1254,C
10219,0.3893,A
10220,0.4843,B
10221,0.7431,A
10222,0.1812,B
10223,-0.7275,A
10224,0.702,A
10225,0.7868,B
10226,-0.7242,C
10227,1.1222,C
10228,-0.0276,A
10229,-0.8398,C
10230,0.501,B
10231,1.057,B
10232,1.0467,C
10233,-0.6377,A
10234,0.5672,B
10235,0.1093,A
10236,0.3543,B
10237,-0.0283,A
10238,1.7105,A
10239,-0.8188,B
10240,1.0499,A
10241,-1.3326,C
10242,-0.7807,B
10243,-1.04,B
10244,-1.9355,B
10245,1.4948,B
10246,-0.7611,B
10247,-0.5509,A
10248,0.0318,A
10249,1.1271,B
10250,-0.7338,A
10251,-0.754,B
10252,-0.1365,A
10253,1.6383,A
10254,-1.3063,C
10255,-1.0718,A
10256,2.1819,A
10257,-0.0761,A
10258,-0.5865,B
10259,1.552,B
10260,2.9271,C
10261,-0.5168,A
10262,-1.254,A
10263,0.6486,A
10264,0.3191,A
10265,1.3144,A
10266,-0.9229,B
10267,-0.1222,B
10268,0.6915,B
10269,-2.275,C
10270,1.4485,B
10271,-1.9223,A
10272,-0.3211,B
10273,0.6971,B
10274,0.8541,C
10275,-0.3618,B
10276,-0.7032,B
10277,0.5553,A
10278,-0.7297,C
10279,0.5053,B
10280,-0.0794,B
10281,0.5744,A
10282,-0.3404,A
10283,-0.3424,B
10284,-0.2866,A
10285,0.7474,C
10286,-0.7757,A
10287,0.8274,C
10288,-1.0277,A
10289,-1.5084,A
10290,-1.2687,A
10291,-0.2313,A
10292,-0.184,C
10293,-0.1279,A
10294,-2.0911,C
10295,1.8783,A
10296,-1.3639,A
10297,-0.2562,A
10298,0.3652,A
10299,0.8734,B
10300,0.8729,A
10301,-1.1194,A
10302,0.5575,A
10303,-0.665,B
10304,0.4271,A
10305,0.4384,B
10306,1.6159,A
10307,0.6883,A
10308,-0.5501,C
10309,-0.2426,C
10310,-1.4638,C
10311,-1.0047,A
10312,-1.2927,B
10313,-0.4944,C
10314,0.626,A
10315,0.2018,C
10316,-0.1197,A
10317,0.7525,A
10318,0.6694,A
10319,-0.7485,B
10320,0.8511,C
10321,1.2865,B
10322,-1.0955,C
10323,0.2757,B
10324,-0.2855,B
10325,-0.4341,C
10326,-0.6023,B
10327,-1.846,A
10328,0.5498,B
10329,1.409,C
10330,-0.1357,C
10331,-1.6925,B
10332,-1.2283,B
10333,-0.4204,C
10334,-0.7063,B
10335,0.1044,C
10336,-0.5824,B
10337,3.1724,C
10338,-0.3115,A
10339,0.4861,A
10340,-0.0055,A
10341,-0.7156,C
10342,-0.9376,B
10343,0.3354,A
10344,1.6536,B
10345,-1.8692,B
10346,0.5968,B
10347,-0.8037,C
10348,-0.963,A
10349,-0.3583,B
10350,-0.4424,B
10351,-0.3584,C
10352,-0.867,C
10353,1.0595,C
10354,1.5322,C
10355,0.0488,C
10356,-1.4674,A
10357,1.2112,B
10358,0.5387,C
10359,1.8769,A
10360,0.4392,C
10361,-0.7549,A
10362,0.8234,A
10363,-1.7528,A
10364,1.2032,C
10365,1.0816,C
10366,0.6106,C
10367,-0.4599,B
10368,1.4071,C
10369,1.103,A
10370,-0.2138,C
10371,1.18,A
10372,-0.6723,A
10373,1.8529,B
10374,-0.2856,C
10375,-0.0511,A
10376,-0.3716,A
10377,0.8892,A
10378,-1.1959,C
10379,0.749,A
10380,-0.6028,B
10381,0.7121,A
10382,0.0115,B
10383,-1.0321,C
10384,-0.0819,C
10385,-0.6288,C
10386,0.7909,A
10387,0.044,B
10388,0.9167,A
10389,-0.0751,B
10390,0.798,B
10391,-1.4629,B
10392,0.5836,C
10393,0.5489,B
10394,-1.0962,B
10395,0.7536,C
10396,0.4866,B
10397,1.2946,B
10398,1.8624,C
10399,-0.512,A
10400,1.3704,B
10401,0.9509,A
10402,-0.5852,A
10403,-1.2257,B
10404,1.1454,B
10405,0.3257,A
10406,-0.6252,A
10407,-0.19,B
10408,-2.149,C
10409,0.5986,B
10410,0.3525,B
10411,1.0829,A
10412,-0.9653,C
10413,0.6328,B
10414,0.8124,A
10415,0.1466,C
10416,0.5148,A
10417,0.9629,C
10418,-0.7981,C
10419,0.2064,B
10420,0.3124,A
10421,0.3218,A
10422,1.2752,B
10423,-0.2162,C
10424,-0.6215,C
10425,-0.0677,B
10426,-0.8839,A
10427,-0.8177,C
10428,0.4596,B
10429,2.267,C
10430,0.234,A
10431,-0.4837,C
10432,0.1346,A
10433,0.7132,C
10434,-0.0548,A
10435,-0.449,C
10436,0.3556,C
10437,-0.6129,C
10438,-0.2386,C
10439,0.3583,C
10440,-0.2309,A
10441,-0.3124,B
10442,0.9392,B
10443,-0.3963,A
10444,0.4038,C
10445,-0.0234,C
10446,1.0685,B
10447,-0.751,C
10448,1.2837,A
10449,-0.1753,B
10450,1.0606,C
10451,-0.8559,A
10452,-0.5356,B
10453,0.1998,B
10454,0.7559,A
10455,-0.6223,A
10456,0.781,C
10457,1.1438,C
10458,-0.9199,A
10459,-1.3309,A
10460,1.7269,B
10461,0.068,C
10462,-0.3367,A
10463,-0.7377,A
10464,0.5689,C
10465,-0.3475,B
10466,0.7962,B
10467,-2.3153,C
10468,-1.8928,C
10469,0.5646,C
10470,0.0116,C
10471,1.2622,A
10472,-0.0046,C
10473,0.2367,C
10474,-0.242,C
10475,-0.7776,A
10476,1.6132,C
10477,0.4019,B
10478,-1.91,A
10479,-0.8276,C
10480,-1.5048,A
10481,0.1918,B
10482,0.5758,B
10483,-0.3727,A
10484,-0.656,A
10485,-0.3042,C
10486,1.1523,B
10487,1.008,C
10488,0.1454,B
10489,-0.4234,A
10490,-1.0943,A
10491,1.8676,B
10492,0.3229,B
10493,0.2343,A
10494,-0.6835,B
10495,-1.5891,B
10496,1.8997,C
10497,-0.7754,B
10498,0.9833,A
10499,-2.0198,C
10500,0.5155,A
10501,1.5978,C
10502,-0.271,C
10503,-0.8267,B
10504,1.1627,A
10505,-2.0003,B
10506,1.1064,A
10507,0.1428,C
10508,0.0843,A
10509,1.0714,B
10510,-2.1281,B
10511,-0.3336,B
10512,-0.9047,C
10513,0.8571,C
10514,1.5271,B
10515,0.9249,A
10516,-0.8919,A
10517,-1.8845,A
10518,-0.6035,A
10519,-1.0457,C
10520,1.8342,C
10521,1.2277,B
10522,-1.1628,C
10523,-1.0854,B
10524,-1.2593,C
10525,-0.0398,C
10526,1.5383,A
10527,-1.1251,C
10528,0.7904,B
10529,-0.4573,A
10530,-1.739,B
10531,-0.1139,C
10532,-1.8884,C
10533,-1.232,B
10534,0.3624,B
10535,1.4745,C
10536,0.3581,A
10537,0.9458,C
10538,0.226,B
10539,0.1824,C
10540,0.1865,A
10541,-0.1517,B
10542,-0.2162,A
10543,-0.6355,B
10544,-0.5076,B
10545,2.0004,C
10546,0.4735,C
10547,1.274,B
10548,1.0571,A
10549,-0.1148,A
10550,-0.1462,B
10551,0.6708,C
10552,-0.9599,B
10553,1.2508,B
10554,0.1007,A
10555,0.4895,A
10556,-1.7547,B
10557,1.7084,A
10558,0.1319,C
10559,0.0575,B
10560,-1.005,C
10561,0.1235,C
10562,-0.6067,A
10563,0.7671,B
10564,0.4406,B
10565,-0.8953,C
10566,-1.7869,C
10567,-0.6087,B
10568,1.133,A
10569,0.4358,B
10570,0.1339,A
10571,0.2814,B
10572,-0.3157,C
10573,0.7892,B
10574,1.2586,C
10575,-0.8009,C
10576,0.6473,B
10577,0.2985,B
10578,-0.0701,C
10579,-0.529,C
10580,-0.0218,B
10581,-0.6168,A
10582,-0.868,C
10583,-0.4752,A
10584,0.4081,A
10585,0.7542,C
10586,0.0125,C
10587,-2.031,A
10588,1.254,B
10589,-0.4559,C
10590,0.9627,A
10591,0.7643,A
10592,-1.0856,A
10593,-0.4705,C
10594,0.5657,A
10595,0.7109,B
10596,-0.9963,A
10597,-0.7401,C
10598,-0.095,B
10599,1.3248,C
10600,1.0241,B
10601,0.1298,A
10602,-1.3083,C
10603,-1.3355,A
10604,-0.0749,A
10605,0.1469,C
10606,1.7282,B
10607,-1.0527,B
10608,-0.4789,B
10609,0.9368,B
10610,-0.9952,A
10611,-0.5083,A
10612,-2.2363,B
10613,-0.161,C
10614,0.329,A
10615,1.8056,A
10616,0.4271,A
10617,-2.5203,B
10618,-0.4126,C
10619,-0.6726,B
10620,-0.1101,A
10621,1.4024,B
10622,-1.1325,C
10623,-0.5615,A
10624,0.1182,A
10625,1.3439,B
10626,-0.5508,B
10627,0.5604,B
10628,-0.8234,B
10629,-0.3448,C
10630,-0.4045,B
10631,-0.2104,B
10632,-0.3857,C
10633,-0.7981,B
10634,-1.1845,B
10635,0.98,B
10636,1.7207,B
10637,-0.1499,C
10638,-0.8678,B
10639,-0.3919,C
10640,-1.2061,C
10641,0.1175,B
10642,0.621,C
10643,2.7175,C
10644,-2.0972,B
10645,-0.2649,A
10646,-1.1685,A
10647,0.7303,A
10648,1.0046,C
10649,1.7883,C
10650,-0.6678,A
10651,1.1699,B
10652,-0.3075,B
10653,1.168,C
10654,-0.983,A
10655,-0.2405,A
10656,-0.9678,A
10657,0.9826,A
10658,0.6552,C
10659,0.3053,B
10660,0.1302,C
10661,-0.149,C
10662,-1.073,B
10663,0.4351,B
10664,0.3738,A
10665,0.2772,A
10666,1.2656,B
10667,1.1395,C
10668,0.0194,A
10669,0.8426,A
10670,-0.4628,C
10671,-0.0388,A
10672,-1.7384,C
10673,-0.1489,B
10674,-0.5433,B
10675,0.9628,C
10676,1.6346,A
10677,-0.8322,C
10678,1.6227,A
10679,1.5879,C
10680,-0.0959,B
10681,-1.0082,C
10682,1.6182,A
10683,-0.2495,C
10684,-1.712,A
10685,0.4872,B
10686,-1.3345,C
10687,-0.2537,C
10688,1.3716,A
10689,-0.2504,C
10690,-0.5356,C
10691,1.0713,A
10692,-0.055,A
10693,1.8547,A
10694,-1.621,B
10695,-0.3521,C
10696,-0.2972,B
10697,-0.6063,A
10698,0.6172,B
10699,-0.373,B
10700,0.8187,A
10701,-0.1908,B
10702,0.4381,A
10703,1.5035,B
10704,-1.1745,C
10705,0.4145,B
10706,-3.0099,C
10707,-0.5195,C
10708,0.4965,C
10709,2.1727,A
10710,0.3922,A
10711,-0.405,B
10712,-1.0945,A
10713,-0.9658,C
10714,1.3432,A
10715,-0.2637,A
10716,-0.5741,B
10717,1.203,A
10718,-1.3309,C
10719,1.2523,A
10720,0.6417,C
10721,2.2585,C
10722,0.4938,B
10723,-0.2241,B
10724,2.2351,B
10725,1.0755,C
10726,-0.8223,B
10727,1.3619,A
10728,0.9102,A
10729,-0.821,B
10730,0.9815,B
10731,0.283,A
10732,0.272,C
10733,1.6819,C
10734,-0.7442,C
10735,0.6031,B
10736,-1.0337,C
10737,-0.3389,A
10738,1.0214,C
10739,-0.9747,B
10740,-0.5217,C
10741,-1.4131,A
10742,-0.4936,B
10743,-0.1148,B
10744,0.7261,A
10745,-0.8315,B
10746,0.6056,A
10747,2.1779,A
10748,0.6234,A
10749,-0.4104,A
10750,-0.9489,A
10751,-0.0959,B
10752,-0.5004,A
10753,2.079,C
10754,0.9885,C
10755,0.2275,A
10756,0.0955,A
10757,-0.0755,A
10758,-1.756,B
10759,0.7331,B
10760,-0.9001,C
10761,1.0139,A
10762,-0.346,B
10763,-0.2142,A
10764,-2.2153,C
10765,-2.1473,A
10766,0.737,C
10767,-0.9912,C
10768,0.642,A
10769,-0.5888,B
10770,-1.6384,B
10771,0.3591,B
10772,-2.3072,B
10773,0.7738,C
10774,0.4435,B
10775,0.1592,A
10776,0.4946,A
10777,0.4233,A
10778,0.2449,C
10779,-2.4299,B
10780,-0.4585,B
10781,0.353,B
10782,-0.1118,A
10783,-0.4618,C
10784,-0.2648,B
10785,1.0973,C
10786,0.9947,C
10787,-0.9288,C
10788,1.1104,A
10789,0.0343,B
10790,-1.3145,B
10791,-0.3589,C
10792,-0.0815,B
10793,0.4926,B
10794,-1.4313,C
10795,0.6945,B
10796,0.9121,B
10797,-1.501,B
10798,-0.4335,A
10799,-0.0597,B
10800,1.8765,B
10801,-0.5366,B
10802,-0.53,B
10803,0.7613,A
10804,-1.4366,C
10805,1.059,C
10806,-1.4864,B
10807,0.9645,C
10808,-0.626,C
10809,-0.6278,B
10810,-1.4793,B
10811,-0.9437,B
10812,0.7976,C
10813,0.5128,A
10814,-0.3418,A
10815,0.2308,B
10816,0.6458,C
10817,0.2146,A
10818,-0.967,A
10819,-0.8106,C
10820,-2.3802,A
10821,1.2033,B
10822,0.0766,A
10823,0.1739,B
10824,-0.9538,B
10825,0.1311,C
10826,-0.6917,B
10827,0.4786,B
10828,-0.3094,C
10829,-2.1727,B
10830,-1.033,B
10831,-0.9262,A
10832,0.0836,B
10833,0.5603,B
10834,2.1365,B
10835,0.2577,C
10836,0.8132,B
10837,0.9073,B
10838,-0.5,C
10839,-0.9246,C
10840,0.6176,C
10841,-0.588,A
10842,0.3423,B
10843,-1.2228,B
10844,-1.2946,C
10845,-1.66,C
10846,0.2357,A
10847,-0.0532,A
10848,0.7615,A
10849,-0.5767,A
10850,0.0438,A
10851,-0.775,C
10852,-0.6816,B
10853,-2.5114,C
10854,0.1448,B
10855,0.8571,B
10856,-0.3074,B
10857,-0.2277,A
10858,-0.25,A
10859,0.7977,B
10860,0.4047,A
10861,1.6111,A
10862,-0.041,A
10863,-0.1927,B
10864,-1.3169,C
10865,1.1023,B
10866,0.589,B
10867,0.8268,B
10868,0.6335,B
10869,-1.6431,B
10870,-0.2939,B
10871,-0.1154,C
10872,-0.4365,A
10873,-0.6157,A
10874,0.5287,B
10875,1.5738,C
10876,-1.2787,A
10877,-0.1387,A
10878,1.0115,C
10879,-0.9476,A
10880,-0.9387,A
10881,1.1943,A
10882,0.1224,A
10883,-0.941,B
10884,-0.6217,B
10885,0.4787,A
10886,1.4484,A
10887,0.3799,A
10888,-0.5035,C
10889,0.4392,C
10890,-2.9265,B
10891,-1.3055,C
10892,-0.1576,A
10893,0.3249,C
10894,0.2578,A
10895,-0.6717,A
10896,0.9485,B
10897,-0.6548,B
10898,-0.051,A
10899,-0.8997,A
10900,0.2872,C
10901,-0.8229,A
10902,1.9459,C
10903,1.9365,B
10904,0.0679,A
10905,-1.728,A
10906,-0.4608,C
10907,-1.1035,C
10908,2.631,B
10909,0.5843,B
10910,1.5258,B
10911,-1.1254,C
10912,0.2999,C
10913,0.1109,A
10914,-0.7952,C
10915,0.777,C
10916,2.2517,B
10917,-0.461,B
10918,-0.2342,B
10919,-3.3705,A
10920,-0.9667,B
10921,-1.1001,C
10922,1.2644,C
10923,-1.3505,C
10924,-1.6696,A
10925,-0.6679,C
10926,2.359,A
10927,-0.2364,B
10928,-1.2652,B
10929,0.6473,C
10930,0.324,B
10931,-0.2397,B
10932,-1.2719,A
10933,-0.5222,A
10934,-1.3623,C
10935,-1.149,C
10936,-0.4265,C
10937,-0.5688,C
10938,-0.6676,A
10939,0.1143,B
10940,-1.0294,C
10941,-0.6213,A
10942,-1.0735,C
10943,0.2559,B
10944,-1.0284,C
10945,0.439,A
10946,-1.0489,B
10947,1.1681,C
10948,0.6213,A
10949,1.0749,C
10950,-0.3501,A
10951,0.0802,A
10952,-0.0535,C
10953,0.1317,B
10954,1.5686,A
10955,-0.9902,B
10956,0.0497,B
10957,-0.9709,C
10958,-1.8522,A
10959,0.9561,B
10960,-0.5194,A
10961,-0.7347,C
10962,0.3949,B
10963,-0.4694,A
10964,-0.3301,A
10965,0.3477,C
10966,0.4351,B
10967,0.6277,A
10968,0.2911,B
10969,0.5475,A
10970,-0.9952,B
10971,1.2542,C
10972,-0.9421,A
10973,-0.8329,B
10974,0.1306,A
10975,-0.1386,A
10976,-0.6094,C
10977,-0.6344,A
10978,-0.7312,A
10979,-0.0706,C
10980,0.2068,A
10981,1.2992,A
10982,-1.1562,C
10983,1.5474,C
10984,-0.2159,C
10985,-0.6743,B
10986,-0.3587,C
10987,-0.1305,B
10988,-0.7701,A
10989,-1.2257,C
10990,-0.0113,C
10991,-1.8676,A
10992,1.2533,B
10993,-0.7573,B
10994,0.0147,C
10995,0.8396,A
10996,0.224,B
10997,-2.2636,B
10998,-0.0693,B
10999,0.4689,C
11000,0.7494,B
11001,-0.8289,B
11002,1.0649,B
11003,1.006,C
11004,1.4552,C
11005,2.0824,A
11006,-0.5595,A
11007,0.06,A
11008,0.1528,B
11009,0.5525,A
11010,0.7638,B
11011,-1.3255,A
11012,-0.6036,B
11013,-0.4088,A
11014,-0.0463,A
11015,-1.7157,C
11016,-1.5951,B
11017,1.6028,A
11018,-1.0891,A
11019,0.0683,B
11020,-1.9316,A
11021,-0.7589,C
11022,-0.4931,A
11023,1.1577,A
11024,-1.2007,B
11025,-0.2302,B
11026,0.0449,A
11027,0.6336,C
11028,-0.4178,C
11029,-1.8964,B
11030,0.5187,B
11031,1.0082,C
11032,-0.7102,C
11033,-0.1763,C
11034,1.7225,C
11035,0.8849,B
11036,-0.3192,C
11037,-0.3059,B
11038,-1.0788,A
11039,1.6727,C
11040,0.4393,B
11041,0.7034,B
11042,0.6242,C
11043,-0.7143,A
11044,-0.0025,C
11045,1.8909,C
11046,1.9442,A
11047,1.315,A
11048,1.284,A
11049,-0.1889,A
11050,-1.6202,B
11051,-0.1604,B
11052,-0.441,A
11053,-0.2299,B
11054,-0.3829,B
11055,-1.8298,B
11056,0.6855,A
11057,-0.9941,A
11058,-1.3026,B
11059,-0.947,B
11060,0.2521,A
11061,0.5414,A
11062,-0.9361,B
11063,-1.1461,A
11064,1.5332,C
11065,1.0682,A
11066,0.367,C
11067,1.578,A
11068,0.4993,C
11069,-2.0179,B
11070,-0.3282,B
11071,0.7422,A
11072,0.0384,A
11073,0.0463,C
11074,0.567,C
11075,-0.064,B
11076,-0.5923,C
11077,-1.0878,A
11078,1.1687,B
11079,1.9195,A
11080,-2.0311,C
11081,0.3672,C
11082,-2.3671,C
11083,-0.5434,B
11084,-1.7045,A
11085,0.7913,A
11086,-0.4818,B
11087,-0.5956,B
11088,-0.9906,A
11089,0.7821,B
11090,0.5711,A
11091,-2.0484,C
11092,0.0271,C
11093,0.136,A
11094,0.9569,A
11095,-0.9498,B
11096,-0.9499,C
11097,1.6062,B
11098,-2.4101,C
11099,-0.6694,C
11100,0.4893,A
11101,-1.6016,A
11102,-0.7332,C
11103,0.6088,B
11104,0.6717,A
11105,-0.3097,C
11106,0.0761,B
11107,-0.5392,C
11108,1.3207,C
11109,1.7523,A
11110,-0.2469,B
11111,-0.0615,B
11112,-1.6685,B
11113,-0.1392,C
11114,1.1283,C
11115,1.4829,A
11116,0.7891,C
11117,-1.9877,A
11118,0.0555,C
11119,0.9713,B
11120,-1.3221,A
11121,0.4165,A
11122,0.6123,C
11123,-1.7603,C
11124,1.5426,C
11125,-0.9547,A
11126,-0.5464,B
11127,0.1615,C
11128,-1.0391,C
11129,1.1132,A
11130,-0.3586,A
11131,0.24,B
11132,-1.639,B
11133,0.6545,B
11134,-0.3553,B
11135,-0.6956,A
11136,-1.6109,C
11137,1.3519,C
11138,0.3078,C
11139,0.2461,A
11140,0.1297,C
11141,-0.0777,C
11142,-0.1851,A
11143,-0.5396,A
11144,0.1622,B
11145,2.03,C
11146,1.2254,B
11147,0.7076,C
11148,0.7285,B
11149,0.0538,B
11150,1.1296,B
11151,-0.1867,B
11152,0.5457,B
11153,-0.8681,B
11154,-0.7243,B
11155,-0.0408,B
11156,-0.595,C
11157,2.3322,B
11158,0.1521,C
11159,-1.46,A
11160,0.8449,B
11161,1.3315,C
11162,0.5035,B
11163,-0.652,B
11164,0.5033,C
11165,-1.2483,C
11166,-0.4758,A
11167,0.3128,A
11168,-0.4582,C
11169,-0.6954,A
11170,0.1762,C
11171,2.0013,A
11172,2.2228,C
11173,0.1639,A
11174,-0.4977,A
11175,0.253,A
11176,0.952,C
11177,0.297,B
11178,-0.0909,B
11179,-0.7499,B
11180,0.2432,A
11181,-0.196,A
11182,-0.3518,C
11183,0.1988,C
11184,0.4278,A
11185,0.6626,B
11186,0.4032,A
11187,0.15,A
11188,0.6531,A
11189,0.1576,B
11190,1.2441,A
11191,0.9758,B
11192,1.2313,B
11193,-0.0646,C
11194,0.0811,B
11195,-0.1443,C
11196,0.4802,C
11197,0.0027,B
11198,0.1692,A
11199,-0.5036,B
11200,-1.4735,C
11201,1.0888,A
11202,0.5996,C
11203,-0.5035,A
11204,3.1529,C
11205,-1.3172,C
11206,2.3011,C
11207,0.7209,B
11208,-0.0343,B
11209,1.1894,A
11210,1.3011,C
11211,-0.4727,C
11212,-1.0565,A
11213,-2.6918,B
11214,-0.5431,C
11215,0.1863,A
11216,-0.4045,A
11217,0.1716,B
11218,-0.0551,A
11219,0.7289,C
11220,0.2101,C
11221,0.1773,B
11222,-1.7001,A
11223,-2.3399,B
11224,-0.0914,B
11225,-0.7732,A
11226,1.5178,A
11227,0.5189,C
11228,0.2652,A
11229,0.574,B
11230,1.1492,B
11231,0.5344,A
11232,-0.2,B
11233,-0.0222,B
11234,0.1607,B
11235,1.1177,B
11236,1.6951,A
11237,-0.8681,A
11238,1.1512,B
11239,1.1148,A
11240,-0.1512,B
11241,-0.0844,A
11242,-0.8332,A
11243,-0.0793,A
11244,-1.342,B
11245,-2.0647,A
11246,0.0387,C
11247,-0.6954,C
11248,2.4326,B
11249,-0.7029,C
11250,-1.0053,C
11251,-1.2404,C
11252,0.5729,C
11253,0.5417,C
11254,0.1054,A
11255,0.3508,B
11256,-0.1107,A
11257,0.4107,C
11258,-0.6749,C
11259,2.0924,C
11260,-0.0087,B
11261,0.4286,A
11262,-1.2253,B
11263,-0.727,A
11264,0.1402,A
11265,1.5185,A
11266,-1.0613,B
11267,-1.0162,B
11268,-0.3712,C
11269,-0.2773,B
11270,-0.205,C
11271,0.5629,A
11272,-0.4,A
11273,1.134,B
11274,0.358,B
11275,-0.1434,A
11276,0.3965,A
11277,0.5064,A
11278,0.2134,B
11279,-1.1356,A
11280,2.1515,B
11281,0.3171,C
11282,0.4289,C
11283,1.1507,B
11284,-0.9797,C
11285,1.6531,C
11286,-0.4451,C
11287,0.574,B
11288,-0.8858,C
11289,0.3867,C
11290,-0.2416,B
11291,0.6123,B
11292,-0.3099,B
11293,0.3562,C
11294,-0.0075,A
11295,0.6317,A
11296,0.3032,A
11297,1.2628,A
11298,-0.0413,A
11299,0.4402,A
11300,-0.5304,A
11301,0.6206,B
11302,-1.6607,B
11303,-0.7026,A
11304,-0.5376,A
11305,0.4224,B
11306,-0.5533,A
11307,-0.8775,B
11308,0.438,C
11309,2.1746,B
11310,-0.0304,C
11311,0.1396,C
11312,-1.0253,A
11313,-0.6645,C
11314,-1.24,B
11315,-0.1437,B
11316,-0.2659,B
11317,-0.3077,C
11318,0.8164,B
11319,-0.5316,C
11320,1.778,C
11321,-1.4798,C
11322,0.7358,C
11323,-0.3864,B
11324,0.9748,A
11325,-0.2466,C
11326,2.654,B
11327,-0.526,C
11328,-0.7377,A
11329,0.0426,B
11330,0.7789,C
11331,2.0704,C
11332,0.3252,C
11333,0.5823,C
11334,1.5548,B
11335,-0.4309,A
11336,1.1183,A
11337,-0.6754,C
11338,0.5864,C
11339,-0.0479,C
11340,-0.7325,A
11341,-0.8584,B
11342,0.2701,B
11343,1.4016,C
11344,-1.8497,C
11345,-1.3145,C
11346,-0.4032,B
11347,-0.0984,C
11348,-0.7102,A
11349,0.8323,A
11350,-0.0407,B
11351,0.2352,C
11352,-0.6258,C
11353,0.5049,C
11354,0.7735,A
11355,-0.0256,C
11356,0.6403,C
11357,1.1179,A
11358,0.1723,A
11359,1.1207,A
11360,0.1324,C
11361,-0.8403,A
11362,0.4531,B
11363,-1.3035,B
11364,1.787,C
11365,1.1454,B
11366,0.8166,B
11367,-0.006,B
11368,-0.8791,C
11369,-0.2778,A
11370,2.4477,A
11371,0.0404,A
11372,1.19,C
11373,-1.3034,B
11374,0.7901,C
11375,1.0955,A
11376,-0.4297,B
11377,0.2857,C
11378,-1.5838,A
11379,1.2432,C
11380,1.2626,A
11381,-0.57,C
11382,-0.0305,B
11383,0.3302,C
11384,0.5206,A
11385,0.7838,B
11386,0.5986,A
11387,-0.3925,A
11388,0.2615,B
11389,1.5909,A
11390,-0.4224,A
11391,-1.0111,B
11392,-0.2398,A
11393,0.3337,A
11394,-0.4746,A
11395,-1.1385,B
11396,0.519,C
11397,0.0615,A
11398,-0.0911,C
11399,-0.3394,B
11400,-0.3401,A
11401,-1.206,A
11402,1.1279,A
11403,1.3314,C
11404,-0.5308,A
11405,1.3736,B
11406,0.4886,C
11407,0.7515,C
11408,-0.7811,C
11409,1.3141,A
11410,-0.7481,A
11411,1.9209,A
11412,1.7733,B
11413,0.2432,C
11414,0.1609,B
11415,-0.1831,C
11416,1.0805,C
11417,0.4997,B
11418,-1.1048,C
11419,-0.3429,A
11420,2.5551,B
11421,2.399,A
11422,0.732,A
11423,0.1483,C
11424,-0.7154,B
11425,1.2716,B
11426,-0.5149,A
11427,1.9683,A
11428,-0.5629,A
11429,0.9508,C
11430,0.6166,B
11431,-0.0686,C
11432,-0.0238,C
11433,-0.0092,B
11434,1.35,B
11435,-1.2274,B
11436,-0.529,C
11437,-0.0105,A
11438,-0.1168,C
11439,0.0538,B
11440,1.0022,A
11441,0.6561,A
11442,-0.6292,B
11443,-1.0276,B
11444,0.0518,C
11445,-0.0931,B
11446,-0.416,A
11447,-0.5555,B
11448,-1.2963,A
11449,-0.258,A
11450,0.0711,B
11451,0.4561,C
11452,1.7215,A
11453,-1.6465,B
11454,-0.1938,C
11455,0.3467,C
11456,-1.3813,C
11457,1.6266,A
11458,1.1677,B
11459,0.1676,B
11460,-1.7861,B
11461,-1.3769,A
11462,0.6606,A
11463,-2.4755,A
11464,1.2367,B
11465,1.0264,A
11466,-0.4589,B
11467,0.5659,B
11468,1.0018,B
11469,0.809,A
11470,1.4806,C
11471,-0.9409,A
11472,0.5316,A
11473,-0.9537,B
11474,1.3717,C
11475,-2.3722,A
11476,-0.108,C
11477,-0.7371,A
11478,0.8369,A
11479,-1.616,B
11480,-0.138,C
11481,0.4223,C
11482,-0.9315,B
11483,-0.23,C
11484,1.3686,C
11485,-0.3522,C
11486,-2.587,C
11487,-0.9003,C
11488,-0.9514,C
11489,2.2122,A
11490,-0.0427,B
11491,-0.6713,A
11492,0.2121,B
11493,-1.3044,C
11494,-0.9987,B
11495,0.2075,C
11496,0.6031,A
11497,-0.5658,A
11498,-0.8308,A
11499,1.6292,A
11500,0.688,C
11501,-1.2629,C
11502,-0.6116,C
11503,1.2041,C
11504,-2.0545,C
11505,0.7165,A
11506,1.5176,A
11507,-0.2062,C
11508,-0.525,A
11509,0.4599,A
11510,0.9165,A
11511,-0.0465,B
11512,1.2406,C
11513,0.1537,A
11514,-0.2997,C
11515,-1.4787,B
11516,-0.342,C
11517,-0.8221,B
11518,0.7198,C
11519,0.3948,B
11520,-0.2665,A
11521,0.0867,C
11522,-0.9458,B
11523,0.341,B
11524,2.1215,A
11525,0.496,B
11526,0.9074,A
11527,-1.0878,B
11528,-0.1372,B
11529,0.0455,B
11530,0.025,A
11531,0.301,C
11532,0.2517,C
11533,-1.5728,A
11534,-0.1469,C
11535,1.0157,C
11536,-0.7333,A
11537,0.8491,B
11538,-0.4529,A
11539,-0.2334,C
11540,-0.0774,C
11541,0.39,A
11542,0.111,B
11543,-0.8065,C
11544,-1.6457,B
11545,1.3992,B
11546,-0.3066,A
11547,-1.2312,C
11548,-1.7594,B
11549,1.5968,C
11550,0.8942,C
11551,0.4911,C
11552,-0.4156,B
11553,-0.133,C
11554,1.2876,B
11555,-1.3759,A
11556,1.515,B
11557,2.2162,B
11558,2.0312,A
11559,-2.6202,C
11560,0.0294,B
11561,1.7032,C
11562,-0.7963,C
11563,0.9613,B
11564,1.1562,C
11565,-0.8344,A
11566,-0.5498,C
11567,0.8507,A
11568,0.1843,A
11569,0.9215,A
11570,1.1109,B
11571,1.2946,A
11572,0.9057,A
11573,0.3146,B
11574,-0.712,C
11575,0.2245,C
11576,0.1585,B
11577,-0.6522,C
11578,1.0923,B
11579,0.9674,C
11580,-1.6435,C
11581,-1.0613,A
11582,0.3008,B
11583,-0.1204,C
11584,-0.5051,A
11585,0.2026,A
11586,-0.0108,A
11587,-0.4913,B
11588,-0.2729,A
11589,0.0894,C
11590,1.3935,C
11591,-0.6339,B
11592,-0.5497,C
11593,0.2947,C
11594,-0.4513,C
11595,1.0569,A
11596,-0.3875,A
11597,0.7861,C
11598,0.7943,A
11599,-0.3271,A
11600,0.6571,C
11601,-1.1329,A
11602,-0.484,B
11603,0.6282,C
11604,-0.1423,A
11605,-0.573,C
11606,0.7009,C
11607,-0.4395,C
11608,1.674,B
11609,-1.7174,A
11610,-0.3244,B
11611,1.2761,A
11612,-0.6653,C
11613,0.3103,A
11614,-1.2114,B
11615,-1.8372,B
11616,0.5009,A
11617,0.1096,B
11618,1.2689,A
11619,2.0304,C
11620,-0.9868,A
11621,0.5911,A
11622,0.3317,A
11623,0.3578,A
11624,-0.3116,B
11625,0.5759,A
11626,0.8641,A
11627,0.2452,A
11628,0.779,B
11629,0.3808,C
11630,1.8103,B
11631,-0.3506,B
11632,0.4316,B
11633,0.712,C
11634,-1.1319,C
11635,-0.1497,B
11636,0.5119,B
11637,0.5352,C
11638,0.5828,A
11639,0.2685,B
11640,1.4647,B
11641,0.9041,A
11642,1.0809,A
11643,0.2124,C
11644,-0.8401,A
11645,0.2671,B
11646,0.4174,B
11647,0.3878,C
11648,-1.0649,A
11649,0.2644,B
11650,0.7404,B
11651,-0.091,B
11652,0.1548,C
11653,-0.4481,B
11654,0.6728,C
11655,-0.2963,B
11656,0.2932,B
11657,-1.5844,A
11658,0.7752,C
11659,0.6456,B
11660,-1.9312,C
11661,-0.0212,B
11662,0.3557,B
11663,0.2347,B
11664,-0.8018,C
11665,-0.0305,C
11666,1.4017,C
11667,0.1782,B
11668,0.1974,A
11669,-1.4349,A
11670,1.0167,C
11671,-0.0565,B
11672,-0.4471,A
11673,-0.2997,A
11674,0.3014,C
11675,0.729,B
11676,1.5727,A
11677,-1.9811,A
11678,-0.0953,C
11679,0.6109,C
11680,0.4642,C
11681,2.3314,A
11682,0.1191,A
11683,-0.075,B
11684,2.0761,B
11685,-2.3877,A
11686,0.4371,C
11687,0.0199,C
11688,0.9383,C
11689,-0.1754,B
11690,-0.4527,A
11691,0.3734,B
11692,-0.0293,B
11693,-0.7262,A
11694,0.6694,C
11695,0.8091,A
11696,-0.4604,C
11697,-3.1212,C
11698,0.4932,A
11699,0.135,A
11700,1.678,A
11701,0.8969,C
11702,-0.3775,B
11703,-0.6457,B
11704,-0.4968,A
11705,0.5471,C
11706,-0.0526,B
11707,1.3066,A
11708,-0.6441,B
11709,-0.1947,C
11710,-0.9741,A
11711,0.2346,C
11712,1.2213,C
11713,0.0635,C
11714,1.2739,B
11715,-0.4412,C
11716,-0.9625,B
11717,-0.5164,B
11718,-0.6562,A
11719,-0.2997,C
11720,-1.0974,C
11721,0.1447,C
11722,-0.0859,B
11723,-0.1405,B
11724,0.7907,B
11725,-2.0512,B
11726,0.1909,A
11727,0.6971,C
11728,-0.8241,B
11729,-0.1873,B
11730,0.8496,C
11731,-1.7705,A
11732,2.3865,B
11733,-0.9312,C
11734,1.0894,C
11735,-2.0135,B
11736,0.5979,B
11737,0.3167,C
11738,-1.1096,B
11739,1.1079,B
11740,0.8445,B
11741,1.0616,A
11742,-2.3571,B
11743,-0.595,C
11744,-0.6929,B
11745,1.7872,B
11746,-0.398,B
11747,1.1343,A
11748,-0.7637,C
11749,-0.9255,A
11750,-1.7313,B
11751,-1.1605,C
11752,0.2428,B
11753,-0.0195,A
11754,-0.02,A
11755,-0.7287,A
11756,1.2102,A
11757,-2.2805,B
11758,-0.2382,B
11759,-2.1419,C
11760,-0.0318,C
11761,0.5324,B
11762,0.1935,B
11763,0.4943,A
11764,-0.5104,B
11765,3.0445,A
11766,0.8826,A
11767,-0.266,A
11768,0.8138,C
11769,0.984,B
11770,0.2683,C
11771,0.3628,B
11772,0.6773,A
11773,-0.4251,A
11774,-2.6301,A
11775,-0.9699,B
11776,0.7002,B
11777,-1.1184,C
11778,-0.5836,C
11779,1.743,A
11780,1.0392,C
11781,0.9377,C
11782,0.0094,A
11783,0.9508,B
11784,-0.3174,C
11785,-0.4785,A
11786,0.7797,C
11787,2.0942,C
11788,-0.734,A
11789,-2.0062,B
11790,1.1092,A
11791,0.1002,A
11792,-0.2751,C
11793,0.8503,A
11794,1.0026,C
11795,-0.812,B
11796,-1.151,C
11797,0.083,A
11798,-1.8005,B
11799,0.1068,C
11800,-0.448,A
11801,0.3612,A
11802,1.4082,A
11803,1.0926,A
11804,-2.7791,A
11805,0.0563,C
11806,2.2786,C
11807,0.6557,B
11808,1.1521,A
11809,-0.1937,A
11810,0.3525,A
11811,1.247,C
11812,0.8824,C
11813,0.8894,B
11814,-1.0219,C
11815,-1.5696,A
11816,1.0936,A
11817,-0.4444,C
11818,0.1082,B
11819,1.1016,A
11820,-0.0674,A
11821,1.8768,A
11822,0.4749,C
11823,1.3485,B
11824,-0.1033,B
11825,-0.0191,B
11826,-1.0921,B
11827,0.8044,C
11828,-0.9212,A
11829,0.3089,A
11830,0.5479,C
11831,0.9131,B
11832,-0.183,B
11833,2.2468,A
11834,-0.3657,A
11835,-0.2699,C
11836,0.2247,A
11837,-0.1497,B
11838,0.5923,C
11839,-0.172,B
11840,1.9986,C
11841,0.9613,C
11842,-0.6835,A
11843,-0.6663,C
11844,-0.1864,B
11845,0.7214,A
11846,1.642,B
11847,-1.6828,A
11848,-0.2271,C
11849,-0.2256,A
11850,0.6611,B
11851,-0.6746,A
11852,-0.2568,C
11853,0.1073,B
11854,0.0408,B
11855,0.8729,B
11856,-0.5506,A
11857,-1.1859,C
11858,1.3155,A
11859,1.3133,B
11860,0.0871,A
11861,0.6667,B
11862,-0.096,A
11863,1.1135,B
11864,0.6177,B
11865,2.3686,A
11866,-1.3351,C
11867,0.5948,A
11868,-0.7202,B
11869,-0.4554,B
11870,-1.7023,A
11871,0.9737,B
11872,0.226,C
11873,-0.6321,B
11874,-1.5511,A
11875,0.719,A
11876,0.4571,B
11877,0.3803,B
11878,0.312,C
11879,-0.9972,C
11880,0.3237,C
11881,0.1742,B
11882,0.2524,A
11883,-0.8289,A
11884,-1.2396,C
11885,-0.9137,B
11886,-1.0911,B
11887,-1.5617,B
11888,-0.1184,C
11889,-0.5175,A
11890,-1.2921,B
11891,-0.782,B
11892,0.4102,B
11893,-0.2319,A
11894,-1.11,C
11895,-1.2341,B
11896,2.1956,B
11897,0.1312,A
11898,-1.4152,B
11899,-1.8599,C
11900,-0.0491,B
11901,1.2686,A
11902,-0.8892,B
11903,2.5879,C
11904,-0.2199,B
11905,-1.8242,C
11906,-1.184,B
11907,0.5754,A
11908,-1.9423,A
11909,0.1791,B
11910,-0.657,C
11911,0.2785,A
11912,-0.7666,B
11913,-0.4328,A
11914,-0.5348,A
11915,0.6187,B
11916,-0.9633,C
11917,-0.9702,B
11918,-0.0183,B
11919,1.0791,A
11920,-0.6876,C
11921,-1.1419,B
11922,-0.292,A
11923,-0.6687,B
11924,-0.2339,B
11925,-0.2119,B
11926,-0.2888,A
11927,-1.2117,C
11928,-0.5003,B
11929,-1.0932,B
11930,0.7312,B
11931,-0.3402,C
11932,0.3058,A
11933,0.5849,C
11934,-0.8443,C
11935,-0.0408,A
11936,-2.0445,A
11937,-0.1576,B
11938,-0.3527,A
11939,0.0582,A
11940,0.8035,C
11941,-0.1842,B
11942,-0.5151,B
11943,-0.3799,B
11944,0.8704,A
11945,0.3816,C
11946,0.0944,C
11947,-0.3682,B
11948,-0.8502,A
11949,-0.6197,A
11950,0.8821,C
11951,0.9574,C
11952,-0.9043,C
11953,-1.1285,A
11954,-0.2063,A
11955,-1.4363,A
11956,-0.7368,B
11957,-0.3931,A
11958,1.024,C
11959,-0.3775,C
11960,0.154,A
11961,-0.5316,C
11962,-1.4965,C
11963,-1.0709,B
11964,-0.0991,C
11965,-2.1744,C
11966,0.998,B
11967,1.3933,B
11968,-1.0436,C
11969,0.261,C
11970,-0.488,C
11971,-0.4976,A
11972,2.0081,A
11973,-0.7812,A
11974,-0.0382,C
11975,-0.3529,B
11976,0.0174,C
11977,-0.3603,A
11978,0.1895,B
11979,-0.5042,B
11980,0.7895,A
11981,0.0833,B
11982,0.8366,B
11983,2.9435,A
11984,1.3848,A
11985,-0.0008,C
11986,1.6771,A
11987,0.092,A
11988,0.1147,A
11989,0.5647,B
11990,-0.9956,C
11991,-0.0008,A
11992,0.9854,C
11993,1.1993,C
11994,-0.3694,B
11995,-0.4326,B
11996,-0.0566,A
11997,1.2869,C
11998,-1.0023,C
11999,-1.7658,A
12000,0.0573,C
12001,0.6971,A
12002,-1.2264,A
12003,-1.2973,C
12004,-0.0216,B
12005,-1.0604,C
12006,0.5787,C
12007,2.8166,C
12008,1.9373,C
12009,-0.7937,B
12010,0.3368,A
12011,0.1375,B
12012,1.5056,C
12013,1.4868,A
12014,-0.0703,A
12015,0.4537,C
12016,-2.5563,C
12017,1.209,A
12018,-0.0647,B
12019,-1.1776,C
12020,1.0794,B
12021,-1.0562,A
12022,-0.576,C
12023,-0.2681,C
12024,0.6397,A
12025,-0.6647,C
12026,0.3374,C
12027,-0.3951,C
12028,-1.3503,C
12029,-0.8471,B
12030,1.2063,C
12031,-0.4067,B
12032,0.9629,A
12033,0.6683,B
12034,0.1262,C
12035,-0.0882,B
12036,0.6451,C
12037,0.4495,A
12038,-1.173,C
12039,1.3468,A
12040,1.3732,A
12041,-0.7815,B
12042,-0.8685,C
12043,0.8867,A
12044,-0.9843,C
12045,-1.3216,C
12046,0.711,C
12047,-0.3994,B
12048,1.0491,A
12049,0.4521,C
12050,1.4428,B
12051,1.6186,B
12052,-0.365,B
12053,-2.0987,C
12054,0.9631,B
12055,-1.3396,C
12056,-0.149,B
12057,0.0828,B
12058,-0.7616,B
12059,-1.4617,C
12060,-1.705,C
12061,-1.3847,B
12062,-0.1662,A
12063,0.1652,B
12064,-1.0436,C
12065,-0.6254,A
12066,1.0697,C
12067,0.3838,A
12068,-0.399,B
12069,0.3153,C
12070,0.6122,A
12071,-0.9059,B
12072,1.8082,C
12073,0.0137,A
12074,-0.5554,B
12075,-0.6071,C
12076,-1.9988,B
12077,0.9051,A
12078,-1.1212,C
12079,-1.3676,C
12080,1.4792,B
12081,0.5825,A
12082,0.5786,C
12083,-1.8975,C
12084,-1.3675,B
12085,-1.2502,B
12086,-0.4568,C
12087,0.0071,C
12088,0.0898,C
12089,0.8611,A
12090,-0.053,A
12091,1.3277,C
12092,-0.0512,A
12093,1.1175,C
12094,-0.3922,C
12095,-1.2028,A
12096,1.073,A
12097,0.5483,A
12098,-0.9929,A
12099,-0.0051,C
12100,-1.2108,C
12101,0.5509,A
12102,0.6294,C
12103,0.8915,A
12104,-0.0406,C
12105,0.4401,C
12106,-0.0504,B
12107,-1.1805,B
12108,-1.3657,B
12109,0.1578,A
12110,1.3684,C
12111,0.1161,A
12112,-0.2021,A
12113,-1.2596,C
12114,0.0529,A
12115,0.2858,B
12116,0.817,B
12117,0.4681,A
12118,-0.0934,A
12119,-0.8536,B
12120,-0.1625,B
12121,-0.6274,B
12122,-1.6597,C
12123,-1.4017,A
12124,-1.2555,C
12125,2.3152,C
12126,0.7919,C
12127,0.8615,A
12128,2.0418,B
12129,-0.1957,C
12130,-0.5081,A
12131,-1.853,C
12132,-0.126,C
12133,0.3286,B
12134,0.7675,C
12135,-0.5558,A
12136,0.9658,A
12137,0.0783,C
12138,1.4215,B
12139,0.1902,C
12140,-0.2172,C
12141,-0.9077,B
12142,0.8969,A
12143,-0.7517,C
12144,-3.0644,B
12145,-2.1992,B
12146,-0.1586,B
12147,0.3797,B
12148,-1.6649,C
12149,0.2788,A
12150,1.2069,B
12151,0.7153,B
12152,-0.4122,C
12153,0.6178,A
12154,0.0922,B
12155,0.3493,C
12156,0.827,C
12157,1.1642,C
12158,0.9246,A
12159,0.2132,B
12160,0.276,B
12161,-0.3746,C
12162,0.409,C
12163,0.3657,B
12164,1.3477,A
12165,0.1443,A
12166,-0.0042,C
12167,-0.9419,C
12168,-0.2374,C
12169,-1.3744,A
12170,-0.2878,B
12171,0.4349,C
12172,-0.4254,B
12173,0.4326,C
12174,1.5958,A
12175,1.7705,B
12176,-0.6747,C
12177,1.2927,C
12178,-0.556,A
12179,-0.232,B
12180,-0.5842,C
12181,0.4822,B
12182,-1.1763,B
12183,-0.3127,A
12184,-0.1352,A
12185,0.9341,A
12186,0.1876,C
12187,2.1638,B
12188,0.9145,B
12189,0.2828,B
12190,-0.763,B
12191,-0.5082,C
12192,1.1752,C
12193,2.1685,C
12194,-0.4201,A
12195,1.0866,C
12196,1.2,A
12197,-0.0897,C
12198,-1.1327,A
12199,-0.1748,A
12200,-0.4977,C
12201,0.8886,B
12202,0.1574,A
12203,0.9665,B
12204,-0.7877,B
12205,-0.24,C
12206,1.465,B
12207,0.823,B
12208,0.1212,A
12209,0.5523,C
12210,-0.2508,C
12211,-1.0513,B
12212,-0.1051,C
12213,1.6292,A
12214,-1.1629,A
12215,-1.15,C
12216,-2.6232,B
12217,0.4101,C
12218,-0.1508,B
12219,1.5072,B
12220,1.269,C
12221,0.8181,A
12222,-0.782,B
12223,-0.9226,A
12224,0.6556,A
12225,2.0683,A
12226,-0.3524,A
12227,-1.137,C
12228,1.4917,A
12229,1.4746,A
12230,0.4559,B
12231,0.4246,C
12232,1.3295,B
12233,0.8843,B
12234,-0.821,B
12235,0.6462,C
12236,-0.3596,A
12237,2.0301,A
12238,-1.7323,B
12239,1.0823,C
12240,-0.0663,A
12241,0.6017,B
12242,0.2769,A
12243,0.535,B
12244,-0.2755,C
12245,0.0712,B
12246,0.7411,C
12247,0.1032,A
12248,0.1252,B
12249,-1.4917,B
12250,0.8348,C
12251,0.1824,B
12252,-0.5875,A
12253,-0.8273,A
12254,-1.9435,A
12255,-1.3555,C
12256,1.2774,C
12257,1.0412,A
12258,-0.1218,A
12259,1.4337,C
12260,-2.1228,A
12261,0.6773,A
12262,1.0182,C
12263,1.1436,B
12264,0.8144,B
12265,0.8774,B
12266,-0.5813,B
12267,1.2268,C
12268,0.2644,C
12269,0.8081,C
12270,-0.6319,C
12271,-0.5419,A
12272,0.1643,B
12273,-0.2643,A
12274,0.1966,C
12275,-0.4912,B
12276,-0.7835,C
12277,0.1914,A
12278,2.0637,C
12279,1.5245,A
12280,-0.3693,A
12281,-0.4499,B
12282,-0.6977,A
12283,-0.3889,A
12284,-0.2655,B
12285,0.9605,B
12286,-1.44,C
12287,0.7961,A
12288,0.0476,C
12289,-1.5199,C
12290,-0.6225,C
12291,0.8839,A
12292,1.7895,C
12293,1.2125,C
12294,1.0035,B
12295,0.5399,B
12296,-0.2687,C
12297,0.2508,C
12298,-0.1861,C
12299,-2.3773,C
12300,-0.766,A
12301,0.8976,C
12302,-1.2715,A
12303,1.8283,A
12304,-0.1896,B
12305,-1.1461,A
12306,0.6347,C
12307,0.5852,C
12308,-1.8535,B
12309,-0.1115,B
12310,-1.1675,B
12311,-1.0992,B
12312,0.3646,A
12313,-0.0996,C
12314,0.887,A
12315,-1.1379,B
12316,0.4768,A
12317,1.0358,B
12318,0.5137,C
12319,0.2761,B
12320,0.5467,A
12321,0.3078,C
12322,-0.6545,C
12323,-1.0102,A
12324,-0.7391,C
12325,-1.3145,A
12326,0.4162,C
12327,0.0121,B
12328,-1.0816,B
12329,0.0446,A
12330,-0.2697,C
12331,0.8947,B
12332,0.1926,C
12333,0.7814,C
12334,-0.9689,B
12335,-1.1261,C
12336,0.6836,B
12337,-1.1696,C
12338,-0.024,B
12339,-1.1394,A
12340,-1.5787,B
12341,-0.821,C
12342,-0.8433,A
12343,-0.4949,C
12344,-0.2104,A
12345,-2.1936,B
12346,0.7244,B
12347,1.7606,B
12348,-0.1911,B
12349,0.2803,C
12350,0.2985,C
12351,-0.337,A
12352,-0.961,C
12353,0.9122,A
12354,-0.1191,B
12355,-1.533,B
12356,-0.5396,C
12357,-1.6384,A
12358,0.0995,A
12359,0.3489,B
12360,-0.818,B
12361,-0.2797,B
12362,0.3305,C
12363,1.5394,B
12364,0.1893,B
12365,-0.1607,B
12366,0.6471,B
12367,0.3724,C
12368,1.2121,B
12369,-1.0049,C
12370,0.3269,B
12371,-0.1226,C
12372,0.6209,A
12373,-0.7314,C
12374,0.7782,B
12375,-0.0267,B
12376,0.338,A
12377,1.5955,B
12378,-0.6929,C
12379,1.3212,A
12380,-0.7977,B
12381,-0.4837,A
12382,0.4217,B
12383,-0.0455,A
12384,-0.0252,A
12385,-0.3516,C
12386,0.8454,B
12387,-1.1458,C
12388,-0.5038,B
12389,-1.3382,B
12390,0.6963,C
12391,-0.6372,A
12392,1.98,B
12393,0.0518,C
12394,-0.1521,A
12395,1.5272,B
12396,0.071,A
12397,1.1161,A
12398,-0.4458,A
12399,-1.1449,C
12400,0.8981,A
12401,0.319,A
12402,0.027,A
12403,-1.7006,A
12404,2.0469,C
12405,0.6363,A
12406,0.9214,C
12407,-0.4406,B
12408,0.353,B
12409,-0.4343,A
12410,0.0802,B
12411,-1.3156,A
12412,2.1813,C
12413,-0.6134,A
12414,0.1335,B
12415,-1.378,A
12416,-0.5955,B
12417,0.339,C
12418,-0.3324,A
12419,0.8969,C
12420,-0.0471,C
12421,0.5764,B
12422,-0.3368,B
12423,-0.1329,C
12424,0.7523,B
12425,-1.4807,C
12426,-1.478,C
12427,0.4524,B
12428,0.7041,A
12429,-0.6757,B
12430,-0.0954,A
12431,0.0714,A
12432,1.1028,C
12433,1.7476,B
12434,0.0199,C
12435,0.2713,C
12436,-0.7886,A
12437,0.4055,A
12438,0.0281,B
12439,-0.4516,C
12440,0.5357,A
12441,-1.3631,A
12442,-1.2007,B
12443,0.778,B
12444,0.2095,C
12445,-0.9008,C
12446,-0.829,A
12447,1.3539,B
12448,-0.4398,B
12449,2.1747,C
12450,-0.2521,A
12451,-1.2422,A
12452,-0.3488,A
12453,0.4534,C
12454,-1.0905,A
12455,-0.5421,A
12456,-0.8173,B
12457,0.0628,B
12458,0.1154,A
12459,-0.8188,B
12460,1.3776,B
12461,0.0467,B
12462,-0.1067,C
12463,0.2969,B
12464,0.0833,B
12465,-1.5325,A
12466,0.1639,B
12467,0.5745,B
12468,1.3297,B
12469,-0.7944,C
12470,0.5689,C
12471,1.2046,C
12472,-0.5637,A
12473,1.8316,A
12474,0.3688,C
12475,-0.0694,B
12476,-0.0206,B
12477,0.1434,C
12478,0.6624,A
12479,0.3314,C
12480,1.0229,B
12481,0.1901,C
12482,-0.8518,C
12483,-1.5246,B
12484,1.1276,A
12485,-0.3902,A
12486,2.0717,A
12487,-1.1763,C
12488,0.2841,B
12489,0.5533,A
12490,-0.9606,B
12491,-0.3151,A
12492,0.2184,C
12493,-0.1458,A
12494,-0.5574,B
12495,-0.2733,C
12496,-0.3917,B
12497,-0.2011,A
12498,0.626,A
12499,-1.3917,A
12500,0.4648,B
12501,0.9623,C
12502,0.5783,C
12503,0.8912,B
12504,-0.0795,C
12505,-0.6011,A
12506,0.7942,C
12507,0.0792,B
12508,-1.7953,B
12509,0.7106,A
12510,0.507,A
12511,0.161,B
12512,1.0412,C
12513,-1.3037,B
12514,-0.5916,C
12515,-1.6334,C
12516,-1.3739,A
12517,-0.2593,B
12518,-0.4492,C
12519,-0.4285,B
12520,-0.4535,C
12521,1.4245,B
12522,2.2943,B
12523,-0.804,B
12524,1.4056,C
12525,-0.2232,B
12526,0.503,B
12527,2.0118,A
12528,-1.8489,B
12529,-0.7673,B
12530,-1.9488,C
12531,0.0983,B
12532,1.3457,C
12533,-1.1687,C
12534,0.7083,A
12535,-0.7514,B
12536,0.7373,B
12537,-0.6166,A
12538,-1.5496,C
12539,0.9435,C
12540,0.8049,A
12541,-0.41,A
12542,-1.0657,B
12543,-1.4981,A
12544,0.5426,C
12545,-1.1245,A
12546,1.7898,C
12547,-1.0521,B
12548,-0.3923,A
12549,-0.5217,C
12550,-0.0645,B
12551,0.1697,B
12552,-0.6355,C
12553,0.0324,B
12554,1.3171,C
12555,0.302,A
12556,-1.1903,A
12557,-0.7249,C
12558,-0.5938,C
12559,2.027,B
12560,0.7357,A
12561,-0.5474,C
12562,-1.2337,C
12563,-0.6485,B
12564,-1.1283,C
12565,0.0465,C
12566,-0.0021,A
12567,-0.8451,C
12568,-1.3314,B
12569,0.1596,C
12570,0.9367,B
12571,-0.8264,A
12572,0.6932,C
12573,0.272,B
12574,-0.7745,B
12575,1.2677,B
12576,-1.346,C
12577,-0.4158,B
12578,0.9452,B
12579,0.9474,A
12580,1.0292,A
12581,0.3239,C
12582,0.0381,C
12583,-0.9185,B
12584,-0.9338,A
12585,0.3293,B
12586,1.0414,A
12587,-0.8779,C
12588,-0.4337,C
12589,1.6754,B
12590,-1.3614,C
12591,0.396,A
12592,-1.2861,A
12593,-2.9002,C
12594,1.0726,B
12595,0.0741,B
12596,1.1401,A
12597,-0.447,C
12598,0.3509,A
12599,1.1849,B
12600,-0.039,C
12601,0.3029,A
12602,0.6164,A
12603,-0.3491,A
12604,0.1191,C
12605,0.5874,A
12606,1.7658,B
12607,0.5693,A
12608,-0.2909,C
12609,1.6816,B
12610,-0.6107,B
12611,-0.6224,B
12612,1.8947,B
12613,0.1,B
12614,1.8358,A
12615,0.0787,C
12616,-0.3605,A
12617,-0.0526,B
12618,0.238,C
12619,0.5129,B
12620,-0.4523,B
12621,2.3342,B
12622,0.6231,A
12623,0.764,A
12624,0.5037,C
12625,0.0621,C
12626,0.2614,A
12627,-1.2375,B
12628,-0.3059,B
12629,-1.0814,A
12630,0.1649,B
12631,-0.5179,A
12632,-0.1846,C
12633,0.5381,A
12634,1.1788,B
12635,-1.1523,C
12636,-0.1596,C
12637,0.3155,A
12638,2.8578,B
12639,0.1013,C
12640,0.5877,A
12641,0.4853,B
12642,0.2375,C
12643,-0.2124,C
12644,0.9101,A
12645,0.7626,A
12646,-0.1704,B
12647,0.2881,B
12648,0.8708,A
12649,-0.0314,A
12650,-0.3463,B
12651,-0.1363,C
12652,1.8883,C
12653,-1.1273,A
12654,0.9417,A
12655,-0.6716,A
12656,-0.0196,C
12657,-0.0605,A
12658,0.2037,B
12659,-1.1544,A
12660,-2.1027,A
12661,-1.0104,A
12662,0.8077,A
12663,-0.1871,A
12664,2.0735,A
12665,-1.623,C
12666,0.9831,B
12667,-0.4472,C
12668,1.5307,C
12669,0.8015,A
12670,0.4546,A
12671,-1.4489,A
12672,-0.3549,C
12673,1.7342,B
12674,-0.8228,B
12675,-0.5975,B
12676,-0.8539,C
12677,0.9158,C
12678,1.2584,C
12679,1.1238,B
12680,0.149,B
12681,-0.6171,B
12682,-0.1549,A
12683,0.8372,A
12684,0.5276,C
12685,-0.2684,A
12686,1.2974,A
12687,-0.26,C
12688,0.7624,C
12689,0.0688,A
12690,-1.2576,B
12691,0.9109,A
12692,2.0856,C
12693,-1.1427,C
12694,0.1083,A
12695,-0.4782,A
12696,0.3746,C
12697,1.7758,A
12698,1.1499,A
12699,0.0779,C
12700,-0.1009,C
12701,-0.1638,B
12702,2.4927,B
12703,1.184,B
12704,-0.5056,B
12705,-0.944,C
12706,0.4365,A
12707,1.5567,C
12708,-0.8562,B
12709,0.2637,A
12710,-1.2649,B
12711,0.1481,C
12712,-0.163,C
12713,-0.277,B
12714,-0.3928,B
12715,0.5171,B
12716,-0.3125,B
12717,-0.2371,B
12718,0.1657,B
12719,0.1987,A
12720,-0.0373,B
12721,0.519,B
12722,0.5481,C
12723,-1.7325,B
12724,0.8673,B
12725,-0.0605,C
12726,-0.5037,C
12727,-0.4771,C
12728,-0.1924,B
12729,-0.9145,A
12730,0.119,C
12731,-0.7045,C
12732,-0.737,B
12733,1.1216,A
12734,-2.1517,A
12735,-0.6515,B
12736,0.5244,C
12737,2.2825,A
12738,-1.5713,A
12739,1.0686,A
12740,1.8518,A
12741,0.001,A
12742,-0.6248,A
12743,-0.8853,B
12744,-0.986,A
12745,0.3522,A
12746,-1.2893,B
12747,-0.502,B
12748,-0.5212,B
12749,2.5055,B
12750,0.6579,B
12751,0.7637,B
12752,0.4185,A
12753,0.1331,C
12754,-0.9286,A
12755,-0.2531,C
12756,-0.6174,A
12757,1.1208,C
12758,0.6258,B
12759,-0.0157,B
12760,2.7121,C
12761,0.8238,A
12762,-0.0267,C
12763,-0.5935,C
12764,-0.8865,C
12765,2.3569,B
12766,-0.5647,C
12767,0.73,B
12768,0.8966,B
12769,-0.9515,B
12770,1.5162,C
12771,-1.8738,A
12772,-1.2052,A
12773,0.3712,B
12774,0.8153,C
12775,-0.8297,C
12776,-1.0126,A
12777,-2.1654,B
12778,1.3156,C
12779,-0.9896,C
12780,-0.4961,C
12781,-0.2938,C
12782,-0.2546,A
12783,-0.2913,A
12784,-0.5298,C
12785,-0.4121,C
12786,0.2797,B
12787,0.6792,C
12788,-0.9434,A
12789,0.4577,A
12790,-0.5747,A
12791,1.781,B
12792,-1.0895,B
12793,0.1212,A
12794,-0.3161,B
12795,2.0207,A
12796,0.2568,C
12797,-1.4028,B
12798,1.9687,B
12799,0.9707,B
12800,2.4929,B
12801,-1.0993,B
12802,-0.6617,C
12803,-1.0957,B
12804,2.2415,B
12805,0.1586,C
12806,1.9682,B
12807,0.4234,B
12808,-0.9858,B
12809,0.971,A
12810,0.368,A
12811,0.6067,C
12812,1.9204,B
12813,-0.2636,C
12814,0.247,C
12815,-0.1691,A
12816,0.1812,B
12817,-1.6145,B
12818,-0.7961,B
12819,-0.9895,B
12820,-2.4402,B
12821,-0.9019,A
12822,0.5276,C
12823,-0.9689,A
12824,0.1909,C
12825,-1.8571,C
12826,-0.5044,C
12827,0.8582,C
12828,0.1088,B
12829,-0.1877,A
12830,-0.0401,B
12831,0.4682,B
12832,-1.2737,C
12833,-0.3241,C
12834,1.5409,B
12835,-0.8571,C
12836,-1.3335,C
12837,0.6988,B
12838,-0.6896,B
12839,0.4917,A
12840,-1.3294,C
12841,-1.0492,A
12842,-0.7531,C
12843,1.3713,A
12844,-0.0006,C
12845,0.5285,A
12846,-1.0112,C
12847,0.317,B
12848,0.0171,A
12849,-0.2599,C
12850,-1.7037,B
12851,0.0063,A
12852,0.9567,A
12853,0.3758,C
12854,-0.6783,A
12855,0.8353,C
12856,0.5774,B
12857,-1.4862,B
12858,-0.126,B
12859,1.981,C
12860,0.0316,C
12861,0.2985,A
12862,1.7664,B
12863,-0.168,A
12864,0.9942,C
12865,1.0284,C
12866,-0.1685,A
12867,0.1393,A
12868,-0.4418,B
12869,-0.3414,C
12870,-1.6298,A
12871,-0.3644,B
12872,-0.6871,C
12873,-1.1422,C
12874,-0.3905,C
12875,-0.8122,C
12876,0.3528,C
12877,-1.5928,A
12878,0.5033,A
12879,-0.825,C
12880,-0.6584,A
12881,1.0569,A
12882,0.5276,B
12883,0.857,A
12884,0.4601,C
12885,0.7362,C
12886,-0.2574,A
12887,-1.9207,A
12888,0.6617,A
12889,0.1195,B
12890,-1.7074,B
12891,0.8614,B
12892,1.2154,C
12893,-1.3485,C
12894,0.8572,A
12895,2.4013,B
12896,-0.5023,A
12897,-1.1576,C
12898,-0.2731,A
12899,1.6132,C
12900,0.351,C
12901,0.2761,B
12902,0.4471,B
12903,-1.066,A
12904,1.0672,A
12905,0.6907,B
12906,1.7481,C
12907,0.7361,C
12908,0.4557,B
12909,-0.9096,B
12910,0.7389,B
12911,0.1521,C
12912,0.6473,C
12913,0.3126,A
12914,-0.5103,C
12915,-1.5158,C
12916,0.1944,A
12917,0.8659,C
12918,-0.3477,A
12919,-1.3706,A
12920,-0.4656,A
12921,-0.3777,A
12922,0.9665,C
12923,1.597,C
12924,1.6713,C
12925,-0.7654,C
12926,1.0882,A
12927,-0.4108,A
12928,0.4831,A
12929,0.1294,C
12930,-0.4606,B
12931,-1.6853,A
12932,0.877,B
12933,0.6592,A
12934,0.3566,C
12935,0.0171,A
12936,0.3075,A
12937,1.8021,C
12938,-0.1841,B
12939,0.1867,A
12940,0.6231,B
12941,1.8388,B
12942,1.684,B
12943,-0.5665,A
12944,0.2132,A
12945,-1.4907,B
12946,0.2157,A
12947,1.0974,C
12948,1.5239,C
12949,-1.3929,B
12950,-1.5012,A
12951,0.812,A
12952,1.256,B
12953,-1.8146,A
12954,0.0369,C
12955,-0.4721,C
12956,-1.0903,A
12957,1.1879,B
12958,0.4728,B
12959,1.0021,C
12960,-0.3954,A
12961,-1.5653,A
12962,1.3771,B
12963,-1.0841,C
12964,-0.1026,A
12965,-0.2418,A
12966,-0.4427,C
12967,-0.0144,B
12968,-0.9001,C
12969,0.2289,C
12970,-0.8646,A
12971,2.8949,B
12972,0.8162,C
12973,0.3426,A
12974,1.0852,B
12975,-0.5394,B
12976,-0.7814,B
12977,0.6444,B
12978,1.3334,A
12979,0.2388,A
12980,-1.1138,C
12981,0.2319,C
12982,-0.9295,B
12983,0.8098,C
12984,-0.0164,C
12985,-1.2518,C
12986,-0.4485,B
12987,1.0082,A
12988,-0.9689,B
12989,-0.3236,A
12990,1.4906,C
12991,-1.7185,A
12992,1.5293,B
12993,-1.5436,C
12994,1.6589,B
12995,-1.653,A
12996,-0.4194,B
12997,-0.2242,B
12998,-1.2034,C
12999,1.8446,B
13000,-2.1439,C
13001,-0.7269,C
13002,0.2736,B
13003,0.793,A
13004,-1.1597,A
13005,-0.9947,C
13006,-0.5142,C
13007,-0.5562,B
13008,-0.8409,C
13009,0.4938,A
13010,0.4582,C
13011,0.8227,C
13012,-1.1592,A
13013,0.6803,A
13014,1.7067,C
13015,-0.9804,A
13016,-1.0754,B
13017,0.2687,A
13018,0.5726,B
13019,-0.5269,A
13020,0.0174,B
13021,0.818,A
13022,0.8249,B
13023,-2.5206,A
13024,0.0364,A
13025,1.6702,A
13026,-0.2561,B
13027,-0.9703,C
13028,0.4121,A
13029,-0.8444,A
13030,-0.6245,B
13031,-0.0873,B
13032,0.2276,B
13033,1.3042,C
13034,0.472,A
13035,0.7253,C
13036,-0.201,B
13037,0.6102,B
13038,-0.8295,A
13039,-0.4571,B
13040,0.0068,C
13041,-1.6369,A
13042,-0.5382,C
13043,0.1447,B
13044,2.0551,A
13045,-1.3471,B
13046,0.6018,C
13047,1.1518,A
13048,0.0974,A
13049,-1.2223,B
13050,1.6546,A
13051,0.3474,C
13052,0.5452,C
13053,0.9957,C
13054,1.507,B
13055,-0.0011,A
13056,2.0217,A
13057,0.6387,A
13058,0.0205,C
13059,0.4697,C
13060,0.3615,C
13061,-0.3431,C
13062,-1.7391,A
13063,0.5079,B
13064,-0.3867,B
13065,-1.7626,B
13066,1.4606,C
13067,0.7203,A
13068,-0.878,C
13069,-0.0687,C
13070,-0.2051,B
13071,1.2829,C
13072,-2.5556,A
13073,-1.3082,A
13074,0.4192,C
13075,-0.0263,B
13076,-1.1306,B
13077,1.0048,A
13078,-1.4687,C
13079,0.4602,A
13080,-0.9924,B
13081,1.821,A
13082,2.2652,C
13083,-0.6093,B
13084,-0.3717,A
13085,0.5356,B
13086,0.5321,A
13087,0.2443,C
13088,1.1432,A
13089,0.4951,B
13090,-0.9263,A
13091,-0.0032,B
13092,-0.6155,B
13093,-0.0275,C
13094,-2.1196,B
13095,0.2062,A
13096,0.5157,A
13097,0.7898,C
13098,0.1991,B
13099,-1.3055,C
13100,-0.8446,C
13101,-0.5914,C
13102,0.7214,B
13103,1.5967,B
13104,0.4475,C
13105,0.9286,C
13106,-0.9104,C
13107,-0.7554,C
13108,-1.1873,A
13109,-0.9765,B
13110,-0.2756,A
13111,0.6846,C
13112,1.1564,B
13113,1.0509,A
13114,1.3417,C
13115,0.8285,C
13116,-1.1681,B
13117,0.4856,C
13118,-1.2146,C
13119,-0.3138,B
13120,1.1049,B
13121,-0.8457,B
13122,0.4881,B
13123,1.6301,A
13124,-0.6908,C
13125,-1.0567,A
13126,1.0945,A
13127,-1.8319,C
13128,0.464,B
13129,-0.9874,B
13130,0.6937,B
13131,-1.3708,B
13132,-0.3436,C
13133,-1.1503,B
13134,0.2229,A
13135,2.0836,C
13136,0.3939,A
13137,-1.2097,B
13138,-1.0711,C
13139,1.0677,C
13140,1.2117,C
13141,0.5951,C
13142,2.4458,C
13143,-0.387,B
13144,1.2781,B
13145,-0.3354,A
13146,0.4682,A
13147,2.0216,C
13148,-0.3684,A
13149,0.0171,A
13150,1.4245,A
13151,1.9997,B
13152,-1.3766,A
13153,-0.9475,A
13154,-1.238,A
13155,-0.4842,B
13156,1.489,B
13157,0.6498,A
13158,-0.4085,A
13159,0.906,B
13160,-0.0129,C
13161,0.3038,C
13162,-1.1562,C
13163,-0.0083,A
13164,-0.4233,C
13165,-0.1475,C
13166,1.3175,A
13167,-1.143,B
13168,-1.17,C
13169,-0.106,B
13170,0.1769,C
13171,-1.2952,C
13172,-1.0015,B
13173,0.0836,B
13174,-0.2936,C
13175,2.0476,C
13176,0.3574,B
13177,-0.4267,C
13178,0.4848,B
13179,-1.245,A
13180,-0.4037,A
13181,0.5208,B
13182,-2.0987,A
13183,-0.8186,C
13184,0.8037,C
13185,-0.478,B
13186,0.8602,A
13187,-0.4802,B
13188,2.2858,A
13189,0.4219,B
13190,0.9609,B
13191,1.3106,C
13192,1.2325,C
13193,0.1674,C
13194,1.3569,A
13195,-0.325,C
13196,-0.5537,B
13197,-1.0614,B
13198,0.2737,A
13199,-0.7557,A
13200,-2.0564,B
13201,0.157,B
13202,-0.787,B
13203,1.0511,C
13204,-0.574,C
13205,-0.4738,C
13206,1.3048,B
13207,0.6343,A
13208,0.3776,B
13209,1.7963,A
13210,-1.5816,C
13211,0.086,B
13212,-0.2569,B
13213,0.9957,B
13214,-1.0158,A
13215,-0.682,B
13216,-0.829,A
13217,0.3443,C
13218,-0.7727,A
13219,-0.8292,A
13220,-0.245,C
13221,0.1656,B
13222,-0.6202,A
13223,-1.2032,A
13224,-0.6663,B
13225,0.7553,B
13226,1.0684,A
13227,-0.7316,C
13228,0.3918,C
13229,-0.0663,B
13230,1.1636,B
13231,0.5107,B
13232,-1.4669,B
13233,-0.291,A
13234,0.1127,A
13235,0.7095,A
13236,1.8792,A
13237,-1.7397,B
13238,1.3743,C
13239,0.4445,A
13240,-0.7084,A
13241,-0.3099,B
13242,-0.539,C
13243,1.0376,A
13244,-1.8264,C
13245,-0.602,A
13246,-1.0673,C
13247,1.2465,B
13248,-2.1089,B
13249,0.1286,C
13250,1.1285,C
13251,-0.9305,C
13252,-0.2464,C
13253,-0.4566,A
13254,-0.1075,B
13255,0.7163,C
13256,0.66,A
13257,2.6184,B
13258,-1.2649,B
13259,0.4835,A
13260,0.5158,A
13261,-1.1595,B
13262,-1.5932,A
13263,-0.463,B
13264,-0.934,A
13265,-0.2119,B
13266,-1.4956,B
13267,1.1093,B
13268,-1.9541,A
13269,1.6133,A
13270,-0.0117,B
13271,-0.3115,C
13272,3.4421,B
13273,-0.7905,A
13274,-1.2885,C
13275,-0.1505,A
13276,1.8802,C
13277,-1.0963,C
13278,0.1108,C
13279,0.2681,C
13280,0.5841,B
13281,-1.6195,A
13282,0.26,C
13283,0.2654,C
13284,-0.5325,C
13285,0.5137,A
13286,0.2142,A
13287,-0.0061,B
13288,2.0507,B
13289,0.0981,B
13290,-0.3591,B
13291,-0.9373,B
13292,-0.1063,C
13293,-0.902,B
13294,1.8722,A
13295,0.3202,A
13296,0.2698,B
13297,-0.7416,A
13298,0.0175,C
13299,0.3234,B
13300,0.326,C
13301,-1.0779,A
13302,0.0919,B
13303,-0.6115,B
13304,0.13,C
13305,0.3205,A
13306,-0.2222,B
13307,-0.112,C
13308,0.4381,C
13309,1.8968,A
13310,-0.0565,A
13311,-0.2125,B
13312,-0.4544,C
13313,1.4029,C
13314,-1.2549,B
13315,0.3913,C
13316,-0.435,A
13317,-1.5151,C
13318,-0.5242,C
13319,-2.6018,A
13320,-0.0164,C
13321,0.9309,C
13322,0.5844,A
13323,-0.9629,C
13324,0.2069,C
13325,0.1527,C
13326,-0.4991,B
13327,-0.8407,A
13328,1.4937,C
13329,1.0632,B
13330,0.6024,B
13331,-0.5867,B
13332,0.4945,B
13333,-1.4755,B
13334,2.4549,C
13335,-0.0717,B
13336,-0.0829,B
13337,0.6726,B
13338,0.318,A
13339,1.4861,B
13340,2.0843,C
13341,-0.2655,B
13342,-1.0263,B
13343,1.059,C
13344,-0.0509,B
13345,0.9946,A
13346,-1.1348,B
13347,-0.7343,B
13348,1.1802,A
13349,-0.9922,C
13350,-2.1273,B
13351,-0.6124,C
13352,-0.0962,C
13353,1.9207,A
13354,0.4253,C
13355,0.6482,C
13356,0.9959,B
13357,0.5724,A
13358,0.0473,A
13359,0.1653,B
13360,-0.4127,B
13361,-0.698,A
13362,-1.2194,A
13363,1.2469,C
13364,1.3443,A
13365,0.6878,C
13366,0.9006,A
13367,0.3946,B
13368,0.9936,A
13369,0.269,A
13370,-1.1589,B
13371,0.3986,B
13372,-0.9947,B
13373,0.7221,A
13374,1.1293,A
13375,0.234,C
13376,-0.1849,A
13377,-0.7398,A
13378,0.8145,B
13379,0.6151,A
13380,1.49,B
13381,-0.959,C
13382,-0.2527,A
13383,0.4341,C
13384,1.1458,A
13385,0.9601,A
13386,1.4678,B
13387,1.6164,C
13388,1.1773,B
13389,-0.5582,B
13390,0.7832,C
13391,-0.9982,B
13392,0.9382,C
13393,0.0944,A
13394,-0.2362,C
13395,-1.2017,B
13396,0.21,B
13397,1.3917,B
13398,0.0468,C
13399,1.0019,A
13400,-0.0951,A
13401,-0.3494,B
13402,-0.0418,C
13403,0.3763,C
13404,0.8838,A
13405,-1.0268,A
13406,-0.6392,B
13407,0.8055,C
13408,2.3031,A
13409,0.886,C
13410,2.7906,B
13411,-0.8158,B
13412,-1.0881,B
13413,-1.4052,C
13414,-0.6246,C
13415,1.327,C
13416,-1.6489,B
13417,-0.276,C
13418,-0.3447,A
13419,0.5899,A
13420,-0.9537,B
13421,0.3246,A
13422,-1.8077,C
13423,0.3117,B
13424,-0.8236,A
13425,0.6211,C
13426,1.3068,C
13427,0.5174,C
13428,-2.5424,A
13429,-1.6495,C
13430,0.2538,C
13431,0.0142,B
13432,-2.3658,A
13433,-1.6984,B
13434,0.2018,B
13435,-0.7207,B
13436,-2.1881,A
13437,0.0784,C
13438,1.1072,A
13439,-0.353,C
13440,-0.4492,C
13441,-0.7743,A
13442,-0.1673,B
13443,2.2651,B
13444,0.6263,C
13445,0.0864,A
13446,-1.7521,B
13447,-0.1674,A
13448,-1.0877,C
13449,-1.5998,A
13450,0.2484,C
13451,-1.849,A
13452,0.8211,B
13453,-1.4465,B
13454,-0.2186,B
13455,0.2616,B
13456,0.9774,A
13457,0.1139,A
13458,-1.376,C
13459,0.147,A
13460,-0.5756,A
13461,-1.0066,C
13462,1.9378,A
13463,-0.95,B
13464,1.051,C
13465,1.4979,C
13466,1.2669,B
13467,1.171,C
13468,1.5191,B
13469,1.2081,A
13470,-1.9154,A
13471,2.1598,B
13472,-0.1531,A
13473,-1.3397,B
13474,0.0677,C
13475,-1.5019,B
13476,-0.7409,C
13477,-1.428,C
13478,0.0699,A
13479,-1.2846,B
13480,-0.8621,C
13481,0.9007,B
13482,0.4957,A
13483,0.9704,A
13484,-0.8536,B
13485,0.9915,B
13486,-1.1231,A
13487,0.8313,C
13488,0.2256,B
13489,-0.7248,C
13490,1.6677,B
13491,0.054,A
13492,1.5336,C
13493,-0.1178,B
13494,-0.1079,A
13495,-0.4704,C
13496,0.1912,B
13497,-1.9652,C
13498,3.026,C
13499,0.9888,A
13500,1.2198,C
13501,-1.4562,B
13502,-0.0016,B
13503,0.3552,B
13504,-0.7234,B
13505,-0.3214,A
13506,0.3259,A
13507,0.0707,C
13508,0.3959,B
13509,0.1167,C
13510,1.7659,A
13511,0.9243,A
13512,-1.1606,B
13513,-0.9986,B
13514,0.8222,C
13515,-0.1852,B
13516,1.6267,B
13517,2.1116,C
13518,-0.3377,C
13519,-0.322,A
13520,-1.4123,A
13521,-0.7466,C
13522,1.2581,B
13523,1.1438,B
13524,1.125,A
13525,-2.1718,B
13526,-0.3429,A
13527,1.699,B
13528,0.0346,B
13529,-1.5286,C
13530,-1.1029,B
13531,-2.3869,B
13532,1.3272,C
13533,2.0507,B
13534,-0.2902,C
13535,0.5751,A
13536,-1.3818,C
13537,-0.1766,C
13538,0.0062,C
13539,-0.1639,B
13540,1.2423,C
13541,-0.6863,C
13542,-0.4629,B
13543,-1.743,B
13544,-0.3202,B
13545,0.9374,B
13546,-1.127,A
13547,-0.7444,C
13548,0.1739,B
13549,-0.7113,B
13550,0.6638,B
13551,-1.3385,A
13552,1.8375,B
13553,-1.089,C
13554,-0.3767,C
13555,0.5248,C
13556,-0.5835,B
13557,-0.1517,B
13558,1.4755,C
13559,1.2081,B
13560,-0.3883,B
13561,1.1728,A
13562,1.0046,A
13563,-0.9682,C
13564,0.9567,A
13565,-0.4181,C
13566,-0.4937,A
13567,0.6731,C
13568,0.5297,C
13569,1.1569,B
13570,0.3224,B
13571,-0.3598,C
13572,0.1883,C
13573,0.4514,C
13574,0.4667,A
13575,1.6661,C
13576,1.2063,C
13577,1.4396,A
13578,-0.4445,C
13579,-0.2061,C
13580,-0.6754,B
13581,1.1518,C
13582,-0.5823,A
13583,0.3813,A
13584,0.5744,B
13585,-2.4598,C
13586,0.969,B
13587,-1.5973,A
13588,-0.7097,C
13589,-0.5778,A
13590,0.4745,B
13591,0.0816,A
13592,-1.298,B
13593,-0.5419,B
13594,0.1397,C
13595,-0.1615,C
13596,0.8137,B
13597,-1.5753,C
13598,-0.8058,A
13599,0.058,B
13600,0.6981,B
13601,-0.7618,A
13602,0.6619,B
13603,-0.7403,A
13604,0.15,B
13605,0.1284,C
13606,-1.2874,A
13607,-1.0305,B
13608,1.3628,C
13609,2.1046,B
13610,1.7516,C
13611,1.0233,B
13612,-0.4785,A
13613,-0.055,B
13614,-2.2428,C
13615,-0.7632,A
13616,0.8138,A
13617,-0.5056,B
13618,-1.6151,A
13619,0.0323,B
13620,0.1093,A
13621,-0.7216,C
13622,1.7616,A
13623,0.2309,A
13624,0.7675,C
13625,1.4784,A
13626,-1.1512,C
13627,-2.3035,A
13628,-1.3532,A
13629,0.328,B
13630,-0.1202,A
13631,-1.5214,A
13632,-1.208,C
13633,0.6045,B
13634,-1.3198,A
13635,0.1646,C
13636,-0.5751,C
13637,-0.7768,A
13638,-2.0673,C
13639,-1.0995,C
13640,1.0047,B
13641,0.2739,B
13642,0.0334,A
13643,-0.0818,A
13644,0.1466,B
13645,0.864,A
13646,-0.9608,C
13647,-0.8956,B
13648,-0.6187,B
13649,-0.1385,C
13650,-0.4453,C
13651,1.3749,C
13652,1.8643,A
13653,1.3347,C
13654,0.9611,A
13655,-2.0386,A
13656,1.2736,B
13657,-0.2362,B
13658,-1.6059,C
13659,0.2696,A
13660,-2.3396,C
13661,1.5132,C
13662,0.1002,A
13663,-0.8677,B
13664,0.4614,B
13665,0.429,B
13666,0.114,B
13667,-1.1166,A
13668,-0.8681,C
13669,-0.9015,B
13670,-0.9127,C
13671,-0.4034,C
13672,1.5311,A
13673,-0.5699,B
13674,-0.0152,B
13675,-1.573,C
13676,-0.5457,A
13677,-1.1466,C
13678,1.0933,B
13679,0.3485,A
13680,0.1499,B
13681,-0.1323,C
13682,0.692,C
13683,-1.7555,B
13684,-1.3002,C
13685,-1.2392,C
13686,-0.9273,A
13687,0.9469,A
13688,-0.5315,C
13689,-0.7164,C
13690,-0.4481,A
13691,-0.3495,C
13692,0.0861,B
13693,0.2264,B
13694,-1.6275,B
13695,-0.0934,B
13696,-0.8622,A
13697,0.1069,A
13698,1.1301,B
13699,-0.2536,B
13700,0.144,C
13701,0.287,C
13702,-1.0899,A
13703,0.5111,B
13704,0.3645,A
13705,-0.02,C
13706,2.5334,C
13707,0.9791,B
13708,0.4398,B
13709,-1.1397,B
13710,-0.363,A
13711,0.2974,C
13712,-0.2725,C
13713,-1.6735,B
13714,0.2558,B
13715,0.4687,A
13716,0.4163,A
13717,-0.325,B
13718,-0.7443,C
13719,-1.8703,C
13720,-0.8675,A
13721,0.4642,C
13722,-0.2949,B
13723,0.6565,B
13724,1.9234,B
13725,0.2784,A
13726,-0.3879,A
13727,1.308,C
13728,0.9876,C
13729,-0.1385,B
13730,2.0474,B
13731,1.5164,C
13732,0.5057,B
13733,0.5445,B
13734,0.4309,C
13735,0.6466,A
13736,1.2983,C
13737,-0.8483,C
13738,-0.0061,B
13739,-0.565,C
13740,1.2278,C
13741,0.3296,C
13742,-0.4044,B
13743,0.7908,C
13744,-0.3025,B
13745,1.6767,B
13746,-1.203,A
13747,0.326,B
13748,-0.6949,B
13749,2.2448,A
13750,-0.8694,B
13751,0.3799,B
13752,-0.128,C
13753,-0.7439,C
13754,-0.7419,A
13755,-0.5385,C
13756,1.8879,B
13757,0.0748,B
13758,0.894,C
13759,1.8885,B
13760,-0.0968,C
13761,-0.2515,B
13762,0.597,A
13763,1.0576,B
13764,0.1812,C
13765,0.3852,B
13766,-1.0501,A
13767,-0.7945,C
13768,-1.3837,A
13769,-1.2996,B
13770,0.4691,B
13771,-1.6199,C
13772,1.3879,B
13773,1.3012,A
13774,1.5609,B
13775,-1.0093,A
13776,0.3998,B
13777,-1.272,C
13778,-1.5351,C
13779,1.0277,B
13780,1.7256,C
13781,0.9686,C
13782,-2.8709,C
13783,-0.6125,A
13784,-0.3027,C
13785,0.3988,B
13786,-0.2685,A
13787,-0.3669,B
13788,-0.0684,A
13789,0.6754,B
13790,-0.3331,C
13791,-0.8505,A
13792,0.7599,B
13793,-1.286,A
13794,-0.6764,C
13795,2.0708,C
13796,-0.0643,B
13797,-0.5265,B
13798,-0.2492,A
13799,-0.6983,C
13800,0.3314,C
13801,-1.2775,A
13802,-0.8769,C
13803,0.9496,B
13804,-1.7502,C
13805,-1.7115,A
13806,0.2739,C
13807,0.3244,C
13808,0.8629,A
13809,-0.3364,B
13810,0.4542,A
13811,0.8517,B
13812,-0.9469,B
13813,2.9954,C
13814,-0.3693,A
13815,0.048,C
13816,-0.6299,B
13817,0.4787,B
13818,-0.3453,C
13819,0.7177,C
13820,0.3849,B
13821,-2.5206,B
13822,-1.1327,C
13823,0.8894,B
13824,1.6715,B
13825,1.9039,B
13826,-0.0037,C
13827,0.3968,A
13828,-1.4636,A
13829,1.0185,B
13830,-0.7672,B
13831,-0.9272,A
13832,1.2563,B
13833,-0.5838,B
13834,0.5658,B
13835,-0.1389,B
13836,0.4448,C
13837,-1.3315,B
13838,-0.2439,A
13839,0.9273,B
13840,0.4054,A
13841,-0.9537,C
13842,-0.4577,C
13843,-0.9844,C
13844,-1.9319,B
13845,-0.2735,C
13846,-0.6415,A
13847,0.0025,C
13848,-0.5633,B
13849,-0.6976,B
13850,-1.1149,C
13851,0.5284,C
13852,-0.7904,A
13853,0.6138,C
13854,0.2376,C
13855,-0.6382,A
13856,-0.2006,A
13857,-0.3305,A
13858,0.2095,C
13859,0.1448,B
13860,0.0447,A
13861,0.2173,A
13862,0.4739,C
13863,1.1718,A
13864,0.0029,C
13865,1.666,C
13866,-0.6159,C
13867,-0.6869,A
13868,-0.9988,C
13869,-0.9508,A
13870,0.5644,A
13871,-1.6947,A
13872,0.0994,C
13873,-3.195,B
13874,-0.6787,B
13875,-1.0795,C
13876,0.4208,B
13877,-1.4326,B
13878,-0.1048,A
13879,0.1626,C
13880,1.3215,B
13881,-1.0583,C
13882,-0.4943,B
13883,-1.2423,C
13884,0.499,B
13885,0.2042,A
13886,-0.5813,B
13887,0.5507,A
13888,-0.741,A
13889,0.2197,C
13890,-0.4981,C
13891,-0.3571,C
13892,0.5693,B
13893,1.1445,C
13894,1.9043,B
13895,-0.188,B
13896,-2.0929,A
13897,1.0068,A
13898,0.6518,C
13899,0.0534,C
13900,0.2191,B
13901,-2.1149,A
13902,-1.6833,A
13903,-0.9726,C
13904,-0.2829,C
13905,0.1299,B
13906,0.4858,A
13907,1.0646,A
13908,0.5433,A
13909,-0.1728,A
13910,-1.1051,A
13911,1.8887,C
13912,-0.3337,B
13913,-1.5958,A
13914,0.8842,B
13915,-0.2406,C
13916,0.2986,B
13917,1.8248,B
13918,-0.7374,A
13919,0.9683,A
13920,0.7417,B
13921,-1.2037,B
13922,-0.6143,A
13923,0.4412,A
13924,-0.405,A
13925,-0.369,C
13926,0.1013,C
13927,0.0125,A
13928,0.9906,B
13929,1.0882,B
13930,0.507,C
13931,0.2234,B
13932,1.4204,A
13933,-0.6376,B
13934,-0.3748,C
13935,-0.3808,C
13936,-0.1431,C
13937,0.1113,B
13938,0.3777,A
13939,-0.7184,B
13940,0.227,A
13941,-0.3319,A
13942,0.1207,B
13943,-0.1986,C
13944,1.5543,C
13945,-3.4274,A
13946,1.5748,A
13947,0.2132,C
13948,-0.179,C
13949,0.4118,C
13950,0.8813,A
13951,-0.9759,A
13952,0.5658,A
13953,-0.2902,B
13954,0.0563,B
13955,-0.1409,B
13956,-0.4096,B
13957,0.0748,B
13958,0.8633,C
13959,0.3679,B
13960,-1.1221,C
13961,0.8991,A
13962,0.4766,A
13963,-0.9062,C
13964,0.5811,B
13965,-1.1571,A
13966,1.7367,A
13967,-0.684,A
13968,-0.4871,B
13969,-0.0548,C
13970,1.3485,C
13971,0.5247,A
13972,2.6734,A
13973,0.9837,C
13974,-0.4565,C
13975,0.451,B
13976,-1.0147,B
13977,0.9202,A
13978,-0.6695,B
13979,-0.5569,A
13980,-1.2794,C
13981,0.0963,B
13982,0.9266,C
13983,1.1568,A
13984,0.4802,C
13985,-0.6494,C
13986,-0.3486,B
13987,-0.1807,C
13988,0.3237,A
13989,-0.7064,B
13990,-1.1024,B
13991,1.2612,B
13992,-0.1249,A
13993,2.2109,A
13994,0.8241,A
13995,0.041,A
13996,1.2286,C
13997,0.6202,C
13998,0.0774,A
13999,0.8723,A
14000,0.8205,C
14001,-1.6436,A
14002,0.1071,C
14003,1.5886,A
14004,1.5635,A
14005,-0.4693,B
14006,-1.062,C
14007,-0.267,C
14008,-0.5978,B
14009,-0.9044,C
14010,-0.0296,A
14011,0.7801,A
14012,-1.6004,A
14013,0.8238,C
14014,0.1621,B
14015,0.2705,C
14016,0.1379,B
14017,1.3347,B
14018,-3.1606,A
14019,-0.9504,A
14020,1.0144,B
14021,-0.0932,B
14022,-0.5137,C
14023,2.1932,A
14024,1.222,B
14025,1.8535,B
14026,1.5814,C
14027,0.4948,C
14028,-0.7468,A
14029,1.3613,C
14030,-0.5226,B
14031,-0.7153,B
14032,-0.8685,C
14033,0.9391,B
14034,-1.183,C
14035,-0.2311,B
14036,0.0525,B
14037,-1.2524,B
14038,0.3779,B
14039,-0.2992,A
14040,-0.576,B
14041,-0.3932,C
14042,1.3203,B
14043,-0.883,B
14044,1.0084,C
14045,0.8655,B
14046,-2.2474,C
14047,1.0009,A
14048,0.9883,B
14049,-1.1352,C
14050,0.0136,C
14051,0.2112,B
14052,-0.1974,B
14053,1.0736,B
14054,-1.0157,C
14055,-1.1731,B
14056,-1.2286,C
14057,0.9307,B
14058,-0.4531,C
14059,-0.2257,A
14060,-0.2371,C
14061,-1.1655,B
14062,-0.4352,C
14063,0.4579,C
14064,0.1364,B
14065,-0.1162,A
14066,1.1056,C
14067,-0.3298,A
14068,-1.5795,A
14069,0.3242,A
14070,0.4237,A
14071,0.1552,B
14072,0.2949,B
14073,1.3212,C
14074,1.1166,B
14075,0.1059,C
14076,0.967,B
14077,0.145,B
14078,0.072,B
14079,-0.3451,C
14080,0.5683,B
14081,0.9866,A
14082,0.9366,C
14083,0.3955,B
14084,0.8099,B
14085,0.4969,B
14086,-1.0837,C
14087,0.0442,B
14088,-0.6224,A
14089,-2.4768,A
14090,0.6998,C
14091,-1.9355,C
14092,-0.3549,B
14093,0.4093,C
14094,2.14,B
14095,0.3905,B
14096,-0.4713,B
14097,0.616,A
14098,-1.0798,A
14099,1.7115,C
14100,-0.5287,B
14101,0.4991,B
14102,0.8366,B
14103,0.1793,C
14104,-0.7836,A
14105,-0.052,C
14106,1.1188,B
14107,0.3644,A
14108,0.3447,A
14109,-1.1122,B
14110,0.1856,C
14111,1.5339,C
14112,0.2475,B
14113,-0.214,C
14114,-0.8264,B
14115,-1.6479,C
14116,-0.8398,B
14117,-0.3295,B
14118,1.2149,A
14119,0.7083,A
14120,-0.8256,C
14121,-0.1984,A
14122,-1.1102,B
14123,2.295,A
14124,0.66,B
14125,0.6129,A
14126,0.8551,C
14127,-1.2613,C
14128,-0.1721,C
14129,0.6104,A
14130,0.1604,B
14131,-0.838,B
14132,-0.3188,C
14133,-0.7788,A
14134,-1.2719,C
14135,0.4442,C
14136,0.1119,B
14137,-1.9849,A
14138,-0.6279,A
14139,0.015,A
14140,-0.0204,A
14141,-0.3139,B
14142,1.2495,B
14143,1.4271,A
14144,-1.3863,B
14145,1.3537,A
14146,0.1383,C
14147,-0.7038,A
14148,-0.9092,C
14149,0.2172,B
14150,-1.9894,C
14151,-0.7121,B
14152,0.9418,C
14153,0.6933,C
14154,0.0561,A
14155,0.5638,A
14156,-0.0651,C
14157,0.9942,B
14158,0.6165,C
14159,0.3399,C
14160,0.1586,A
14161,-0.5589,A
14162,0.335,B
14163,-0.5727,A
14164,0.2167,B
14165,0.2799,C
14166,0.5795,C
14167,-0.2252,C
14168,0.6491,A
14169,-1.2299,C
14170,0.7629,A
14171,0.0852,B
14172,0.6298,B
14173,-1.5363,A
14174,-0.6762,B
14175,-0.8889,C
14176,-0.1719,A
14177,0.2743,C
14178,-0.462,C
14179,-0.5707,C
14180,0.4888,B
14181,0.2859,A
14182,0.5633,C
14183,-0.4636,A
14184,-0.095,A
14185,-0.4545,B
14186,-1.2638,C
14187,0.2753,B
14188,0.9455,B
14189,-0.4749,C
14190,0.3952,C
14191,0.391,C
14192,-0.1134,C
14193,0.7379,C
14194,0.4598,C
14195,-0.3786,A
14196,-0.2263,C
14197,1.5749,B
14198,-0.8031,A
14199,-1.0201,A
14200,1.023,B
14201,-0.3815,B
14202,0.2492,B
14203,-0.1613,B
14204,0.3927,A
14205,0.2379,C
14206,1.3259,C
14207,0.2496,B
14208,-1.6105,B
14209,0.0806,A
14210,-1.3806,C
14211,-0.8378,A
14212,-0.4432,A
14213,1.3011,B
14214,0.1113,A
14215,-0.0472,A
14216,1.0798,B
14217,0.6004,A
14218,0.5075,C
14219,0.0236,A
14220,0.4124,A
14221,1.8756,A
14222,-0.2773,C
14223,2.8716,B
14224,0.0196,B
14225,0.2006,A
14226,-1.2152,A
14227,-1.3312,A
14228,-0.5692,B
14229,0.3121,C
14230,-0.6409,C
14231,1.0119,A
14232,0.0484,C
14233,0.011,A
14234,-0.9899,C
14235,-0.1376,A
14236,-0.1295,C
14237,-1.4646,C
14238,-0.8772,C
14239,0.0397,A
14240,0.7259,B
14241,-0.0067,B
14242,-0.198,A
14243,-1.4215,A
14244,0.2462,C
14245,-0.5354,C
14246,-1.8238,C
14247,0.6262,A
14248,-1.7966,C
14249,-0.4883,A
14250,-0.6407,C
14251,0.6953,C
14252,0.8432,B
14253,1.933,C
14254,0.7904,C
14255,0.0444,A
14256,0.2876,A
14257,-1.3285,C
14258,1.4615,B
14259,2.5223,B
14260,0.7205,A
14261,0.1941,A
14262,0.757,B
14263,-0.7073,C
14264,0.0127,B
14265,0.6927,B
14266,-0.4858,A
14267,-2.8035,B
14268,-0.0281,C
14269,-0.7131,B
14270,0.0661,A
14271,-0.1253,C
14272,2.2144,B
14273,-0.6998,A
14274,1.1707,B
14275,0.7889,C
14276,-0.754,C
14277,1.1342,A
14278,1.3788,C
14279,-0.4734,C
14280,1.2702,B
14281,-0.7451,C
14282,-0.2961,B
14283,1.5612,C
14284,1.3787,C
14285,-0.8704,A
14286,-1.44,A
14287,-1.6224,B
14288,-1.7362,B
14289,-0.6173,B
14290,-0.7961,C
14291,-0.3985,B
14292,-0.2628,C
14293,-0.005,A
14294,0.0481,C
14295,-0.4831,B
14296,-0.7652,C
14297,-0.6995,C
14298,1.9426,A
14299,0.9515,C
14300,-0.5656,A
14301,0.9104,A
14302,-0.3504,C
14303,0.3995,C
14304,-0.1652,C
14305,1.4419,A
14306,0.5578,A
14307,1.0032,A
14308,0.3086,B
14309,0.7604,C
14310,-0.9335,A
14311,2.0669,B
14312,1.0917,C
14313,0.637,A
14314,-0.5969,B
14315,-0.1191,A
14316,-0.9044,B
14317,0.7819,B
14318,-1.0229,A
14319,-0.0909,A
14320,-0.5488,A
14321,-0.0555,A
14322,-0.5908,B
14323,-0.9758,A
14324,1.3996,A
14325,1.182,B
14326,-1.0632,B
14327,-0.0838,B
14328,-0.5526,C
14329,-0.8118,B
14330,0.0115,A
14331,0.0368,B
14332,1.0264,C
14333,1.9451,A
14334,1.4785,C
14335,0.0356,A
14336,-0.9153,A
14337,0.7286,C
14338,1.8001,B
14339,-0.176,A
14340,-0.349,B
14341,-1.4061,B
14342,-0.2703,B
14343,-1.1523,A
14344,0.3558,A
14345,0.8126,C
14346,0.6563,C
14347,0.0508,B
14348,-1.1507,B
14349,-0.2754,B
14350,0.7726,B
14351,1.7059,C
14352,-0.8622,B
14353,-0.0504,B
14354,-0.9363,A
14355,2.3986,B
14356,0.0152,A
14357,0.3402,A
14358,0.3853,B
14359,1.1801,B
14360,-1.3922,C
14361,-1.5965,C
14362,0.043,C
14363,-0.828,C
14364,0.4727,C
14365,1.2483,A
14366,1.1562,C
14367,1.0034,B
14368,-0.8416,B
14369,-0.8631,C
14370,0.4156,C
14371,0.0757,A
14372,0.7248,A
14373,1.6344,A
14374,1.0462,A
14375,-0.1816,B
14376,-2.0463,B
14377,0.1487,B
14378,-1.8667,C
14379,-1.4989,B
14380,2.1619,C
14381,-0.5318,A
14382,0.7708,C
14383,1.8012,A
14384,0.327,B
14385,-0.2998,A
14386,2.2438,B
14387,0.0115,A
14388,0.1368,B
14389,1.486,B
14390,-1.2403,A
14391,0.2871,A
14392,-0.3794,A
14393,1.9022,C
14394,-1.1702,C
14395,-0.8021,B
14396,1.2593,A
14397,-1.3528,C
14398,0.2231,B
14399,1.1541,C
14400,1.6774,C
14401,1.0184,C
14402,-1.2905,B
14403,-0.4985,C
14404,0.3245,C
14405,-0.1795,C
14406,0.5887,B
14407,-0.1957,C
14408,0.2413,A
14409,1.8254,C
14410,-0.426,B
14411,0.9376,A
14412,1.2914,B
14413,-1.0035,A
14414,-0.0757,B
14415,-0.0106,A
14416,-0.3264,B
14417,-0.5787,C
14418,-0.7265,C
14419,-2.467,C
14420,1.0388,C
14421,-1.2919,A
14422,0.6198,B
14423,-1.1172,A
14424,0.8669,B
14425,0.2898,B
14426,-1.2544,C
14427,0.5794,C
14428,2.0077,C
14429,1.8484,B
14430,0.4294,A
14431,0.2011,C
14432,0.611,C
14433,-0.8869,C
14434,-0.3772,C
14435,-0.3029,A
14436,-1.1356,A
14437,-0.5797,A
14438,-1.0742,B
14439,-2.3083,A
14440,0.829,C
14441,-0.8916,C
14442,-0.3102,C
14443,-1.6074,C
14444,1.3592,C
14445,0.8501,A
14446,-1.8411,C
14447,-1.2494,C
14448,1.6144,B
14449,0.3505,A
14450,-0.354,A
14451,-2.3937,C
14452,0.5381,C
14453,1.5472,B
14454,0.4258,B
14455,0.0824,B
14456,-0.6751,B
14457,-0.8894,B
14458,0.6392,B
14459,0.4574,B
14460,-0.2052,C
14461,-1.1249,A
14462,-1.5139,B
14463,-2.816,B
14464,0.0984,C
14465,-0.7619,C
14466,0.1767,A
14467,-2.0187,C
14468,0.6283,A
14469,0.6017,A
14470,1.9798,B
14471,1.3563,C
14472,-0.5992,C
14473,-0.4342,B
14474,0.0844,C
14475,0.1422,A
14476,-0.3961,B
14477,-2.3038,A
14478,-0.4415,A
14479,1.211,C
14480,-0.9134,A
14481,-0.6884,C
14482,-0.4611,C
14483,1.3764,C
14484,0.5255,C
14485,0.4078,A
14486,1.2298,C
14487,-1.3233,C
14488,0.0614,B
14489,-0.3114,B
14490,-0.3189,C
14491,-0.7556,B
14492,0.6447,A
14493,-0.0364,A
14494,1.5702,B
14495,0.616,B
14496,-0.0241,A
14497,-0.6513,A
14498,0.6275,A
14499,1.1352,A
14500,0.2071,A
14501,-0.5609,B
14502,1.7768,B
14503,2.0873,B
14504,-1.1314,B
14505,0.5399,B
14506,2.6189,A
14507,-0.5594,A
14508,1.4184,C
14509,-1.1872,C
14510,-0.1997,A
14511,-0.1764,A
14512,-1.319,B
14513,-0.5485,A
14514,0.65,C
14515,0.5822,A
14516,0.5965,A
14517,0.8899,B
14518,-0.1045,B
14519,-0.3774,C
14520,0.2827,A
14521,-0.5975,C
14522,-0.1269,B
14523,-0.4229,A
14524,-1.0475,C
14525,-1.2427,B
14526,-1.3355,A
14527,0.7847,A
14528,-0.1434,B
14529,-0.2352,B
14530,0.2446,B
14531,-0.535,A
14532,0.8199,C
14533,1.3614,C
14534,-0.2308,A
14535,-0.1224,A
14536,-0.8964,C
14537,2.19,B
14538,1.0145,B
14539,-0.3942,A
14540,-1.3907,B
14541,1.4614,C
14542,1.3206,B
14543,-0.1973,B
14544,0.0488,C
14545,-0.235,A
14546,1.0494,A
14547,-1.2477,C
14548,-1.8673,A
14549,0.9191,C
14550,1.2456,A
14551,1.4172,C
14552,-0.7794,A
14553,-1.0852,C
14554,0.5342,B
14555,0.5172,C
14556,-1.3541,B
14557,0.69,A
14558,-2.4484,A
14559,0.5193,A
14560,1.2065,B
14561,0.0321,B
14562,-0.5714,A
14563,1.1764,B
14564,-0.136,A
14565,-1.186,B
14566,1.9324,A
14567,2.7066,C
14568,1.0113,C
14569,0.8455,C
14570,1.448,C
14571,1.6356,C
14572,0.084,B
14573,-0.3841,C
14574,0.5802,B
14575,0.2053,C
14576,0.4531,A
14577,-1.0,B
14578,-0.2449,B
14579,1.5637,A
14580,0.1775,A
14581,0.8833,B
14582,-0.732,A
14583,-0.2172,A
14584,1.1393,A
14585,0.0782,A
14586,1.1497,C
14587,1.3005,B
14588,-0.2215,C
14589,-0.6757,C
14590,-0.0562,A
14591,0.6954,C
14592,-0.0084,B
14593,-0.0412,A
14594,-0.4335,C
14595,1.2049,A
14596,0.2792,A
14597,-0.0115,A
14598,1.3294,C
14599,-0.3861,C
14600,-0.6165,B
14601,2.6104,C
14602,1.2566,C
14603,-0.7029,C
14604,-0.3629,B
14605,0.9444,A
14606,-0.3415,C
14607,-1.0845,C
14608,0.4903,C
14609,-1.1704,B
14610,0.2282,A
14611,-0.7097,B
14612,-0.3306,A
14613,1.0164,B
14614,-0.1435,C
14615,-0.1527,C
14616,-1.6656,C
14617,-0.0648,C
14618,0.3039,A
14619,3.1166,A
14620,-1.5915,B
14621,-0.0262,C
14622,-0.8827,B
14623,-0.3873,B
14624,0.6978,C
14625,-0.2392,C
14626,-0.9585,A
14627,1.2372,A
14628,0.6607,C
14629,-0.4371,A
14630,-1.7911,A
14631,0.4643,A
14632,1.7095,A
14633,0.3758,A
14634,0.3995,A
14635,-0.0359,B
14636,-1.096,C
14637,0.4661,C
14638,-0.2651,C
14639,-1.5176,C
14640,-0.837,C
14641,0.1866,A
14642,1.0444,C
14643,0.4679,C
14644,0.2718,B
14645,1.1447,C
14646,0.7524,B
14647,-0.864,C
14648,-0.1294,C
14649,1.2714,B
14650,-1.6449,B
14651,0.2319,B
14652,-1.1828,A
14653,1.6347,A
14654,2.3441,A
14655,-1.151,B
14656,0.4406,C
14657,-0.4523,A
14658,-0.2044,C
14659,-0.8623,A
14660,0.3317,A
14661,-0.1596,B
14662,-0.1,A
14663,0.3815,A
14664,-0.0478,A
14665,-0.5247,B
14666,-0.4018,B
14667,-0.4598,C
14668,-0.2315,B
14669,-0.0554,B
14670,-0.7106,B
14671,1.6705,B
14672,-1.2461,B
14673,0.5735,C
14674,2.3368,C
14675,0.2845,C
14676,2.0978,A
14677,-1.6477,C
14678,0.0799,A
14679,0.942,A
14680,0.3546,C
14681,0.3154,A
14682,1.7587,A
14683,-1.0684,A
14684,-0.6713,B
14685,-0.2199,B
14686,0.2961,C
14687,-1.0257,A
14688,-0.8851,B
14689,-0.547,B
14690,-1.146,A
14691,-1.3986,C
14692,-0.2823,C
14693,-0.3364,B
14694,0.0169,B
14695,-0.695,A
14696,0.1704,A
14697,-0.8764,A
14698,2.231,B
14699,0.1867,A
14700,-1.674,A
14701,-1.3171,A
14702,0.001,C
14703,0.0893,B
14704,-0.2879,A
14705,1.2552,C
14706,-1.3013,A
14707,0.2547,B
14708,-0.715,C
14709,0.1787,B
14710,0.4633,B
14711,1.2542,A
14712,-0.6315,A
14713,0.0543,A
14714,-1.0308,B
14715,-1.1132,B
14716,0.4503,C
14717,-1.7205,B
14718,-0.6782,C
14719,0.6033,C
14720,0.1172,B
14721,-0.2207,B
14722,1.3142,A
14723,0.8037,A
14724,1.2189,B
14725,0.9662,B
14726,-0.6781,C
14727,-0.4658,B
14728,1.5649,A
14729,-0.0949,B
14730,-0.631,A
14731,0.9973,B
14732,1.3613,A
14733,-0.9127,A
14734,-0.442,B
14735,0.7849,C
14736,0.917,B
14737,-0.1761,C
14738,0.1802,C
14739,0.2038,A
14740,0.4441,A
14741,0.7411,A
14742,0.1832,A
14743,0.8169,A
14744,0.2953,C
14745,0.1919,A
14746,-1.6257,A
14747,-1.7614,A
14748,-0.8665,A
14749,0.2479,C
14750,-0.3136,A
14751,-0.3424,C
14752,-0.2798,C
14753,-2.6244,B
14754,0.7026,C
14755,-1.4718,C
14756,-0.205,C
14757,1.4975,C
14758,0.7887,A
14759,0.8207,A
14760,0.9162,A
14761,-0.3934,A
14762,-1.2312,B
14763,0.824,B
14764,1.9846,B
14765,1.5579,B
14766,1.1906,A
14767,-0.0072,A
14768,-0.2369,A
14769,0.5445,A
14770,2.7028,B
14771,-0.1325,C
14772,-1.0471,A
14773,0.7496,C
14774,0.9487,B
14775,0.3281,B
14776,1.1502,C
14777,1.2683,B
14778,0.5658,C
14779,-0.9467,C
14780,1.555,C
14781,0.403,A
14782,-0.0142,C
14783,-0.8866,C
14784,1.2305,A
14785,1.681,A
14786,-1.5853,A
14787,-0.2985,B
14788,-0.6136,A
14789,2.0072,C
14790,-0.6509,C
14791,-1.4622,C
14792,-0.0452,A
14793,0.5262,A
14794,1.2496,A
14795,-0.7617,A
14796,0.0327,A
14797,-1.3363,C
14798,-0.2285,C
14799,1.0866,C
14800,-0.0538,B
14801,0.6464,C
14802,1.3318,A
14803,0.3551,B
14804,1.0398,A
14805,0.4933,C
14806,-0.2802,C
14807,-0.7842,A
14808,-0.0397,A
14809,-1.325,B
14810,0.151,A
14811,-1.5511,B
14812,0.5149,A
14813,0.9546,B
14814,0.6106,B
14815,0.5346,A
14816,1.7902,C
14817,1.1417,C
14818,-0.2514,A
14819,0.6925,A
14820,0.9233,A
14821,0.243,C
14822,-0.4741,C
14823,-2.018,C
14824,0.0736,C
14825,-0.6056,C
14826,0.2706,C
14827,-0.6301,B
14828,0.0458,B
14829,0.7116,B
14830,0.3131,C
14831,-1.291,B
14832,-0.7218,B
14833,0.0956,A
14834,-0.221,B
14835,-0.1847,A
14836,0.9588,C
14837,-0.3924,B
14838,-0.6465,C
14839,-1.1897,C
14840,-0.1653,A
14841,-0.896,C
14842,-1.4605,A
14843,0.7465,C
14844,-1.5105,C
14845,-0.4046,A
14846,-0.9364,C
14847,0.3706,B
14848,0.6106,B
14849,0.5916,B
14850,0.0089,A
14851,-0.446,C
14852,-0.0259,A
14853,0.4821,A
14854,-0.7833,A
14855,-0.5209,A
14856,0.2134,B
14857,1.5178,B
14858,-0.5084,A
14859,-0.7829,C
14860,0.1402,B
14861,0.6567,B
14862,-1.8578,B
14863,0.4689,A
14864,1.1298,B
14865,-0.5081,A
14866,0.319,A
14867,-1.0941,A
14868,0.2189,B
14869,1.3358,B
14870,-1.3901,A
14871,0.8618,B
14872,0.6395,C
14873,0.2852,B
14874,-0.5933,A
14875,-1.4879,B
14876,1.78,C
14877,-1.0367,B
14878,1.1423,C
14879,-0.4154,B
14880,0.7934,B
14881,-0.7964,A
14882,1.3607,C
14883,-1.1764,B
14884,-1.3422,A
14885,-2.2922,A
14886,-1.0281,C
14887,0.6742,A
14888,-0.6046,B
14889,1.4065,B
14890,-1.1918,A
14891,-1.5516,C
14892,-1.0173,C
14893,0.6836,B
14894,0.0727,A
14895,0.5781,B
14896,0.8215,A
14897,-0.3855,C
14898,0.7816,B
14899,1.1984,C
14900,0.8564,A
14901,0.3457,A
14902,0.1041,C
14903,1.0337,B
14904,-0.6785,A
14905,0.4615,C
14906,1.3856,C
14907,0.5321,B
14908,-0.0702,C
14909,-0.3605,B
14910,0.8272,C
14911,0.2388,A
14912,0.6079,A
14913,-0.6001,C
14914,0.8067,A
14915,1.6006,A
14916,0.2412,C
14917,1.3595,A
14918,0.0591,C
14919,0.5759,B
14920,-0.2938,A
14921,-0.6389,C
14922,-0.4052,A
14923,1.0857,C
14924,0.4933,B
14925,0.1715,A
14926,0.7051,B
14927,1.9956,C
14928,2.7608,A
14929,0.2477,C
14930,-0.2026,B
14931,1.3167,C
14932,0.3092,C
14933,0.6419,B
14934,-1.5814,A
14935,0.0362,B
14936,-0.0938,B
14937,-0.0571,C
14938,-0.5166,C
14939,0.4301,C
14940,-0.9156,B
14941,-1.3434,C
14942,0.1015,A
14943,-0.4799,C
14944,0.2442,C
14945,-0.5428,A
14946,0.1853,B
14947,-0.1796,A
14948,-1.4078,C
14949,0.3765,C
14950,1.8362,C
14951,-0.3066,C
14952,0.2382,C
14953,-0.3165,C
14954,0.0372,B
14955,-0.5006,A
14956,-0.5734,B
14957,1.0404,C
14958,-1.2266,A
14959,-0.1443,A
14960,0.5862,A
14961,-0.9134,B
14962,1.802,A
14963,1.065,B
14964,0.5326,A
14965,0.5504,B
14966,-0.4349,A
14967,0.6335,B
14968,-0.3154,B
14969,0.8593,B
14970,-0.2825,B
14971,0.3511,B
14972,0.7174,B
14973,-1.2753,A
14974,-0.7935,C
14975,-0.5796,A
14976,1.2544,B
14977,1.4366,A
14978,1.2652,A
14979,-0.1041,A
14980,-0.9995,A
14981,-3.1454,A
14982,1.8323,C
14983,0.6684,B
14984,1.0843,B
14985,0.4122,C
14986,-0.1344,C
14987,-0.069,A
14988,-0.602,A
14989,-1.5686,B
14990,-0.244,B
14991,0.9588,A
14992,0.3323,A
14993,-2.2185,A
14994,1.0588,C
14995,0.7968,A
14996,-0.8035,C
14997,0.6977,B
14998,-0.0347,B
14999,0.489,A
15000,0.1846,B
15001,-0.9179,C
15002,-2.3942,B
15003,-1.4241,B
15004,-0.5898,B
15005,0.1349,C
15006,2.1258,A
15007,0.424,B
15008,0.6991,B
15009,-1.3771,B
15010,-2.0429,A
15011,3.3593,B
15012,-1.6814,B
15013,0.1857,A
15014,0.4765,B
15015,-0.8191,B
15016,0.3753,C
15017,0.8371,C
15018,-0.0911,B
15019,-0.562,B
15020,-0.7771,C
15021,0.5976,A
15022,-0.5159,A
15023,-0.564,B
15024,1.0098,B
15025,0.65,B
15026,0.341,B
15027,0.7993,A
15028,-1.2504,A
15029,-0.5849,A
15030,0.7201,B
15031,-1.0986,B
15032,1.4067,C
15033,-0.6427,A
15034,-0.5837,B
15035,1.0725,C
15036,0.5166,A
15037,1.2346,A
15038,-1.1747,A
15039,-0.1308,A
15040,-0.4954,B
15041,-0.0039,C
15042,-0.2242,B
15043,-0.9226,B
15044,0.3156,B
15045,-1.0107,B
15046,0.4118,A
15047,0.4772,C
15048,1.3541,C
15049,0.6535,A
15050,-0.5375,B
15051,1.0738,C
15052,-0.1887,A
15053,1.0883,B
15054,0.9163,C
15055,0.468,C
15056,-0.2715,A
15057,-1.3615,C
15058,-0.0687,C
15059,-0.5997,B
15060,-0.5006,A
15061,1.6556,B
15062,-0.5035,B
15063,1.0003,C
15064,-1.2257,A
15065,-0.8015,C
15066,-1.1939,B
15067,0.8549,A
15068,-0.7896,B
15069,0.4441,A
15070,-0.152,B
15071,-1.4273,B
15072,-0.758,C
15073,-0.1215,B
15074,-0.2725,A
15075,1.0553,C
15076,-0.954,C
15077,0.2506,A
15078,1.4675,C
15079,0.3367,B
15080,0.7265,B
15081,-0.9569,A
15082,1.0741,B
15083,-1.0355,C
15084,0.0404,B
15085,-0.0884,B
15086,1.5631,B
15087,0.0291,C
15088,-0.1152,B
15089,-0.3995,B
15090,0.3427,A
15091,0.0858,C
15092,-0.6235,A
15093,1.0051,B
15094,0.399,A
15095,0.7644,C
15096,-0.0404,C
15097,0.4055,A
15098,0.3194,B
15099,0.4772,A
15100,-0.1105,A
15101,-0.5012,A
15102,-1.7998,C
15103,0.8351,B
15104,1.0476,B
15105,-1.7424,C
15106,0.271,A
15107,-0.9102,C
15108,-0.2025,A
15109,-0.0716,B
15110,0.6419,C
15111,-0.7076,B
15112,-0.4494,B
15113,-0.4954,A
15114,-0.2342,C
15115,-0.9845,C
15116,-0.1522,C
15117,0.6766,A
15118,-0.8883,A
15119,0.1746,C
15120,0.7655,C
15121,-1.0125,B
15122,-1.7814,C
15123,-0.9336,B
15124,-0.1844,B
15125,1.8063,C
15126,-1.2287,B
15127,-0.5337,B
15128,1.3019,A
15129,2.5949,C
15130,1.0077,B
15131,-0.0065,C
15132,0.7964,B
15133,-0.97,A
15134,-0.0963,A
15135,0.6156,A
15136,0.4566,C
15137,0.5641,A
15138,-0.9936,C
15139,0.9764,A
15140,0.0812,B
15141,0.2316,C
15142,-1.0563,C
15143,-1.0488,C
15144,-1.0846,A
15145,-1.9308,B
15146,0.827,A
15147,-1.3729,A
15148,1.7373,C
15149,2.2924,C
15150,-0.5953,A
15151,-0.7283,B
15152,0.5423,B
15153,-0.4112,B
15154,0.1057,C
15155,-0.5477,C
15156,0.5812,A
15157,-0.1815,A
15158,0.637,A
15159,1.9493,A
15160,-1.6552,C
15161,-0.2442,B
15162,-0.3949,B
15163,-1.3304,B
15164,-0.5045,A
15165,-0.1755,A
15166,0.2835,B
15167,0.3393,B
15168,-0.6315,B
15169,-1.3332,B
15170,-0.2689,A
15171,0.1495,B
15172,-1.2761,A
15173,-0.5599,B
15174,3.0335,C
15175,-0.931,C
15176,2.8157,C
15177,-0.2192,C
15178,-0.2304,A
15179,-0.7728,A
15180,0.9479,C
15181,-0.757,B
15182,0.4365,B
15183,-0.8199,C
15184,-2.7715,B
15185,-0.0778,A
15186,-0.2355,C
15187,1.155,A
15188,0.1004,B
15189,1.173,B
15190,1.3293,A
15191,1.6176,A
15192,0.987,A
15193,0.6744,C
15194,-1.0931,B
15195,1.0923,C
15196,-1.7024,C
15197,-0.5226,B
15198,1.1886,B
15199,-0.4641,A
15200,-0.5016,C
15201,-0.193,B
15202,-1.4604,A
15203,0.7721,C
15204,0.645,C
15205,0.3393,A
15206,-1.7306,B
15207,-2.6585,B
15208,-0.648,C
15209,1.3878,B
15210,-0.7667,B
15211,0.9807,A
15212,-1.3876,A
15213,-0.816,A
15214,2.2617,B
15215,-0.1785,B
15216,0.1368,B
15217,-0.52,C
15218,-0.7633,A
15219,-0.281,A
15220,-0.338,C
15221,-0.1298,A
15222,-0.7957,A
15223,0.3911,A
15224,-0.3303,A
15225,1.4901,C
15226,0.8374,A
15227,0.1071,A
15228,1.9269,A
15229,0.8377,B
15230,-0.9593,C
15231,0.3048,C
15232,-2.1645,B
15233,-0.3801,C
15234,-0.1336,C
15235,-0.018,B
15236,-0.3938,A
15237,0.1614,A
15238,0.1037,C
15239,0.2819,C
15240,-0.9427,A
15241,0.6207,A
15242,1.6348,A
15243,0.5272,B
15244,-1.9094,A
15245,-0.7686,A
15246,2.4892,A
15247,0.1016,A
15248,0.9511,C
15249,-0.8801,B
15250,-0.6107,A
15251,0.041,A
15252,-1.0635,B
15253,-0.1114,B
15254,-1.2431,A
15255,-1.7517,B
15256,1.8605,A
15257,1.3066,A
15258,0.7855,B
15259,0.1873,C
15260,-0.443,C
15261,1.6373,B
15262,-0.7409,A
15263,0.0906,C
15264,0.0757,B
15265,2.0322,A
15266,-0.5239,B
15267,1.5629,A
15268,-1.6118,A
15269,0.087,C
15270,-1.1697,C
15271,0.2648,C
15272,1.1926,B
15273,-0.0513,A
15274,0.8436,A
15275,-0.2693,B
15276,-1.8771,C
15277,-1.0974,B
15278,-1.1078,B
15279,-1.0753,C
15280,1.5879,C
15281,-2.684,C
15282,1.6093,A
15283,-0.2656,A
15284,-1.0993,A
15285,0.7084,A
15286,-0.9562,B
15287,0.7699,C
15288,-0.1681,A
15289,-0.686,B
15290,-0.5096,A
15291,-0.2417,C
15292,-0.1449,A
15293,-0.6152,B
15294,1.2727,B
15295,0.4394,A
15296,1.1168,B
15297,1.5742,A
15298,-0.8366,C
15299,0.4643,C
15300,0.111,B
15301,0.5564,A
15302,-1.1435,B
15303,0.2502,A
15304,-1.4182,C
15305,-0.3501,C
15306,-0.9612,B
15307,1.1551,A
15308,0.6239,C
15309,-0.2569,B
15310,-0.4146,A
15311,1.3358,B
15312,1.2344,C
15313,-0.0586,A
15314,-0.7816,A
15315,-1.6331,B
15316,-0.2835,A
15317,0.4296,A
15318,1.8604,A
15319,-0.7178,A
15320,-0.2061,C
15321,0.2098,B
15322,-0.9345,A
15323,1.6188,C
15324,-0.5764,A
15325,0.5599,B
15326,-0.8233,A
15327,0.5238,C
15328,2.0201,A
15329,0.7715,A
15330,0.7089,B
15331,0.4159,B
15332,-0.4615,B
15333,-0.4876,C
15334,0.2225,B
15335,-1.0236,A
15336,-0.6501,B
15337,0.3844,C
15338,-0.9601,B
15339,-0.9421,C
15340,1.2347,B
15341,-0.0621,B
15342,-0.9712,B
15343,-0.0836,B
15344,0.2048,C
15345,0.325,A
15346,-0.4395,C
15347,-0.4007,A
15348,0.084,A
15349,-0.1027,C
15350,-0.0737,A
15351,0.5864,C
15352,-0.2911,C
15353,1.4783,A
15354,0.6928,C
15355,0.7579,A
15356,0.2982,A
15357,-0.5431,C
15358,0.0417,B
15359,-0.6951,C
15360,-0.9284,A
15361,-0.7865,C
15362,0.5917,C
15363,-0.1729,A
15364,1.8689,C
15365,-0.6854,C
15366,0.7076,B
15367,0.6597,A
15368,-0.1926,B
15369,1.585,C
15370,0.8521,C
15371,-0.5545,B
15372,0.3765,B
15373,-2.7561,B
15374,0.534,A
15375,-0.56,C
15376,-0.7417,A
15377,0.3662,B
15378,-1.0618,C
15379,0.1754,A
15380,-1.3383,C
15381,-0.2497,B
15382,-3.1937,C
15383,0.2227,A
15384,-0.2541,B
15385,0.2203,A
15386,1.3248,A
15387,1.4584,B
15388,0.3376,B
15389,1.2993,C
15390,1.4781,B
15391,0.1733,B
15392,1.2368,A
15393,-0.7017,C
15394,0.4732,B
15395,1.8168,C
15396,-0.1709,A
15397,0.9462,C
15398,-0.4947,A
15399,-0.4876,C
15400,0.0411,C
15401,1.9392,A
15402,-0.7488,C
15403,-0.6348,A
15404,-0.9443,C
15405,0.1008,B
15406,1.0884,C
15407,-0.7209,B
15408,0.1886,A
15409,1.598,B
15410,0.0706,B
15411,-0.553,A
15412,-0.3978,B
15413,0.0405,C
15414,1.5969,C
15415,-1.5746,B
15416,1.637,B
15417,-0.5024,B
15418,0.5079,A
15419,1.9876,C
15420,-1.3791,C
15421,0.5257,B
15422,-1.9131,C
15423,0.1094,B
15424,-0.1373,A
15425,-0.0123,C
15426,0.0767,B
15427,0.2177,B
15428,-0.5807,B
15429,1.5744,B
15430,-0.5147,C
15431,0.0781,B
15432,-1.7316,C
15433,-0.1655,C
15434,-0.5177,A
15435,-1.2114,A
15436,-1.4309,A
15437,-0.9538,B
15438,-0.5611,B
15439,-0.0694,A
15440,1.5666,C
15441,-0.7178,B
15442,-0.8246,A
15443,-1.2284,A
15444,0.3966,A
15445,1.1058,A
15446,0.5209,B
15447,0.101,B
15448,-1.0002,A
15449,-0.9373,B
15450,0.9026,B
15451,0.1781,B
15452,-0.1329,B
15453,-0.496,B
15454,1.0655,B
15455,-0.1673,C
15456,1.4202,C
15457,0.9436,C
15458,1.4506,C
15459,0.9182,B
15460,0.6066,B
15461,1.5973,B
15462,0.223,A
15463,-2.321,A
15464,-1.0971,A
15465,0.8594,B
15466,0.3158,A
15467,-0.4437,A
15468,0.998,C
15469,-1.4875,C
15470,0.2166,C
15471,-1.3035,A
15472,-0.6144,B
15473,0.2353,A
15474,1.2368,C
15475,0.0349,B
15476,-1.6967,B
15477,1.1573,A
15478,-0.1398,C
15479,0.7861,A
15480,-1.3556,C
15481,0.0604,B
15482,1.0733,B
15483,-0.1644,B
15484,-0.4444,B
15485,0.7053,B
15486,-0.9931,B
15487,0.745,B
15488,0.5124,B
15489,0.0759,B
15490,-0.1125,C
15491,0.2152,A
15492,0.3901,A
15493,-0.1199,C
15494,-1.8276,B
15495,0.4198,A
15496,-0.8784,A
15497,0.631,A
15498,0.7407,B
15499,-0.1006,B
15500,0.5448,B
15501,-1.5906,A
15502,0.4844,B
15503,1.7751,A
15504,-1.4283,C
15505,1.2365,C
15506,-0.4385,A
15507,-0.018,A
15508,0.9999,C
15509,2.2799,B
15510,-0.5061,A
15511,1.5914,B
15512,-0.318,C
15513,0.8224,C
15514,0.1716,B
15515,1.3785,A
15516,0.5992,B
15517,-0.5333,C
15518,-0.4191,C
15519,-0.957,A
15520,1.6,C
15521,1.4015,B
15522,1.3755,C
15523,0.276,B
15524,0.4491,B
15525,1.8139,A
15526,-0.2248,C
15527,0.1212,C
15528,0.6115,A
15529,0.345,C
15530,-0.7718,A
15531,0.6316,C
15532,-0.7549,A
15533,1.2602,B
15534,0.374,A
15535,-0.2298,B
15536,0.3628,C
15537,-1.3095,C
15538,0.5881,A
15539,-0.2755,A
15540,0.9009,B
15541,-0.4063,B
15542,0.5917,B
15543,0.5656,C
15544,0.6345,C
15545,0.0684,A
15546,0.5747,C
15547,0.5585,A
15548,0.5915,B
15549,0.5595,C
15550,0.1615,C
15551,1.0998,A
15552,-0.386,A
15553,1.1979,A
15554,-0.9167,C
15555,0.8473,C
15556,-1.0488,A
15557,0.1352,A
15558,-0.8822,A
15559,1.212,A
15560,-1.3443,C
15561,-0.1071,A
15562,0.7468,A
15563,1.2152,C
15564,0.2702,C
15565,-1.4469,C
15566,-1.311,B
15567,1.629,B
15568,-0.2656,B
15569,0.3136,A
15570,0.234,B
15571,0.6143,C
15572,-1.3128,A
15573,-1.2135,B
15574,0.0047,A
15575,-0.127,B
15576,0.2568,A
15577,0.4261,B
15578,2.1163,A
15579,0.4544,A
15580,0.0661,A
15581,-2.1473,B
15582,-1.3808,C
15583,1.139,C
15584,-2.1232,A
15585,0.146,B
15586,1.5667,B
15587,-0.7341,C
15588,-0.1992,B
15589,0.3047,B
15590,-0.0901,B
15591,0.3109,B
15592,0.7179,A
15593,0.4798,C
15594,-2.4782,C
15595,1.3653,B
15596,0.9926,A
15597,-0.4214,B
15598,1.1061,C
15599,-0.597,C
15600,0.7831,B
15601,-0.4644,C
15602,-0.7142,B
15603,0.5934,C
15604,1.9985,C
15605,1.3506,A
15606,-0.9007,A
15607,0.1055,B
15608,-0.4609,A
15609,1.8781,B
15610,-2.2402,B
15611,0.0714,C
15612,-0.6777,B
15613,-1.2032,C
15614,-1.1271,C
15615,0.7497,C
15616,0.6288,A
15617,-2.2313,C
15618,-1.2856,B
15619,0.42,B
15620,-0.3363,B
15621,0.2129,C
15622,0.2948,A
15623,-1.7104,C
15624,1.0801,B
15625,1.0546,C
15626,1.1481,B
15627,-0.3568,B
15628,0.1527,C
15629,-0.7434,C
15630,0.0516,C
15631,-1.2039,B
15632,-1.6866,A
15633,0.7216,A
15634,0.2439,A
15635,-0.4281,A
15636,-0.653,A
15637,0.3111,C
15638,0.8028,A
15639,0.4036,A
15640,-1.4987,B
15641,0.63,B
15642,0.6183,C
15643,1.3491,A
15644,0.9138,B
15645,0.9614,C
15646,-1.0245,A
15647,1.7542,A
15648,-0.1617,B
15649,-1.2476,B
15650,1.0497,B
15651,0.3393,C
15652,-2.8241,C
15653,1.3522,A
15654,1.3561,B
15655,0.3561,B
15656,0.0459,C
15657,-0.3051,B
15658,1.0573,A
15659,0.9533,B
15660,0.0665,A
15661,-0.3571,C
15662,-0.1695,B
15663,0.1743,A
15664,-0.7797,C
15665,-0.5981,A
15666,0.2728,A
15667,0.1567,C
15668,-0.734,C
15669,-1.6065,A
15670,0.3287,A
15671,0.4582,C
15672,0.0243,B
15673,0.1214,B
15674,-0.9025,B
15675,-0.3114,B
15676,0.7345,C
15677,0.2609,C
15678,0.4033,C
15679,-0.1107,B
15680,0.5235,A
15681,-0.0507,C
15682,-0.5048,B
15683,-0.4815,A
15684,0.5043,B
15685,-0.3643,C
15686,0.204,B
15687,1.1863,C
15688,-0.8989,B
15689,-1.0833,A
15690,-0.8968,B
15691,0.4806,A
15692,-0.9343,A
15693,0.0084,C
15694,-0.5242,A
15695,0.4166,C
15696,0.9104,A
15697,-0.8829,B
15698,-1.0651,A
15699,-0.0645,C
15700,-0.6448,A
15701,0.1677,A
15702,0.4398,C
15703,0.2699,C
15704,1.3594,A
15705,0.3855,B
15706,-0.4764,B
15707,-0.6498,C
15708,-0.846,A
15709,-1.5764,A
15710,-1.8376,C
15711,-1.6597,A
15712,0.8995,A
15713,0.7482,C
15714,1.1675,C
15715,-0.3432,C
15716,0.571,C
15717,0.9562,B
15718,-0.1819,A
15719,0.0077,B
15720,1.3181,A
15721,-0.5626,A
15722,0.695,C
15723,-2.3635,A
15724,0.6015,B
15725,1.5262,C
15726,1.7469,A
15727,-0.5661,A
15728,-0.059,B
15729,-0.8308,B
15730,-0.3204,B
15731,-0.1618,C
15732,0.2601,A
15733,2.1858,A
15734,0.0821,A
15735,0.8815,B
15736,0.5409,B
15737,1.3695,B
15738,-0.1815,A
15739,2.4839,A
15740,0.0253,C
15741,-0.295,C
15742,1.9005,C
15743,-1.9575,C
15744,0.0909,C
15745,-0.3304,B
15746,1.0571,B
15747,-0.4193,A
15748,-0.0297,C
15749,0.8574,A
15750,-0.5658,B
15751,-0.6176,B
15752,0.6843,B
15753,0.77,B
15754,0.2102,B
15755,-0.311,B
15756,0.1973,C
15757,-0.6691,C
15758,0.2859,B
15759,1.0208,B
15760,-0.4112,C
15761,-0.845,C
15762,1.8867,C
15763,0.3584,B
15764,0.0839,A
15765,-1.8188,B
15766,0.3414,C
15767,-1.0446,C
15768,0.386,A
15769,-0.5167,C
15770,-0.1832,A
15771,-0.4691,A
15772,-0.8809,B
15773,-2.4077,A
15774,0.4107,A
15775,-0.5176,C
15776,0.4177,B
15777,-0.056,C
15778,-0.8573,B
15779,0.6318,C
15780,1.0606,C
15781,2.2824,C
15782,-2.5308,A
15783,0.2541,A
15784,-0.7667,C
15785,-1.9671,C
15786,0.5193,A
15787,-0.1436,C
15788,0.2494,C
15789,2.5029,C
15790,1.1384,B
15791,-0.562,B
15792,0.5612,A
15793,-1.4206,B
15794,-1.6061,C
15795,-0.7084,B
15796,0.6277,A
15797,1.2011,C
15798,1.5541,A
15799,0.5821,A
15800,-0.5831,C
15801,1.8373,B
15802,-0.9288,A
15803,1.1703,A
15804,0.1382,B
15805,-3.5552,A
15806,0.2194,B
15807,-0.7521,A
15808,0.3419,C
15809,-0.1626,B
15810,-0.6695,A
15811,-1.2937,A
15812,-0.8107,B
15813,-0.3071,A
15814,-0.2829,C
15815,0.3104,C
15816,1.1671,A
15817,-0.1893,C
15818,-0.7577,C
15819,-0.7962,A
15820,-1.833,A
15821,-1.482,C
15822,-0.7333,C
15823,-0.0217,B
15824,-0.0019,A
15825,1.3398,B
15826,-0.5969,C
15827,0.35,A
15828,-0.81,B
15829,-0.9315,A
15830,0.2607,B
15831,1.7664,B
15832,0.0413,A
15833,1.8923,C
15834,0.2538,B
15835,0.0931,A
15836,1.0591,C
15837,1.0947,B
15838,0.0381,B
15839,0.2813,A
15840,1.004,B
15841,-0.446,A
15842,-0.595,B
15843,-0.2545,C
15844,-0.0035,B
15845,-2.1978,B
15846,-0.0495,B
15847,1.1962,C
15848,1.243,C
15849,-1.0916,B
15850,-1.3279,C
15851,0.3386,A
15852,-0.2317,B
15853,-0.1944,A
15854,-0.4746,B
15855,-0.0725,A
15856,1.9572,A
15857,1.4571,C
15858,0.8219,C
15859,-1.9418,A
15860,-1.154,A
15861,0.6173,B
15862,-0.8487,C
15863,-0.5668,B
15864,1.1975,B
15865,-0.5813,A
15866,-0.0859,A
15867,-0.1236,C
15868,0.7392,B
15869,0.977,B
15870,0.1739,B
15871,0.8772,B
15872,0.4961,A
15873,0.0073,B
15874,0.2753,B
15875,0.8359,B
15876,-1.0478,C
15877,-0.1819,A
15878,-0.6513,B
15879,1.4389,A
15880,0.9131,C
15881,-0.5373,C
15882,1.0345,A
15883,1.1856,C
15884,-0.9973,B
15885,1.7415,C
15886,-0.6719,B
15887,1.5023,C
15888,0.4027,A
15889,1.5038,A
15890,-0.8454,B
15891,0.9345,C
15892,-0.978,C
15893,1.8483,A
15894,-0.743,B
15895,-0.0359,B
15896,-1.0272,C
15897,-0.6985,B
15898,1.0125,B
15899,-1.1976,C
15900,1.5301,A
15901,0.2908,B
15902,-2.1168,A
15903,2.3266,A
15904,-1.1309,A
15905,-0.1411,B
15906,0.3867,C
15907,-0.0475,B
15908,1.0407,A
15909,0.323,A
15910,-0.8178,A
15911,0.8188,B
15912,-2.5203,B
15913,0.1796,C
15914,1.1225,B
15915,-1.011,C
15916,-0.4368,C
15917,-0.1415,A
15918,0.5455,A
15919,2.2551,B
15920,0.6411,C
15921,-2.1782,B
15922,-1.3718,B
15923,-1.6666,C
15924,0.701,B
15925,0.0797,A
15926,0.1035,C
15927,-0.2956,C
15928,1.0858,A
15929,0.3388,A
15930,-1.3877,C
15931,0.2826,A
15932,1.0091,C
15933,-1.6407,B
15934,-1.1098,C
15935,0.0144,A
15936,-0.1732,C
15937,-0.9576,C
15938,-0.7883,C
15939,0.0872,A
15940,1.1719,C
15941,0.0326,A
15942,-0.5779,A
15943,1.0581,B
15944,-0.335,C
15945,-0.6681,B
15946,-1.6256,A
15947,-0.5471,A
15948,0.7633,C
15949,1.498,B
15950,0.6541,C
15951,0.175,B
15952,0.0804,A
15953,-0.8484,C
15954,1.3025,A
15955,0.6607,C
15956,1.2604,C
15957,1.7969,C
15958,-0.8677,A
15959,0.1593,B
15960,-0.7308,B
15961,-0.1921,C
15962,0.6165,B
15963,0.312,B
15964,1.3099,B
15965,-0.1212,C
15966,0.194,A
15967,-0.5592,B
15968,1.6419,B
15969,-0.6331,A
15970,-1.0241,C
15971,0.6903,A
15972,0.7051,C
15973,0.5282,C
15974,0.3993,B
15975,-0.9671,C
15976,-0.798,A
15977,1.1217,B
15978,-0.1192,B
15979,0.3101,B
15980,1.1626,A
15981,0.9829,A
15982,1.4396,B
15983,0.3956,B
15984,-0.3999,C
15985,-1.9019,A
15986,-1.4206,A
15987,-1.2081,C
15988,1.1602,A
15989,1.1466,B
15990,-0.4375,B
15991,-1.6364,C
15992,-1.0157,A
15993,0.8987,A
15994,-0.0962,A
15995,1.1456,B
15996,0.02,A
15997,-0.5011,A
15998,0.0131,C
15999,1.6219,A
16000,-1.4918,B
16001,-0.9749,C
16002,-0.2344,A
16003,-1.3073,B
16004,1.1021,C
16005,1.3105,C
16006,1.0398,C
16007,1.3382,B
16008,-0.5356,A
16009,1.1149,A
16010,-0.8503,B
16011,1.8056,A
16012,0.0054,B
16013,0.3153,C
16014,0.6035,A
16015,0.4491,B
16016,-0.9441,C
16017,-1.1188,B
16018,-0.3161,B
16019,0.145,C
16020,-0.0352,B
16021,-0.5325,B
16022,0.3348,C
16023,-1.1463,A
16024,-1.1863,C
16025,0.3527,B
16026,0.3039,A
16027,0.4259,C
16028,0.3155,C
16029,2.578,B
16030,-0.539,B
16031,-1.7257,A
16032,-1.7659,B
16033,1.1425,A
16034,1.4699,A
16035,0.076,B
16036,0.6854,B
16037,1.0873,B
16038,-0.5695,B
16039,0.2016,B
16040,0.6681,B
16041,-1.9893,A
16042,-0.5776,C
16043,0.7237,A
16044,1.0452,B
16045,-1.109,A
16046,0.3931,A
16047,1.2057,C
16048,-2.5415,A
16049,1.6656,A
16050,0.034,C
16051,-0.7586,A
16052,1.5669,B
16053,-1.2723,A
16054,-0.5913,B
16055,1.2566,C
16056,-0.6751,B
16057,-1.0051,B
16058,-1.0145,C
16059,-0.228,B
16060,-0.4671,B
16061,-0.9938,A
16062,0.0226,A
16063,-0.4609,C
16064,-2.5388,C
16065,1.1704,A
16066,-0.9322,A
16067,0.5828,C
16068,-0.4862,C
16069,1.3563,B
16070,1.2759,C
16071,0.2598,B
16072,0.0262,C
16073,1.103,C
16074,-0.4301,B
16075,-0.5306,C
16076,0.2123,C
16077,-0.5736,B
16078,0.0785,A
16079,0.6442,B
16080,-1.0902,A
16081,-0.83,B
16082,-0.1725,A
16083,0.4529,B
16084,-0.5752,B
16085,0.5501,A
16086,0.2137,C
16087,-0.8378,B
16088,-1.236,C
16089,-0.334,C
16090,0.0179,B
16091,1.0064,C
16092,-0.9242,B
16093,-0.1695,A
16094,0.3052,C
16095,2.1307,A
16096,1.3395,C
16097,-0.538,A
16098,0.1909,A
16099,1.3966,A
16100,1.2664,A
16101,-0.3725,C
16102,0.1801,A
16103,-0.7714,C
16104,0.3074,C
16105,1.3045,C
16106,-0.9446,B
16107,1.1646,B
16108,-0.0283,A
16109,0.556,A
16110,-1.8952,C
16111,0.3798,B
16112,-0.7732,B
16113,0.9719,B
16114,-1.0873,A
16115,-1.2144,A
16116,0.7084,A
16117,-0.4044,B
16118,0.8112,B
16119,0.1304,C
16120,-0.7117,A
16121,0.4085,A
16122,0.3946,A
16123,-0.3641,A
16124,-0.6401,A
16125,2.4129,B
16126,1.1611,C
16127,-1.3848,A
16128,-0.5376,C
16129,-1.5545,C
16130,-0.3558,A
16131,0.0206,A
16132,2.2858,A
16133,1.9661,A
16134,0.5752,A
16135,0.5328,C
16136,0.2483,B
16137,1.7187,B
16138,1.5692,C
16139,-0.6977,A
16140,-1.7846,B
16141,1.7259,C
16142,-1.0804,C
16143,2.1965,A
16144,0.4046,A
16145,-0.3215,C
16146,1.6138,C
16147,-0.934,B
16148,0.974,C
16149,-1.2742,B
16150,0.3009,A
16151,-1.2602,A
16152,1.0746,C
16153,0.9724,B
16154,0.0934,B
16155,1.8643,C
16156,-1.2803,C
16157,-0.9983,B
16158,-0.7565,A
16159,-1.2295,A
16160,0.9082,A
16161,0.2661,B
16162,0.8366,B
16163,-0.8709,C
16164,0.0471,A
16165,-0.1999,C
16166,-0.5719,A
16167,1.3667,A
16168,0.6486,C
16169,1.6885,A
16170,0.3312,C
16171,-1.1741,C
16172,0.2819,B
16173,0.7636,B
16174,0.8689,C
16175,0.4822,C
16176,0.4385,A
16177,-0.3291,B
16178,-0.8865,B
16179,0.8221,A
16180,-0.01,C
16181,0.5447,B
16182,-1.25,C
16183,-0.1402,A
16184,-0.1634,B
16185,-0.9567,C
16186,0.2514,C
16187,-0.8337,A
16188,-0.4156,C
16189,0.466,A
16190,-0.9624,C
16191,-1.2846,B
16192,-0.1553,B
16193,0.734,C
16194,1.2275,C
16195,-0.559,B
16196,-0.1579,C
16197,-0.0119,C
16198,0.409,B
16199,-0.0433,A
16200,-0.0705,B
16201,-1.2792,B
16202,0.2059,B
16203,0.1222,A
16204,-1.1386,C
16205,1.3579,B
16206,0.8643,B
16207,0.9392,C
16208,1.4811,B
16209,-1.6536,B
16210,-0.2297,C
16211,0.6709,C
16212,-2.479,B
16213,1.8001,B
16214,1.1124,C
16215,0.9832,C
16216,0.3594,A
16217,-0.2297,A
16218,-0.7403,C
16219,0.5325,B
16220,-1.1389,B
16221,2.9606,A
16222,2.0383,B
16223,-0.8008,B
16224,-0.3472,B
16225,0.6469,C
16226,-0.0838,B
16227,2.1947,B
16228,-1.105,A
16229,-0.6619,A
16230,-0.4239,A
16231,0.534,C
16232,-0.0146,B
16233,0.5838,A
16234,1.4697,B
16235,0.8832,B
16236,0.7167,A
16237,0.3501,A
16238,1.1654,B
16239,0.9773,A
16240,0.5605,B
16241,0.2017,B
16242,-0.4777,C
16243,0.8599,A
16244,0.3265,B
16245,-1.4099,C
16246,0.0698,B
16247,0.8585,B
16248,1.1169,A
16249,0.8557,A
16250,1.5274,B
16251,-1.3903,C
16252,-1.791,C
16253,-0.9145,C
16254,-0.272,C
16255,-1.1648,B
16256,1.9066,A
16257,-0.3031,A
16258,0.5204,B
16259,0.4863,C
16260,1.8491,A
16261,-0.5525,C
16262,-0.115,A
16263,0.8577,B
16264,1.0272,C
16265,-0.2738,B
16266,0.4328,A
16267,1.5202,A
16268,-0.6947,C
16269,0.3174,C
16270,-0.2945,A
16271,-0.653,C
16272,1.4491,B
16273,0.4433,A
16274,-1.4093,A
16275,-0.5061,C
16276,-1.53,C
16277,1.1254,C
16278,0.1715,B
16279,2.5211,A
16280,-0.1983,B
16281,0.2239,A
16282,-1.4422,C
16283,-0.3478,C
16284,-0.3854,C
16285,-0.9889,A
16286,1.3145,C
16287,0.7479,B
16288,-0.1366,B
16289,0.4172,A
16290,-1.9386,C
16291,0.7353,B
16292,-0.3287,A
16293,1.2038,B
16294,0.1853,C
16295,0.4637,A
16296,-0.3414,A
16297,0.2329,B
16298,-2.0704,B
16299,1.4868,A
16300,0.8286,B
16301,-0.1218,C
16302,-1.2764,A
16303,0.4999,C
16304,1.5731,C
16305,0.9902,B
16306,-1.5161,C
16307,0.1774,C
16308,1.0404,B
16309,0.3809,C
16310,-0.0833,A
16311,-0.6638,C
16312,-0.5706,C
16313,1.048,C
16314,-0.037,B
16315,1.1863,B
16316,0.8098,A
16317,-0.0143,C
16318,-1.2395,A
16319,-0.324,C
16320,-0.5627,C
16321,-0.4033,B
16322,-1.5755,B
16323,0.1078,B
16324,0.8915,C
16325,-0.0894,B
16326,-0.4204,C
16327,0.4387,A
16328,0.0575,B
16329,-0.6545,B
16330,-0.4733,B
16331,0.0045,A
16332,-0.2727,A
16333,0.2802,B
16334,0.0416,B
16335,-0.9091,B
16336,-0.731,B
16337,1.0439,C
16338,-1.9624,A
16339,-0.7361,B
16340,2.2787,A
16341,0.3661,B
16342,0.2685,B
16343,1.2915,C
16344,-0.4615,A
16345,0.1074,A
16346,0.3329,A
16347,-0.0308,B
16348,-1.159,C
16349,1.5337,A
16350,-0.6363,C
16351,1.2021,C
16352,-0.0595,C
16353,-0.4513,C
16354,0.1822,A
16355,-0.4133,C
16356,1.223,B
16357,1.8772,A
16358,1.6146,B
16359,-0.5107,A
16360,0.7663,B
16361,-0.0736,A
16362,-1.4089,A
16363,-0.6685,C
16364,-0.6401,B
16365,0.5076,C
16366,-0.1582,B
16367,0.8213,C
16368,0.703,B
16369,1.335,B
16370,-0.4603,B
16371,0.4019,C
16372,-1.4946,A
16373,0.001,A
16374,1.497,B
16375,0.3514,B
16376,0.9557,C
16377,-0.9837,A
16378,1.4338,A
16379,0.998,C
16380,-2.1005,C
16381,0.6466,C
16382,1.9178,A
16383,0.0616,B
16384,0.0447,B
16385,0.4674,C
16386,-1.7269,B
16387,1.4742,B
16388,0.7604,C
16389,-1.5266,B
16390,0.6907,A
16391,-0.433,B
16392,-0.224,B
16393,-0.5841,A
16394,-1.3688,B
16395,-1.2227,A
16396,-0.7749,C
16397,0.8501,A
16398,-0.1189,C
16399,-0.4144,C
16400,0.068,A
16401,-0.9826,C
16402,1.0783,B
16403,0.4813,B
16404,-0.882,B
16405,-0.2115,C
16406,0.0086,B
16407,0.484,B
16408,-0.8555,C
16409,0.9879,A
16410,-0.8715,B
16411,-1.7559,B
16412,-0.4918,A
16413,0.2912,B
16414,1.1001,A
16415,-1.285,C
16416,-0.1417,B
16417,0.5114,B
16418,-0.2813,A
16419,-0.2168,A
16420,0.456,C
16421,-0.2941,A
16422,0.0243,B
16423,-0.9387,A
16424,-1.0414,A
16425,-1.03,A
16426,1.1421,B
16427,1.0063,C
16428,-0.4872,B
16429,-0.3408,C
16430,-0.8271,C
16431,-0.0074,A
16432,-0.3465,A
16433,0.475,C
16434,0.3912,B
16435,1.5442,A
16436,0.5713,B
16437,-1.0397,A
16438,-0.6193,C
16439,-0.9923,A
16440,-0.1637,B
16441,1.0779,C
16442,-0.33,A
16443,-0.3297,B
16444,-0.1599,B
16445,0.2401,A
16446,-1.898,C
16447,0.975,A
16448,1.2134,A
16449,-0.5971,B
16450,0.2259,B
16451,-0.5223,B
16452,0.6659,C
16453,0.4532,B
16454,0.7943,C
16455,-1.7157,B
16456,1.8252,C
16457,1.6195,A
16458,0.876,A
16459,-0.9725,C
16460,-1.0164,A
16461,0.2142,B
16462,0.6132,A
16463,-0.6919,A
16464,0.5493,C
16465,0.7946,A
16466,0.2895,C
16467,-0.5773,B
16468,-1.0697,A
16469,0.17,C
16470,0.9413,B
16471,1.0327,B
16472,-0.314,B
16473,-0.5518,C
16474,0.1573,A
16475,-0.0624,A
16476,0.4046,C
16477,0.5765,C
16478,0.5603,C
16479,-0.2489,B
16480,1.2817,C
16481,1.2518,A
16482,-0.6156,B
16483,0.3393,C
16484,-1.4664,C
16485,-0.3624,A
16486,-0.1641,C
16487,0.1257,C
16488,-1.5913,C
16489,-1.3339,A
16490,-1.2433,C
16491,-0.2094,C
16492,-0.7312,A
16493,0.3057,C
16494,-2.3828,A
16495,-0.5143,C
16496,-0.1687,B
16497,0.4421,B
16498,-0.162,A
16499,1.657,A
16500,-1.1879,A
16501,1.063,C
16502,1.2815,A
16503,0.1567,A
16504,0.0745,B
16505,1.0076,B
16506,0.5991,A
16507,0.5334,A
16508,-0.5028,C
16509,-0.9453,B
16510,0.9052,B
16511,0.523,B
16512,0.8703,A
16513,0.0104,B
16514,0.5638,C
16515,-0.0548,C
16516,0.725,A
16517,0.9333,C
16518,0.1967,A
16519,0.7964,A
16520,-0.0356,B
16521,0.2804,A
16522,0.0122,C
16523,-1.1821,A
16524,-0.3806,B
16525,-0.5961,C
16526,-0.0366,A
16527,0.5069,B
16528,0.6835,A
16529,0.2465,C
16530,0.6926,B
16531,0.1494,B
16532,-1.8588,A
16533,0.8615,B
16534,-0.0781,C
16535,1.883,B
16536,-1.3942,C
16537,-1.0731,C
16538,-0.7807,C
16539,-0.3388,C
16540,-0.6484,B
16541,0.3413,C
16542,-0.1703,C
16543,-0.5856,C
16544,1.6902,C
16545,-2.8705,C
16546,0.7828,C
16547,1.1487,B
16548,-0.3284,B
16549,-1.1127,A
16550,0.5995,C
16551,-0.7944,A
16552,-0.3947,A
16553,-0.2057,A
16554,0.7922,B
16555,0.8959,C
16556,0.1165,C
16557,-2.1735,C
16558,-0.3546,B
16559,0.4881,A
16560,-0.7856,A
16561,-1.2111,C
16562,1.5718,A
16563,1.3265,C
16564,-0.9562,C
16565,0.356,A
16566,-0.2821,A
16567,-0.7108,B
16568,0.092,C
16569,-1.1631,C
16570,0.3331,C
16571,-1.0163,C
16572,-0.164,C
16573,-0.147,C
16574,0.6982,B
16575,-0.2375,B
16576,-0.1356,A
16577,-0.7718,C
16578,-0.1168,C
16579,-0.5742,A
16580,-0.3065,C
16581,0.744,C
16582,-0.2628,C
16583,-0.8762,C
16584,-0.1257,B
16585,-1.4688,A
16586,-0.3968,B
16587,1.1084,A
16588,-2.0915,A
16589,-0.6342,C
16590,-0.8757,B
16591,-0.8053,B
16592,1.9379,C
16593,-1.2569,B
16594,0.1071,C
16595,-0.0263,C
16596,1.3128,C
16597,1.696,C
16598,0.2069,B
16599,-0.0054,C
16600,-0.1846,C
16601,-2.0476,B
16602,0.5091,A
16603,0.3913,B
16604,-0.9529,B
16605,0.0826,A
16606,0.9374,B
16607,0.2967,C
16608,1.7433,C
16609,-0.9244,B
16610,-1.7879,C
16611,0.723,B
16612,1.7451,A
16613,-0.1224,B
16614,0.8464,C
16615,0.5637,A
16616,-1.5983,B
16617,0.456,C
16618,-0.4275,C
16619,-0.8123,C
16620,0.3252,A
16621,0.8781,A
16622,-1.657,B
16623,1.6517,C
16624,1.1007,C
16625,0.5821,A
16626,1.5098,B
16627,-0.0376,B
16628,0.7649,C
16629,-0.886,B
16630,0.3196,B
16631,-1.3659,C
16632,-0.0362,C
16633,-1.2143,A
16634,-1.0375,A
16635,-1.0153,A
16636,0.0297,A
16637,0.4589,B
16638,1.6987,A
16639,1.538,C
16640,0.1165,A
16641,-0.0454,B
16642,-0.6024,C
16643,-1.2636,A
16644,-0.3555,A
16645,-0.7995,A
16646,0.6212,B
16647,1.0275,A
16648,-0.9379,C
16649,0.2316,B
16650,0.4461,B
16651,0.4271,C
16652,0.6182,B
16653,0.1555,A
16654,0.3164,A
16655,-0.508,C
16656,0.4494,A
16657,-1.2901,C
16658,-0.0518,A
16659,0.3411,B
16660,0.3346,B
16661,0.6036,C
16662,-0.7028,A
16663,1.1871,C
16664,1.2117,B
16665,0.53,C
16666,-1.3183,B
16667,0.2279,A
16668,-1.753,C
16669,-0.9806,B
16670,-0.9467,B
16671,-0.6116,A
16672,0.6375,B
16673,-0.0657,B
16674,-2.0402,A
16675,-2.5811,B
16676,0.0145,B
16677,3.4743,C
16678,2.1114,A
16679,-0.1545,C
16680,1.3627,A
16681,0.3907,C
16682,0.342,C
16683,-0.6829,C
16684,-0.3649,B
16685,-1.5883,A
16686,1.3124,A
16687,0.448,B
16688,-0.8845,B
16689,0.0021,A
16690,0.2793,A
16691,0.1113,B
16692,-0.1696,A
16693,-0.5045,A
16694,0.6832,C
16695,0.6075,B
16696,0.8919,B
16697,-0.7626,A
16698,-0.463,B
16699,0.6335,B
16700,-1.5874,A
16701,-1.6203,A
16702,0.1336,C
16703,0.8692,A
16704,1.5727,A
16705,-1.1085,A
16706,-0.4566,B
16707,-0.2927,C
16708,0.8438,C
16709,-2.4933,B
16710,1.1992,A
16711,0.4946,C
16712,1.725,B
16713,0.7878,A
16714,-1.3456,C
16715,-1.1855,A
16716,0.3134,A
16717,2.0294,B
16718,-1.5139,B
16719,-0.5097,B
16720,-0.9231,C
16721,0.0585,B
16722,0.1427,A
16723,-0.9037,C
16724,0.0515,A
16725,0.8169,B
16726,-0.5271,A
16727,-1.2613,B
16728,1.3689,A
16729,0.3153,B
16730,0.8488,C
16731,1.4425,B
16732,-0.3092,B
16733,-0.5044,A
16734,1.9341,C
16735,0.3686,C
16736,0.1788,A
16737,0.167,A
16738,-0.3983,B
16739,1.0299,C
16740,-0.6946,B
16741,-0.2517,C
16742,-0.4358,C
16743,1.8511,A
16744,2.0847,B
16745,0.1179,B
16746,0.9331,B
16747,-0.0365,A
16748,0.863,A
16749,0.9397,C
16750,-1.4492,C
16751,0.3492,A
16752,-0.7113,C
16753,-1.6473,A
16754,-1.6471,B
16755,0.0862,C
16756,-1.0442,B
16757,-1.4924,B
16758,-1.4394,B
16759,0.2752,C
16760,1.0939,B
16761,0.6517,B
16762,-0.9813,C
16763,0.8418,C
16764,-0.918,A
16765,0.206,C
16766,-1.1929,C
16767,-1.9964,A
16768,-0.1841,C
16769,0.2591,C
16770,1.0032,B
16771,-0.0777,B
16772,-0.2822,B
16773,0.6632,B
16774,-0.0361,B
16775,0.2307,A
16776,-0.5208,B
16777,0.8022,A
16778,-1.1034,C
16779,0.7304,B
16780,-0.1189,C
16781,-1.9394,C
16782,-0.865,B
16783,-0.446,C
16784,0.0724,A
16785,-1.3177,A
16786,0.3349,B
16787,-0.1493,B
16788,-0.5792,C
16789,0.7342,C
16790,0.4118,A
16791,0.3361,A
16792,-1.4158,C
16793,0.0851,C
16794,1.7979,C
16795,-1.5431,C
16796,-0.2648,A
16797,-0.5846,A
16798,-0.7112,B
16799,0.3056,B
16800,-0.0566,A
16801,0.2217,A
16802,0.4912,C
16803,1.1055,C
16804,0.5377,C
16805,0.7224,C
16806,-0.9914,A
16807,0.0394,B
16808,1.549,A
16809,-0.0194,A
16810,-0.1905,A
16811,-0.518,A
16812,-1.9149,A
16813,-1.3246,A
16814,-0.6978,B
16815,0.6617,B
16816,-0.2212,C
16817,-1.8295,C
16818,-0.416,C
16819,0.375,A
16820,-0.279,C
16821,-0.9507,A
16822,-0.7908,C
16823,-1.2295,B
16824,0.4488,B
16825,0.5367,C
16826,0.6061,A
16827,1.4874,B
16828,-0.1709,A
16829,-0.6493,A
16830,-0.721,B
16831,-2.4909,A
16832,0.7571,C
16833,-0.686,C
16834,-1.1535,A
16835,1.1446,B
16836,-1.552,B
16837,0.5727,C
16838,-0.4438,A
16839,0.0867,B
16840,-0.57,A
16841,1.3663,B
16842,1.0714,B
16843,-2.3288,C
16844,-1.7504,B
16845,0.0755,A
16846,-2.2912,C
16847,1.9081,C
16848,-1.9183,C
16849,0.7907,A
16850,0.8117,C
16851,-0.1332,C
16852,-0.7302,B
16853,-3.0384,B
16854,1.0458,C
16855,1.7674,A
16856,1.9621,C
16857,-0.9651,A
16858,0.808,A
16859,-0.3367,A
16860,0.36,B
16861,0.9256,C
16862,-1.1979,C
16863,-0.6136,B
16864,0.0379,B
16865,-0.5434,C
16866,-0.4765,A
16867,0.2771,C
16868,0.4128,A
16869,1.0509,A
16870,-0.0931,C
16871,-2.083,B
16872,-1.1379,A
16873,2.1107,C
16874,0.4198,B
16875,1.1014,B
16876,-1.6156,C
16877,-0.4162,C
16878,-0.1383,A
16879,0.8762,B
16880,0.2476,C
16881,-1.2637,A
16882,0.1234,C
16883,-0.2506,C
16884,-0.5296,B
16885,0.3958,B
16886,1.0804,A
16887,-0.3698,A
16888,0.4245,B
16889,0.3426,B
16890,0.8211,B
16891,0.1213,B
16892,1.5323,B
16893,-0.4879,A
16894,1.5555,A
16895,-0.6948,A
16896,-0.6278,A
16897,-0.6216,B
16898,0.1864,A
16899,0.5035,A
16900,-1.221,B
16901,1.9825,B
16902,0.7102,A
16903,0.9595,C
16904,1.6167,A
16905,0.6499,B
16906,0.1387,C
16907,-0.5691,C
16908,0.4865,C
16909,0.1512,C
16910,-1.3374,C
16911,0.8135,B
16912,0.9295,A
16913,0.3116,C
16914,0.2071,A
16915,0.9257,B
16916,1.2817,B
16917,1.1704,B
16918,0.235,C
16919,-0.7314,B
16920,1.7925,A
16921,0.624,C
16922,-1.4323,C
16923,-0.5569,A
16924,0.3649,B
16925,0.8393,A
16926,-0.7682,C
16927,-1.3831,B
16928,0.2032,A
16929,0.1758,A
16930,0.3184,B
16931,1.0963,B
16932,0.4902,C
16933,-0.8541,B
16934,-0.3681,A
16935,0.549,C
16936,0.3607,A
16937,1.2451,B
16938,0.0341,C
16939,-0.3256,C
16940,-1.0011,C
16941,1.197,C
16942,-2.2661,C
16943,-0.1178,C
16944,-0.8409,B
16945,-0.3552,B
16946,0.7141,C
16947,1.0547,C
16948,0.879,C
16949,1.4573,B
16950,0.1355,A
16951,-1.4796,B
16952,-0.1125,C
16953,-1.3051,B
16954,0.1249,C
16955,-1.8389,B
16956,-1.1159,B
16957,1.9819,B
16958,0.6365,B
16959,-1.954,A
16960,-0.2127,B
16961,0.6063,A
16962,-1.1648,B
16963,1.2246,B
16964,-0.9809,A
16965,0.598,C
16966,0.6994,C
16967,0.2439,A
16968,-1.153,B
16969,0.039,A
16970,-1.4722,B
16971,0.4759,C
16972,-0.9285,A
16973,-1.4158,C
16974,-0.385,C
16975,-0.1707,C
16976,0.5932,B
16977,-1.8685,B
16978,-0.6543,A
16979,0.9007,B
16980,0.9295,C
16981,-0.2931,B
16982,-1.1122,C
16983,-1.0248,A
16984,-0.7225,C
16985,0.2393,A
16986,-0.6981,A
16987,-0.3184,A
16988,-2.0069,B
16989,-0.5359,B
16990,1.3224,A
16991,1.5365,C
16992,0.1445,C
16993,-0.6528,B
16994,0.0083,C
16995,-0.6681,B
16996,-1.948,C
16997,-1.1579,C
16998,0.5125,C
16999,1.0865,A
17000,-0.8351,A
17001,-0.5424,B
17002,-1.8147,B
17003,-0.2897,B
17004,-0.9635,B
17005,-1.0028,C
17006,-1.0939,A
17007,0.243,A
17008,-0.6771,B
17009,-1.0537,C
17010,-0.9057,C
17011,0.3059,A
17012,0.5811,B
17013,0.2194,A
17014,-0.3918,C
17015,0.4984,B
17016,-1.0198,A
17017,-0.4257,A
17018,0.8534,C
17019,-0.0013,B
17020,-1.6653,A
17021,0.119,A
17022,0.5307,B
17023,0.6434,C
17024,0.2451,A
17025,-1.032,A
17026,2.3322,A
17027,-0.3763,C
17028,0.0208,A
17029,0.2298,C
17030,0.3385,A
17031,0.8081,C
17032,0.9061,B
17033,0.7744,C
17034,-1.4992,A
17035,-1.8746,B
17036,-0.2275,B
17037,-1.032,C
17038,-0.6412,B
17039,-1.2237,B
17040,-0.1268,C
17041,-1.3165,A
17042,0.5126,A
17043,-0.3666,C
17044,0.0045,A
17045,0.4287,A
17046,-0.0095,C
17047,-0.3294,A
17048,-0.2335,A
17049,1.4722,C
17050,-0.409,A
17051,-0.1434,B
17052,-0.4659,C
17053,0.0745,B
17054,-0.354,B
17055,1.2394,B
17056,0.9274,B
17057,-0.7036,A
17058,0.2685,C
17059,0.8186,B
17060,-1.7163,C
17061,0.0165,C
17062,-1.1723,A
17063,-1.0332,B
17064,0.1723,B
17065,-0.1408,B
17066,0.7501,A
17067,-0.3991,C
17068,-0.8624,C
17069,1.0258,C
17070,-1.3491,A
17071,0.6632,B
17072,2.3135,C
17073,0.2973,C
17074,-1.8488,B
17075,-1.2255,A
17076,-0.3078,C
17077,0.6413,C
17078,-1.181,C
17079,0.5926,C
17080,-0.7075,A
17081,-1.5143,C
17082,-0.8773,A
17083,-0.1985,C
17084,-1.5275,B
17085,-1.1051,B
17086,-0.3965,B
17087,-0.7021,C
17088,-0.0464,A
17089,1.3874,C
17090,-1.3855,A
17091,-0.2177,A
17092,-1.5631,B
17093,-0.0636,A
17094,0.6819,A
17095,0.4574,A
17096,-1.6996,C
17097,-0.5418,B
17098,0.712,A
17099,-0.3685,C
17100,0.1152,C
17101,-0.6586,B
17102,0.7534,B
17103,-1.2737,B
17104,-1.0889,A
17105,0.0752,C
17106,0.1244,B
17107,0.2133,A
17108,1.7535,A
17109,1.6505,A
17110,0.7818,C
17111,-0.0174,A
17112,0.5654,B
17113,0.8687,A
17114,-1.0138,A
17115,0.309,A
17116,0.2331,B
17117,-1.466,B
17118,-0.9559,C
17119,-1.3153,A
17120,-0.0337,B
17121,-0.5884,B
17122,-1.5001,A
17123,0.6018,B
17124,-0.472,C
17125,-1.2699,A
17126,0.1061,B
17127,0.0887,A
17128,0.1514,B
17129,0.7479,C
17130,-1.0278,A
17131,-0.1833,B
17132,-0.0177,C
17133,-1.0095,B
17134,0.6322,A
17135,0.6242,B
17136,0.2675,C
17137,-1.1515,A
17138,-0.4688,C
17139,-0.1816,C
17140,-1.4082,C
17141,-0.6594,C
17142,0.6284,A
17143,-1.2183,B
17144,1.1725,B
17145,0.1507,B
17146,-0.3121,C
17147,0.3306,C
17148,-0.9906,A
17149,0.7458,C
17150,-0.7685,A
17151,1.7625,C
17152,2.4307,C
17153,1.8793,B
17154,-0.9205,B
17155,0.9035,A
17156,-1.5316,B
17157,-1.1518,C
17158,0.3058,B
17159,0.1744,B
17160,-0.4239,C
17161,-0.1234,A
17162,-1.4964,A
17163,0.6363,A
17164,-0.745,C
17165,1.3328,B
17166,0.5794,C
17167,0.6414,C
17168,2.0887,B
17169,0.2391,C
17170,-1.5837,A
17171,-0.4254,C
17172,-0.9267,C
17173,-0.4546,C
17174,-0.6096,A
17175,-0.9954,B
17176,0.3001,A
17177,-1.4998,A
17178,-0.4007,C
17179,1.1029,B
17180,0.6801,A
17181,-0.1649,A
17182,-0.3378,A
17183,0.1655,C
17184,-0.151,A
17185,-0.7077,A
17186,1.2592,B
17187,0.9965,B
17188,-1.1224,A
17189,-0.8128,B
17190,0.5554,A
17191,-0.8728,B
17192,-1.1253,B
17193,-0.9671,B
17194,-0.381,C
17195,1.8075,B
17196,-0.8451,B
17197,-0.2469,A
17198,0.2472,C
17199,-0.8335,B
17200,-1.3246,B
17201,0.2292,B
17202,0.2954,B
17203,-0.403,A
17204,-0.019,C
17205,-0.0587,C
17206,0.9562,C
17207,-0.8833,A
17208,0.1667,A
17209,0.2907,B
17210,1.0956,C
17211,1.6207,C
17212,-0.4145,A
17213,0.8484,C
17214,-0.4481,C
17215,-0.2494,B
17216,0.4708,C
17217,0.6383,B
17218,0.6175,A
17219,0.4546,A
17220,0.4011,C
17221,-0.5729,A
17222,-0.8823,A
17223,-0.0356,C
17224,-0.3278,B
17225,0.192,A
17226,-0.9476,C
17227,-0.9061,A
17228,0.4103,B
17229,1.731,A
17230,0.1996,C
17231,-1.6964,C
17232,0.7718,B
17233,-1.241,C
17234,0.5545,B
17235,0.8987,B
17236,0.0007,A
17237,0.7843,A
17238,-0.1315,C
17239,1.5365,C
17240,0.5822,B
17241,0.3993,A
17242,1.4546,A
17243,0.7454,B
17244,-0.317,B
17245,1.2374,B
17246,0.1761,C
17247,-0.3088,C
17248,1.5139,A
17249,-1.7709,A
17250,-0.0181,C
17251,-0.1457,B
17252,-0.4437,A
17253,-2.0888,C
17254,0.9527,A
17255,0.5187,C
17256,-0.7843,A
17257,-0.5609,A
17258,1.4154,A
17259,1.8762,C
17260,0.9147,C
17261,-0.609,C
17262,-1.7821,B
17263,-0.2828,A
17264,0.1079,C
17265,-0.1422,B
17266,-0.188,C
17267,0.0512,B
17268,0.4119,A
17269,-0.8279,C
17270,-0.7551,A
17271,1.2666,B
17272,-0.4804,B
17273,0.5488,A
17274,0.2635,B
17275,-0.2534,C
17276,-0.8638,A
17277,-0.4857,C
17278,-0.4191,A
17279,0.2364,B
17280,-0.4127,C
17281,-0.807,A
17282,-1.113,A
17283,0.1357,C
17284,0.0224,C
17285,-0.2786,A
17286,1.2455,A
17287,-0.5144,B
17288,2.6556,B
17289,0.0642,A
17290,-0.2574,A
17291,-0.8726,A
17292,-0.2832,B
17293,-0.9655,A
17294,1.0345,B
17295,-0.4316,C
17296,0.7901,B
17297,0.2205,B
17298,-0.181,A
17299,-0.0596,B
17300,-0.7975,C
17301,1.5977,C
17302,0.2041,C
17303,0.1669,B
17304,-1.4041,C
17305,0.6341,C
17306,-3.3553,B
17307,-0.7082,B
17308,-1.8619,B
17309,-0.7001,A
17310,-0.9712,C
17311,-0.2523,A
17312,-1.4002,B
17313,-1.7108,B
17314,0.6386,B
17315,-2.1973,A
17316,-0.4808,A
17317,0.8233,C
17318,1.0883,C
17319,-0.67,B
17320,-0.0697,A
17321,-2.5332,C
17322,0.9032,C
17323,-0.625,C
17324,-0.0231,C
17325,-0.1289,B
17326,0.1249,B
17327,1.7795,A
17328,0.4365,B
17329,0.6818,B
17330,-0.3002,C
17331,-0.9008,A
17332,0.9126,A
17333,-0.5947,C
17334,-0.7816,B
17335,-0.4388,C
17336,-1.1836,C
17337,-1.2581,C
17338,0.9344,C
17339,-0.1964,B
17340,0.8486,C
17341,-1.5976,A
17342,1.2562,B
17343,-0.3492,B
17344,-0.0802,B
17345,0.8734,B
17346,-1.016,B
17347,0.3497,C
17348,-0.3323,C
17349,0.7669,A
17350,-1.2336,C
17351,-0.4762,B
17352,-1.1073,A
17353,0.1686,B
17354,0.5539,B
17355,-0.5721,B
17356,-0.0043,C
17357,0.4758,A
17358,-0.0761,B
17359,-1.7301,A
17360,0.1233,B
17361,-0.5962,C
17362,0.6419,C
17363,0.1258,B
17364,0.0454,C
17365,-0.3234,A
17366,0.975,C
17367,0.3163,C
17368,-1.5324,A
17369,0.7768,A
17370,0.0218,C
17371,1.5858,A
17372,1.6867,C
17373,-1.3444,A
17374,-0.7492,A
17375,0.0608,A
17376,0.2335,B
17377,-0.9736,B
17378,1.3378,A
17379,-0.4333,A
17380,0.1409,B
17381,0.9053,A
17382,-0.1796,A
17383,-0.7816,B
17384,0.8304,A
17385,-0.6335,C
17386,-0.8335,A
17387,1.8486,B
17388,0.6822,A
17389,-1.1916,B
17390,-1.9474,B
17391,0.7384,C
17392,-1.7753,B
17393,-1.4239,C
17394,-1.1245,A
17395,-0.1386,B
17396,0.5762,A
17397,-1.5123,A
17398,-0.8533,A
17399,-0.7039,A
17400,1.6495,C
17401,-0.6924,B
17402,-0.5454,C
17403,0.8015,A
17404,-0.5446,B
17405,-0.7632,A
17406,0.4165,A
17407,1.2127,A
17408,0.2903,B
17409,-0.151,B
17410,-2.3925,A
17411,-0.0075,B
17412,0.6055,C
17413,-0.293,B
17414,-0.5706,B
17415,0.0432,B
17416,0.6186,B
17417,-0.4355,C
17418,0.1925,C
17419,-1.067,C
17420,0.4614,B
17421,1.4291,A
17422,0.3928,C
17423,0.0625,C
17424,-0.0147,B
17425,-1.9124,B
17426,0.5774,A
17427,-1.4895,B
17428,1.9688,C
17429,1.9327,C
17430,0.0463,C
17431,2.1052,C
17432,1.2067,B
17433,-1.8799,C
17434,0.6675,C
17435,0.8236,C
17436,1.1843,A
17437,0.6918,C
17438,1.2889,C
17439,-1.2045,A
17440,-0.6085,A
17441,-1.6962,A
17442,-0.6715,A
17443,0.2208,B
17444,-0.7528,C
17445,-0.2863,A
17446,-1.9086,C
17447,-0.6239,C
17448,-1.084,C
17449,-0.3065,A
17450,0.3823,A
17451,0.0547,A
17452,-0.7594,A
17453,0.5869,A
17454,1.484,B
17455,0.2504,B
17456,0.8004,A
17457,0.2648,C
17458,-0.7082,B
17459,0.9939,A
17460,-1.1214,B
17461,-1.2739,C
17462,-0.1399,C
17463,0.1628,C
17464,0.6276,B
17465,1.3635,A
17466,-0.8344,A
17467,0.1774,A
17468,-0.3349,C
17469,-1.299,B
17470,-0.0704,C
17471,-0.5098,B
17472,0.0686,C
17473,-0.354,C
17474,-2.0373,B
17475,0.332,B
17476,0.5097,B
17477,-0.3914,C
17478,-0.7054,A
17479,-0.6444,C
17480,-1.3259,B
17481,-0.4168,C
17482,-0.8046,A
17483,-0.4219,A
17484,-1.2199,B
17485,-0.381,B
17486,0.329,C
17487,0.4327,A
17488,-1.438,C
17489,1.1656,B
17490,0.104,C
17491,-1.6689,B
17492,0.7938,C
17493,-0.9984,C
17494,0.4113,C
17495,0.6409,B
17496,-0.1905,B
17497,-0.0002,B
17498,-0.4551,A
17499,-1.4727,A
17500,0.147,C
17501,-0.2998,B
17502,0.208,A
17503,0.2987,A
17504,-0.605,B
17505,1.9404,C
17506,-0.8284,A
17507,-0.2703,A
17508,0.0267,B
17509,-0.9064,A
17510,0.3463,A
17511,-1.5207,A
17512,2.0929,C
17513,-0.0583,C
17514,1.5891,C
17515,-0.4874,A
17516,-1.5016,B
17517,-0.4288,B
17518,1.0195,B
17519,0.4607,A
17520,-0.4191,C
17521,-1.4782,A
17522,-0.5619,A
17523,-0.4564,C
17524,-0.2412,B
17525,-1.915,A
17526,-0.7296,C
17527,0.0356,C
17528,-1.7218,C
17529,1.0706,B
17530,-1.1504,A
17531,1.0304,B
17532,-0.8021,C
17533,1.2525,B
17534,-0.1431,B
17535,0.5239,C
17536,0.8136,A
17537,0.0457,C
17538,1.4497,B
17539,0.1947,C
17540,-0.3918,A
17541,0.2221,C
17542,0.3694,A
17543,0.9756,A
17544,0.3398,B
17545,-1.8602,C
17546,1.1232,A
17547,0.0002,A
17548,0.928,C
17549,0.0301,C
17550,-0.6172,B
17551,-0.3616,A
17552,0.0093,A
17553,-0.3408,A
17554,0.2214,B
17555,-0.0255,C
17556,0.8694,A
17557,-0.5407,B
17558,0.2931,A
17559,0.9949,C
17560,-0.2111,B
17561,-0.1335,B
17562,0.1453,A
17563,0.6438,A
17564,-1.7788,B
17565,0.9903,C
17566,-0.0673,B
17567,0.1026,A
17568,1.6234,B
17569,0.4022,A
17570,0.1087,B
17571,0.5602,B
17572,-0.1945,A
17573,0.1169,B
17574,-1.275,A
17575,1.3698,C
17576,1.7179,A
17577,-0.8254,C
17578,-0.1625,A
17579,-0.4046,C
17580,-0.7646,B
17581,-0.8891,A
17582,-0.5205,C
17583,0.7462,C
17584,-0.4139,B
17585,-1.851,C
17586,0.4441,C
17587,1.6103,C
17588,-1.7836,A
17589,1.0713,A
17590,-0.1149,A
17591,1.0461,A
17592,0.9289,C
17593,-0.722,B
17594,-1.6186,B
17595,-0.3878,C
17596,0.4401,A
17597,3.1721,B
17598,-0.5534,A
17599,0.5424,B
17600,-1.2054,B
17601,-0.4625,C
17602,1.5202,B
17603,2.4069,C
17604,0.0974,B
17605,0.0566,B
17606,-0.0031,A
17607,1.2824,C
17608,0.4989,C
17609,-1.3972,C
17610,-1.2899,B
17611,-0.2747,C
17612,-1.1614,B
17613,0.213,C
17614,-3.531,B
17615,-0.0972,A
17616,-0.6098,B
17617,-0.8173,C
17618,-0.3207,C
17619,0.7344,A
17620,-0.8423,B
17621,-0.2853,C
17622,1.4253,C
17623,-0.119,C
17624,-1.1285,C
17625,-1.5946,B
17626,0.0638,C
17627,1.0859,A
17628,-2.6094,B
17629,-0.1787,A
17630,-0.9123,A
17631,-0.3452,C
17632,0.6649,B
17633,0.7955,A
17634,0.7986,A
17635,-0.5286,C
17636,-0.2505,C
17637,-0.1311,C
17638,0.415,A
17639,-0.7418,C
17640,0.2416,C
17641,-1.2388,C
17642,1.6168,A
17643,-0.3978,C
17644,-0.3477,C
17645,1.1814,C
17646,0.532,A
17647,-2.7944,B
17648,-1.4824,B
17649,1.3266,C
17650,-0.6962,B
17651,0.2345,C
17652,-0.9526,C
17653,1.0569,A
17654,-0.2012,B
17655,-0.9278,B
17656,-0.2412,A
17657,0.3723,B
17658,-0.1488,A
17659,0.1826,B
17660,0.68,C
17661,-2.3605,C
17662,3.1208,C
17663,-0.21,A
17664,-0.5914,A
17665,1.0867,A
17666,-0.1038,B
17667,0.3812,C
17668,1.411,B
17669,1.2,B
17670,0.8415,C
17671,0.7212,B
17672,2.5443,C
17673,0.411,B
17674,-1.3083,A
17675,0.0616,C
17676,0.7889,A
17677,0.632,B
17678,-1.8723,B
17679,-1.7055,C
17680,1.3767,C
17681,-0.035,B
17682,-0.0874,B
17683,2.5457,B
17684,-0.5168,A
17685,-0.7553,A
17686,-0.5837,C
17687,-0.5549,A
17688,1.3911,B
17689,-0.2459,B
17690,1.7871,A
17691,1.8399,A
17692,0.4695,A
17693,0.178,A
17694,-2.0978,C
17695,-0.6736,C
17696,1.1432,C
17697,-2.1491,C
17698,2.0548,A
17699,-0.2861,C
17700,1.3821,B
17701,0.189,A
17702,-0.4586,A
17703,1.5185,B
17704,-0.074,B
17705,0.8166,B
17706,1.1978,B
17707,-1.0973,C
17708,-3.2969,C
17709,-0.0941,A
17710,0.7632,B
17711,0.7665,B
17712,0.8905,C
17713,-1.6962,A
17714,-1.0089,A
17715,0.1474,B
17716,1.365,C
17717,-1.7497,A
17718,-0.5451,B
17719,-1.6972,A
17720,-1.8663,A
17721,2.062,C
17722,-0.734,A
17723,-1.1081,C
17724,-0.1391,B
17725,1.4014,B
17726,0.24,C
17727,0.7209,C
17728,-0.4673,C
17729,0.9559,C
17730,0.3982,B
17731,0.8689,C
17732,-0.8095,A
17733,0.0936,A
17734,0.2216,A
17735,-0.9198,B
17736,1.3142,A
17737,-0.7918,A
17738,-0.9521,A
17739,-1.5342,A
17740,1.2334,A
17741,0.9102,B
17742,2.7158,C
17743,0.9482,A
17744,-0.8417,C
17745,0.9073,C
17746,0.3303,B
17747,1.3808,C
17748,-0.7602,B
17749,-0.2853,B
17750,1.7332,B
17751,-1.3689,B
17752,0.7715,B
17753,-0.5923,C
17754,0.2225,C
17755,1.6013,A
17756,0.1119,C
17757,-0.3718,B
17758,0.1979,B
17759,-0.8251,B
17760,-1.5334,A
17761,0.3258,A
17762,-1.13,A
17763,2.0075,C
17764,0.292,C
17765,-0.2526,A
17766,0.1073,A
17767,2.0715,A
17768,0.4107,B
17769,-0.1461,B
17770,-0.3817,B
17771,1.2606,B
17772,0.4572,B
17773,0.8435,C
17774,0.1349,C
17775,-1.7075,B
17776,-0.612,C
17777,-0.4168,B
17778,-0.1474,A
17779,-1.1018,B
17780,0.2808,C
17781,-0.6428,C
17782,1.131,A
17783,-1.9124,B
17784,1.8091,A
17785,-0.045,A
17786,1.2507,B
17787,-0.8851,A
17788,0.2836,C
17789,-2.2387,B
17790,1.7635,A
17791,-0.7136,B
17792,-1.2729,A
17793,-1.2135,C
17794,-0.0414,C
17795,0.0432,C
17796,1.9981,B
17797,-0.8362,B
17798,-0.4884,B
17799,-1.154,B
17800,0.0968,C
17801,-1.0307,B
17802,-0.8655,A
17803,-0.2385,B
17804,0.356,C
17805,-1.582,B
17806,0.6377,B
17807,-0.0666,B
17808,-0.3021,B
17809,-2.2093,C
17810,-0.0273,A
17811,-0.9866,A
17812,-0.7999,B
17813,-0.0476,C
17814,-0.8393,B
17815,1.3648,A
17816,-0.3458,B
17817,-0.0381,B
17818,0.224,C
17819,1.0264,C
17820,1.0486,B
17821,1.8311,C
17822,-0.104,C
17823,0.19,B
17824,-1.2924,B
17825,-0.3869,A
17826,-1.4282,A
17827,-1.1452,B
17828,0.1776,B
17829,0.7874,C
17830,0.5843,A
17831,0.5641,A
17832,-1.2691,C
17833,0.4733,B
17834,0.5506,C
17835,1.636,B
17836,0.6415,A
17837,-0.6995,B
17838,1.2457,B
17839,0.3053,C
17840,-1.9624,B
17841,0.393,C
17842,-0.656,B
17843,-0.2707,A
17844,-1.4572,B
17845,0.6955,B
17846,0.071,C
17847,0.2566,A
17848,-0.0396,A
17849,-0.8114,C
17850,0.0821,A
17851,-1.0756,A
17852,-0.236,B
17853,0.2637,B
17854,0.921,A
17855,1.0523,A
17856,0.4218,C
17857,-0.6439,B
17858,0.1893,C
17859,0.0717,B
17860,0.9703,B
17861,2.6501,B
17862,0.973,A
17863,0.7356,A
17864,-0.1445,C
17865,0.3944,C
17866,-0.049,A
17867,0.8124,A
17868,-0.5072,C
17869,-0.7813,C
17870,-1.45,A
17871,-0.5216,C
17872,-0.1332,B
17873,0.5783,B
17874,-0.0555,C
17875,1.3844,C
17876,-1.2287,A
17877,-1.9187,B
17878,0.8924,A
17879,-0.3375,C
17880,1.0863,A
17881,0.3699,B
17882,-0.307,C
17883,0.3299,A
17884,-0.41,C
17885,-0.6097,C
17886,-0.5811,C
17887,-1.3352,A
17888,0.0539,C
17889,-0.7969,C
17890,-0.2837,B
17891,-1.6072,C
17892,-0.193,A
17893,0.1063,B
17894,-0.7646,C
17895,1.4004,C
17896,-1.231,C
17897,0.0625,C
17898,0.995,A
17899,-0.9791,C
17900,-0.082,B
17901,1.9448,C
17902,-0.67,B
17903,-1.0741,B
17904,-0.6958,A
17905,-0.7309,A
17906,0.3157,C
17907,-1.0299,A
17908,1.0707,A
17909,-1.3956,C
17910,-1.4532,B
17911,0.6795,B
17912,-0.4845,B
17913,-0.6091,C
17914,0.0106,C
17915,-0.3383,C
17916,-0.3232,B
17917,0.7124,C
17918,-2.691,A
17919,-1.6286,A
17920,0.0059,B
17921,0.1923,C
17922,0.1421,B
17923,-0.2779,A
17924,0.5841,C
17925,-0.4592,A
17926,-0.3356,A
17927,-0.2891,C
17928,0.4307,A
17929,0.7002,B
17930,1.4538,C
17931,0.5541,B
17932,-0.9544,A
17933,0.1766,A
17934,-0.5044,A
17935,-2.6511,C
17936,1.1726,C
17937,0.0826,A
17938,0.4736,A
17939,-0.4562,B
17940,0.1946,C
17941,-0.2478,A
17942,0.703,B
17943,0.7769,A
17944,-0.4057,A
17945,-0.667,C
17946,1.7469,A
17947,-0.22,B
17948,-0.4049,C
17949,0.4654,A
17950,1.2492,C
17951,-0.9924,B
17952,-0.5451,B
17953,0.4099,C
17954,-0.2186,A
17955,0.1493,A
17956,0.8944,A
17957,1.9878,A
17958,-0.9834,A
17959,0.2823,B
17960,-0.767,A
17961,-0.9712,A
17962,-0.3569,B
17963,-2.0816,C
17964,0.1025,C
17965,2.1151,A
17966,1.5883,A
17967,0.8913,C
17968,0.1918,A
17969,-0.1816,C
17970,1.3782,B
17971,1.4696,C
17972,0.5278,B
17973,0.8862,A
17974,0.1338,C
17975,-0.5455,A
17976,0.2488,B
17977,1.7668,A
17978,-1.551,C
17979,0.3461,C
17980,1.1264,A
17981,0.0492,C
17982,-0.2695,A
17983,0.8703,B
17984,-0.4021,B
17985,-0.632,C
17986,0.8124,B
17987,-0.7304,C
17988,-0.928,A
17989,0.2546,A
17990,0.233,A
17991,-0.1413,B
17992,-0.6022,A
17993,0.7917,B
17994,-0.0079,A
17995,0.5945,C
17996,-1.0188,C
17997,0.7478,C
17998,-0.5329,C
17999,-1.7537,B
18000,-1.2507,B
18001,-0.0351,A
18002,-0.1989,A
18003,0.4549,B
18004,-1.6643,B
18005,1.0533,A
18006,0.2478,A
18007,-0.0303,C
18008,-0.0704,A
18009,-1.1444,C
18010,0.6303,A
18011,1.4905,B
18012,0.7409,B
18013,0.0682,C
18014,0.3152,C
18015,1.4782,C
18016,-0.5421,B
18017,0.1942,B
18018,-1.2886,B
18019,-0.1788,C
18020,0.6454,B
18021,-0.9529,C
18022,-0.4623,C
18023,-1.5748,A
18024,0.1393,C
18025,-0.3842,A
18026,-0.2172,A
18027,-0.0066,A
18028,-0.3197,B
18029,0.8051,A
18030,0.8999,A
18031,0.8995,C
18032,1.178,C
18033,-1.3947,B
18034,-0.4519,A
18035,0.8273,A
18036,0.1947,C
18037,0.4747,A
18038,-0.6298,A
18039,-0.7956,C
18040,-0.0843,B
18041,0.4894,B
18042,1.055,C
18043,-0.8935,B
18044,0.2865,C
18045,0.4936,A
18046,1.0524,A
18047,-1.2454,A
18048,2.5494,C
18049,-1.626,C
18050,-0.2991,C
18051,0.3749,C
18052,-0.3016,A
18053,-0.0838,A
18054,0.5108,B
18055,-1.0468,C
18056,-1.2948,C
18057,-1.2777,B
18058,0.5023,C
18059,0.2851,C
18060,-1.7583,C
18061,0.3881,B
18062,0.2861,A
18063,1.0566,A
18064,-0.467,A
18065,0.7472,C
18066,0.7656,A
18067,0.1705,B
18068,-0.6097,C
18069,0.7219,C
18070,0.4026,B
18071,2.5694,B
18072,0.0415,B
18073,0.182,A
18074,0.0455,C
18075,-0.9123,B
18076,-0.0071,A
18077,-0.9339,A
18078,-0.3806,B
18079,-0.3615,B
18080,0.7408,A
18081,-0.3114,A
18082,-0.1541,B
18083,-1.7996,A
18084,0.3438,B
18085,-0.0604,A
18086,2.1655,B
18087,-1.4651,C
18088,-0.6103,B
18089,-0.7261,A
18090,0.1866,B
18091,-0.8882,A
18092,0.4248,C
18093,-0.2954,B
18094,-0.4737,C
18095,-0.5587,A
18096,-0.5611,A
18097,0.3378,A
18098,0.7382,B
18099,0.4721,B
18100,0.3927,A
18101,-1.3532,C
18102,0.8717,C
18103,0.1981,B
18104,-2.1132,B
18105,-1.0948,A
18106,-1.4275,C
18107,0.0064,C
18108,0.887,A
18109,-0.88,B
18110,-0.0173,B
18111,-0.5463,C
18112,0.4042,B
18113,-1.1507,A
18114,-0.9487,C
18115,-0.6419,A
18116,-1.2029,B
18117,-0.7917,C
18118,-0.1676,B
18119,-0.5142,A
18120,0.6363,C
18121,0.8344,B
18122,1.0618,B
18123,-0.2508,A
18124,-0.9086,C
18125,-1.3757,B
18126,-0.996,B
18127,-0.7193,A
18128,-1.25,A
18129,1.2657,A
18130,-0.4291,A
18131,-0.4385,A
18132,0.3599,B
18133,1.4158,B
18134,1.4428,C
18135,1.7325,C
18136,1.0093,A
18137,0.2115,A
18138,-0.4107,A
18139,0.4908,B
18140,2.6847,A
18141,-0.0477,B
18142,0.9045,B
18143,-0.3317,A
18144,1.3631,A
18145,1.1355,C
18146,0.0433,C
18147,0.6031,B
18148,-0.3455,A
18149,-0.2511,A
18150,0.018,C
18151,-1.5172,B
18152,-0.1847,A
18153,-1.1707,C
18154,1.0606,C
18155,1.1054,B
18156,0.4214,C
18157,1.1308,B
18158,0.2472,C
18159,0.2817,A
18160,0.4582,A
18161,0.3255,A
18162,0.2624,B
18163,0.3751,A
18164,-1.4287,A
18165,-1.3254,C
18166,1.0648,A
18167,-2.2431,B
18168,0.7542,A
18169,0.5745,A
18170,0.4222,A
18171,-0.2081,A
18172,-0.747,C
18173,1.8328,C
18174,-0.4744,A
18175,0.55,A
18176,-0.5633,B
18177,-0.7115,C
18178,0.0305,C
18179,0.2535,B
18180,-0.558,C
18181,0.8172,A
18182,1.4277,B
18183,0.3732,B
18184,-1.3001,B
18185,0.9092,A
18186,-0.1038,B
18187,1.2586,B
18188,-1.5728,C
18189,2.0157,B
18190,1.3243,C
18191,-1.1247,A
18192,-0.0052,C
18193,0.9222,A
18194,1.1133,A
18195,-0.8109,A
18196,-0.8121,C
18197,1.6182,C
18198,-0.8912,C
18199,0.726,A
18200,0.4877,A
18201,0.734,C
18202,0.8693,A
18203,1.8347,A
18204,0.3173,A
18205,0.9362,A
18206,-0.7104,C
18207,0.5459,B
18208,-1.7311,B
18209,1.6647,A
18210,0.4882,B
18211,-1.0838,A
18212,-1.3418,B
18213,1.8111,B
18214,-0.531,A
18215,-0.5459,A
18216,-1.1732,B
18217,2.2049,C
18218,0.2592,A
18219,-2.0073,A
18220,1.6204,C
18221,-0.0478,A
18222,0.4892,B
18223,-0.1149,B
18224,0.2842,C
18225,0.6458,B
18226,-0.0947,C
18227,1.0763,A
18228,1.3439,A
18229,-1.9879,C
18230,0.5694,C
18231,0.1616,C
18232,0.1974,B
18233,-0.5961,B
18234,0.2631,A
18235,-0.7271,A
18236,-1.8315,B
18237,0.7911,C
18238,1.5832,A
18239,-0.3169,C
18240,-1.8153,B
18241,-0.1935,A
18242,-0.4435,B
18243,0.2059,A
18244,0.99,C
18245,2.2944,A
18246,1.3467,B
18247,-1.9086,A
18248,-0.3233,B
18249,0.9341,B
18250,0.204,A
18251,-1.9132,B
18252,-0.8872,C
18253,0.8447,B
18254,-0.0922,A
18255,-0.7468,B
18256,0.0318,B
18257,-0.6947,A
18258,0.3099,A
18259,-0.9608,A
18260,0.345,B
18261,-0.5897,B
18262,0.1154,A
18263,-0.2306,B
18264,0.0405,C
18265,1.648,B
18266,-0.0556,A
18267,-0.3137,B
18268,0.668,B
18269,-0.0601,A
18270,-0.2989,A
18271,-0.5822,C
18272,1.2781,B
18273,-1.4296,C
18274,0.2341,A
18275,0.0053,A
18276,0.8463,A
18277,0.4677,C
18278,-2.0461,B
18279,0.3179,C
18280,1.986,C
18281,0.1231,A
18282,-1.1,B
18283,1.1135,A
18284,-0.6752,C
18285,-0.1159,B
18286,0.8771,B
18287,1.2815,A
18288,-0.36,B
18289,-1.5416,A
18290,-1.1359,B
18291,2.3272,C
18292,-2.157,B
18293,-0.3105,C
18294,0.1071,B
18295,0.7294,A
18296,-0.2146,B
18297,-0.8022,C
18298,0.0942,A
18299,-0.4346,A
18300,0.7062,C
18301,0.194,C
18302,1.834,A
18303,-1.1955,B
18304,-0.6209,C
18305,-0.5547,B
18306,0.5396,C
18307,0.5676,C
18308,-1.4602,C
18309,-0.8265,B
18310,0.7713,B
18311,0.6481,A
18312,0.4508,B
18313,-0.3623,C
18314,-1.1746,C
18315,0.9524,C
18316,1.8841,B
18317,-0.1309,B
18318,-0.7772,B
18319,1.1272,A
18320,-0.1907,A
18321,0.045,C
18322,-0.9177,A
18323,-0.1591,A
18324,0.4878,C
18325,0.9526,C
18326,1.7406,C
18327,-1.7804,B
18328,0.3621,A
18329,1.2496,A
18330,0.973,C
18331,0.6782,B
18332,-0.3978,A
18333,-0.4825,B
18334,1.055,C
18335,0.0387,C
18336,-0.4599,B
18337,0.2048,B
18338,0.4706,B
18339,-0.0493,A
18340,-1.0887,C
18341,-1.64,B
18342,-0.2837,C
18343,0.3274,A
18344,0.1655,B
18345,-1.6463,A
18346,-0.9617,C
18347,-0.2035,C
18348,-0.5625,B
18349,0.0304,B
18350,-0.4558,A
18351,-0.5458,A
18352,0.7461,C
18353,0.4271,B
18354,1.1248,B
18355,-1.2477,B
18356,-0.8295,B
18357,-0.266,B
18358,-1.1194,B
18359,-1.0567,C
18360,2.469,C
18361,1.2256,A
18362,0.6364,A
18363,0.2282,C
18364,1.1081,A
18365,1.627,A
18366,0.6423,B
18367,-1.6441,C
18368,-2.7511,B
18369,-1.0622,C
18370,0.6788,A
18371,-0.9086,C
18372,-0.1188,B
18373,-0.979,B
18374,0.4913,C
18375,-0.0856,C
18376,0.5633,B
18377,0.494,C
18378,0.6541,A
18379,1.0025,C
18380,-0.3633,C
18381,0.9702,B
18382,0.4421,A
18383,0.9439,A
18384,0.5806,A
18385,-0.0873,A
18386,0.1704,B
18387,0.85,C
18388,-0.7564,C
18389,-2.7809,C
18390,-0.8056,B
18391,-0.4184,B
18392,0.2355,C
18393,-0.5986,A
18394,-0.4559,B
18395,0.5224,C
18396,-0.7536,A
18397,-1.2291,A
18398,1.6157,A
18399,-0.8685,C
18400,-0.3647,B
18401,0.7717,A
18402,1.072,B
18403,-0.518,C
18404,0.0562,B
18405,0.244,C
18406,-1.0224,C
18407,-0.0526,A
18408,-0.3227,C
18409,-0.5278,B
18410,0.4868,B
18411,-0.1954,A
18412,-1.0525,B
18413,-1.7407,A
18414,0.3246,B
18415,0.6489,C
18416,0.336,B
18417,-0.2632,B
18418,-0.4607,A
18419,1.0629,C
18420,-0.3086,B
18421,-0.4295,A
18422,0.1995,B
18423,0.7693,C
18424,-0.7518,A
18425,0.6274,B
18426,-0.8187,A
18427,0.2513,C
18428,-0.4508,B
18429,0.0268,C
18430,0.9185,C
18431,-0.4107,B
18432,-0.1493,A
18433,2.8475,C
18434,0.399,C
18435,0.2737,A
18436,-0.1035,B
18437,0.3424,B
18438,-0.2625,A
18439,0.0296,C
18440,1.9802,C
18441,-0.6301,B
18442,0.2765,C
18443,1.6385,C
18444,-1.814,A
18445,-0.5928,B
18446,0.0305,C
18447,-0.9084,A
18448,-1.2526,A
18449,-0.1213,A
18450,1.4442,A
18451,-0.0125,C
18452,0.2843,C
18453,-0.264,A
18454,0.5498,A
18455,-0.3143,C
18456,0.7699,A
18457,0.0883,A
18458,-0.6054,A
18459,0.0935,C
18460,0.3221,A
18461,0.5864,C
18462,-0.3881,B
18463,-1.01,C
18464,0.4816,B
18465,0.36,B
18466,-0.691,A
18467,-1.1915,C
18468,0.4401,C
18469,0.4905,C
18470,1.0781,C
18471,0.6214,B
18472,-0.0048,A
18473,0.8232,A
18474,-0.3311,B
18475,0.2992,A
18476,-1.8007,A
18477,-0.2766,C
18478,-0.3354,A
18479,0.2404,A
18480,0.1084,A
18481,-0.1324,A
18482,0.2722,A
18483,-0.9187,C
18484,0.4204,C
18485,1.1435,C
18486,-0.3007,B
18487,0.7918,C
18488,-0.111,B
18489,-0.1372,B
18490,0.646,C
18491,-0.583,A
18492,-0.6867,A
18493,1.3362,A
18494,0.9052,C
18495,-0.1028,A
18496,-0.8335,C
18497,1.8795,A
18498,-0.1859,C
18499,-0.5938,C
18500,-0.1552,A
18501,0.1641,B
18502,-0.342,B
18503,0.3181,C
18504,1.282,B
18505,0.3996,B
18506,0.2244,A
18507,0.6547,B
18508,-0.1767,B
18509,-0.8369,C
18510,0.4174,C
18511,-1.5285,A
18512,-1.5177,C
18513,-0.4826,A
18514,1.2451,A
18515,0.2024,C
18516,-0.0195,C
18517,-1.0134,B
18518,1.8076,A
18519,0.1331,A
18520,0.1789,C
18521,-0.0242,A
18522,0.9103,C
18523,0.8187,A
18524,-0.1685,C
18525,-1.3196,C
18526,-0.2578,A
18527,-0.7452,C
18528,0.3386,B
18529,-1.321,B
18530,-1.7696,A
18531,0.7456,B
18532,-1.6773,B
18533,-0.2333,B
18534,1.5462,B
18535,-0.2799,A
18536,0.8167,B
18537,-0.7155,C
18538,-0.1346,C
18539,0.9693,C
18540,-1.0334,C
18541,-1.7711,B
18542,1.1818,B
18543,-1.7384,C
18544,-0.1528,B
18545,-0.6679,C
18546,0.1192,A
18547,-0.6782,C
18548,0.7758,B
18549,-0.0431,A
18550,-0.3734,B
18551,0.2968,C
18552,0.3763,C
18553,-1.4243,B
18554,-1.797,C
18555,-0.0955,B
18556,-0.8522,B
18557,1.8068,B
18558,-0.2274,C
18559,-0.1843,A
18560,-0.2215,B
18561,1.1357,C
18562,-0.382,A
18563,-1.9018,A
18564,-0.6315,C
18565,1.2757,C
18566,0.3667,C
18567,0.5731,B
18568,-1.6189,C
18569,2.035,C
18570,-0.0017,C
18571,-1.9453,A
18572,-0.7305,B
18573,0.1956,B
18574,-1.2423,A
18575,-0.4115,A
18576,1.5384,C
18577,-0.1736,C
18578,-0.4567,A
18579,-0.2579,C
18580,-0.1928,C
18581,-0.5929,A
18582,-0.4241,A
18583,0.7419,A
18584,0.5372,C
18585,0.5897,A
18586,1.1939,C
18587,-0.0017,C
18588,-0.0333,A
18589,-0.1824,A
18590,-0.1301,A
18591,-0.2317,C
18592,1.3121,B
18593,0.587,B
18594,0.3808,B
18595,0.2261,B
18596,0.7943,C
18597,0.4481,C
18598,1.6785,C
18599,-1.0549,B
18600,-1.3741,C
18601,1.4858,C
18602,-0.0863,A
18603,-1.2777,B
18604,-0.5581,B
18605,-1.1981,C
18606,2.2471,C
18607,-0.9578,C
18608,1.1819,A
18609,-0.7491,B
18610,0.1415,B
18611,-2.2849,A
18612,3.4136,A
18613,0.8376,B
18614,-0.5021,C
18615,-2.0301,A
18616,-1.0316,B
18617,1.1859,A
18618,-1.1897,C
18619,-1.361,A
18620,0.2703,A
18621,-1.0538,C
18622,-0.8576,B
18623,-0.35,A
18624,-0.0445,C
18625,0.489,A
18626,-0.803,B
18627,0.7774,C
18628,0.2421,B
18629,-0.9664,C
18630,1.8751,B
18631,-0.614,C
18632,0.981,C
18633,-1.7862,A
18634,-1.1684,A
18635,0.6669,A
18636,-0.7267,A
18637,1.6064,A
18638,0.0824,A
18639,0.2448,B
18640,2.4999,B
18641,-0.3868,B
18642,1.9218,A
18643,1.4596,A
18644,-0.184,B
18645,0.2393,B
18646,-0.3547,C
18647,-0.8799,A
18648,-1.3123,A
18649,0.7396,C
18650,0.5328,C
18651,-0.7659,B
18652,-0.2567,C
18653,0.3758,A
18654,0.4384,A
18655,-1.4529,C
18656,0.7226,C
18657,-1.7661,C
18658,-0.1971,B
18659,-0.6126,B
18660,0.8563,A
18661,0.6116,A
18662,-0.5371,A
18663,0.2889,C
18664,0.3885,C
18665,-0.6586,B
18666,1.6236,C
18667,-1.7911,C
18668,-0.0984,B
18669,-0.4755,A
18670,-0.981,C
18671,-0.2106,B
18672,0.655,B
18673,-0.4175,C
18674,-1.71,C
18675,0.1643,C
18676,-0.1299,B
18677,-1.5936,C
18678,-0.4802,C
18679,-0.3,B
18680,0.0659,B
18681,0.5637,B
18682,-0.4089,B
18683,-0.4729,C
18684,0.4584,A
18685,-1.5199,C
18686,-0.0682,B
18687,0.449,A
18688,-0.0412,B
18689,-0.3817,A
18690,-0.0713,B
18691,-0.1005,A
18692,-0.4511,C
18693,0.3389,C
18694,0.3602,C
18695,0.1879,C
18696,0.5488,B
18697,0.0763,C
18698,-0.772,A
18699,0.5064,B
18700,-0.1342,C
18701,-0.1904,C
18702,0.9315,A
18703,0.538,C
18704,1.4187,A
18705,-0.3464,B
18706,-1.7473,C
18707,1.8026,A
18708,0.343,B
18709,-1.2264,B
18710,0.3718,B
18711,-1.0134,C
18712,-1.4034,A
18713,0.3885,A
18714,-1.5206,B
18715,-0.8567,C
18716,2.0256,A
18717,-0.1638,C
18718,-0.6222,B
18719,0.6058,B
18720,-0.4757,C
18721,-0.6519,B
18722,0.1594,A
18723,0.2095,A
18724,0.2683,A
18725,-0.7244,A
18726,-0.8972,C
18727,0.7216,B
18728,0.5275,B
18729,0.9535,C
18730,-0.6803,A
18731,0.0468,B
18732,-0.4633,A
18733,0.6453,A
18734,0.7588,B
18735,0.2672,C
18736,-1.2679,A
18737,0.663,A
18738,0.2841,A
18739,0.0351,C
18740,-0.1624,B
18741,1.1241,A
18742,-1.8705,A
18743,1.4288,B
18744,-0.0458,A
18745,-0.491,B
18746,0.4358,B
18747,0.0466,C
18748,-0.4559,C
18749,-0.1969,A
18750,-1.6159,A
18751,-0.1427,B
18752,-0.2012,A
18753,0.73,A
18754,-1.1473,C
18755,0.7152,C
18756,-0.5866,A
18757,1.3726,B
18758,0.4614,A
18759,-0.3511,A
18760,-0.7316,B
18761,1.5089,B
18762,-0.4304,A
18763,3.2689,B
18764,1.3617,B
18765,0.7217,A
18766,-0.8522,B
18767,0.7243,B
18768,-0.1084,A
18769,0.0154,C
18770,0.0661,B
18771,-1.4294,C
18772,1.3074,C
18773,-0.7838,B
18774,0.5696,C
18775,-0.1894,A
18776,0.7398,A
18777,-1.4995,A
18778,-0.9572,A
18779,0.3553,A
18780,0.4931,C
18781,-0.8493,C
18782,-0.6851,A
18783,-0.0958,B
18784,-2.6703,B
18785,0.7799,B
18786,0.2608,B
18787,-0.6932,C
18788,0.7324,B
18789,-1.2049,A
18790,1.399,A
18791,-1.0951,B
18792,-0.1296,C
18793,-0.7187,B
18794,0.0835,C
18795,-0.513,B
18796,0.1157,C
18797,-3.0195,C
18798,-1.2028,A
18799,-0.2372,A
18800,-1.4533,A
18801,0.5996,B
18802,0.8419,A
18803,0.6919,B
18804,-0.455,A
18805,1.1441,C
18806,-0.5093,A
18807,0.0828,C
18808,0.9586,A
18809,-0.1089,B
18810,0.3522,B
18811,0.4053,C
18812,0.4587,A
18813,-1.2416,B
18814,-0.7284,C
18815,2.1567,B
18816,0.4884,B
18817,0.5453,C
18818,-0.7651,A
18819,-0.2282,B
18820,1.7071,C
18821,-1.1596,A
18822,0.114,B
18823,1.2501,B
18824,0.1583,C
18825,0.2384,A
18826,0.9789,B
18827,0.0078,C
18828,0.0329,C
18829,-1.4012,A
18830,0.3556,B
18831,0.4665,C
18832,0.1554,B
18833,1.3904,C
18834,-0.7286,A
18835,-0.775,C
18836,0.159,B
18837,-0.3744,A
18838,1.7114,B
18839,0.3895,B
18840,-0.4812,B
18841,-0.2644,C
18842,-0.6842,C
18843,0.7382,A
18844,1.2691,C
18845,0.3085,C
18846,0.4342,C
18847,0.2985,B
18848,-1.0471,A
18849,-0.7494,A
18850,0.5146,A
18851,0.9476,C
18852,0.1952,C
18853,-0.0072,B
18854,-1.7172,A
18855,-0.9127,C
18856,-0.2407,B
18857,0.8653,C
18858,-1.1818,C
18859,-0.4428,A
18860,0.9345,C
18861,0.0971,B
18862,-0.8428,B
18863,1.8476,C
18864,0.077,C
18865,0.5897,A
18866,0.9994,A
18867,-0.0151,A
18868,0.1766,A
18869,0.6657,A
18870,1.2316,B
18871,-0.5069,B
18872,-0.4349,C
18873,0.0192,A
18874,0.9087,A
18875,-0.2043,B
18876,-1.8918,C
18877,-1.1454,B
18878,0.8028,C
18879,0.0984,C
18880,-1.5634,C
18881,-1.5559,B
18882,0.6031,B
18883,-0.7729,A
18884,0.4389,A
18885,0.1992,C
18886,-1.4544,C
18887,2.6421,B
18888,-1.7262,A
18889,0.6694,C
18890,1.8868,C
18891,0.3267,A
18892,0.3895,B
18893,-0.0405,A
18894,-0.5243,B
18895,-0.8682,C
18896,2.1461,C
18897,-0.8203,A
18898,0.8414,A
18899,1.4108,A
18900,0.9377,C
18901,-0.2126,A
18902,1.3719,A
18903,1.6168,C
18904,1.4887,B
18905,1.1901,A
18906,-0.8858,B
18907,-0.1381,A
18908,-0.0298,C
18909,0.7596,C
18910,0.7711,A
18911,-0.1405,A
18912,0.2803,C
18913,0.0838,B
18914,1.377,C
18915,0.064,C
18916,1.1884,C
18917,-0.2587,C
18918,-0.0352,C
18919,2.7545,C
18920,0.2269,C
18921,-0.6711,C
18922,-0.3867,C
18923,1.969,C
18924,-0.6042,A
18925,-0.4444,C
18926,0.4573,C
18927,-0.2317,A
18928,-0.8304,B
18929,-0.8735,B
18930,0.6774,C
18931,1.6449,B
18932,-0.4634,C
18933,0.7406,A
18934,-1.3017,A
18935,-0.4646,A
18936,-0.2516,A
18937,0.6785,B
18938,-1.0571,C
18939,0.4898,B
18940,-0.0486,C
18941,-0.8416,A
18942,0.8097,A
18943,-0.1667,C
18944,0.1798,B
18945,-0.3065,C
18946,-0.9262,B
18947,0.4634,B
18948,2.221,A
18949,1.03,B
18950,1.522,C
18951,0.6388,A
18952,0.5129,C
18953,0.8768,C
18954,0.7748,B
18955,-0.6108,A
18956,1.6494,B
18957,2.9061,B
18958,-0.1413,A
18959,-0.0525,B
18960,1.2662,A
18961,0.6569,A
18962,-0.687,A
18963,0.1968,C
18964,0.2646,B
18965,-0.5394,B
18966,0.054,C
18967,1.5877,C
18968,0.3813,A
18969,1.3124,B
18970,2.1037,B
18971,-0.4741,B
18972,-1.5801,B
18973,0.1968,A
18974,-1.1059,C
18975,-1.6145,C
18976,-0.5536,B
18977,-1.6567,C
18978,-1.0744,A
18979,0.8056,C
18980,0.2179,C
18981,-0.2822,C
18982,0.1405,B
18983,0.1945,A
18984,-1.2077,C
18985,-0.3364,A
18986,0.3856,A
18987,0.9995,A
18988,-0.1597,B
18989,0.7943,C
18990,-0.7413,B
18991,-0.7817,C
18992,1.5835,A
18993,0.9172,B
18994,0.4215,A
18995,0.2691,A
18996,0.6181,A
18997,-1.7496,B
18998,0.101,B
18999,0.14,B
19000,-0.7785,A
19001,-0.1312,C
19002,-0.5511,C
19003,1.4787,A
19004,-2.44,C
19005,-1.4161,C
19006,-1.3496,A
19007,-0.6074,C
19008,1.3202,B
19009,-1.2518,A
19010,0.3327,A
19011,2.0572,A
19012,2.2356,C
19013,-0.8754,A
19014,0.096,C
19015,1.0333,A
19016,-0.0292,A
19017,-0.3307,B
19018,-0.9451,A
19019,-0.1986,A
19020,1.6528,C
19021,-0.5734,B
19022,0.1431,C
19023,0.3693,A
19024,-0.5959,B
19025,1.1696,C
19026,0.6811,C
19027,0.4384,B
19028,-0.4227,B
19029,0.5271,A
19030,-0.5038,C
19031,-1.4995,A
19032,0.5247,B
19033,1.0227,A
19034,-0.3694,A
19035,-0.4279,C
19036,-1.6723,B
19037,-1.1752,A
19038,1.2111,B
19039,-1.2759,C
19040,0.0673,B
19041,0.4165,C
19042,-0.4078,C
19043,-0.6588,C
19044,-1.1649,B
19045,1.6559,B
19046,0.3821,B
19047,-0.0458,C
19048,-1.3122,C
19049,-0.1956,B
19050,-0.6971,C
19051,2.3183,A
19052,0.1489,A
19053,0.7545,A
19054,0.0956,B
19055,0.677,B
19056,-0.1964,A
19057,1.7056,B
19058,1.6615,C
19059,-0.6742,C
19060,-0.915,B
19061,-0.7606,C
19062,-1.4809,B
19063,-0.2301,A
19064,-0.5596,C
19065,1.383,C
19066,-0.8611,B
19067,1.8492,B
19068,-1.4683,C
19069,1.1563,A
19070,-0.7653,B
19071,0.0319,A
19072,-0.4021,C
19073,-0.6999,C
19074,-0.2002,A
19075,-0.6147,B
19076,0.1799,A
19077,0.2527,C
19078,-0.3728,A
19079,-0.0923,B
19080,0.1901,B
19081,-0.6197,B
19082,0.0295,B
19083,0.7949,B
19084,0.1548,A
19085,-1.3815,C
19086,-1.0907,B
19087,1.1791,C
19088,-0.0074,A
19089,0.4172,A
19090,-1.0224,B
19091,0.9373,B
19092,0.159,C
19093,-2.1031,B
19094,-0.666,A
19095,0.4951,C
19096,-0.3804,A
19097,-1.0194,C
19098,-1.1801,C
19099,2.6139,B
19100,0.6737,A
19101,-2.2821,B
19102,-0.0613,C
19103,-1.3698,C
19104,0.4396,B
19105,0.2232,C
19106,0.5102,B
19107,-0.2017,A
19108,-1.1723,B
19109,0.7598,A
19110,0.252,C
19111,-1.9885,B
19112,-0.398,A
19113,-0.7819,C
19114,-0.1319,A
19115,-1.1085,C
19116,0.7465,C
19117,-0.3089,A
19118,0.6717,A
19119,1.3941,A
19120,-0.9889,C
19121,-1.586,B
19122,-1.6615,B
19123,-1.2564,A
19124,0.0094,C
19125,0.0612,B
19126,-0.0535,B
19127,0.6649,A
19128,-0.9573,A
19129,1.2084,B
19130,1.613,C
19131,0.0255,C
19132,-0.4019,B
19133,1.843,C
19134,0.8478,C
19135,1.3506,C
19136,-1.0061,A
19137,-0.9425,C
19138,-1.1805,C
19139,-0.052,C
19140,-0.8843,C
19141,0.9448,A
19142,-0.1994,B
19143,-0.5565,B
19144,0.2808,A
19145,0.9125,C
19146,2.0712,C
19147,0.4903,C
19148,0.1248,C
19149,0.2518,B
19150,0.8595,C
19151,0.3124,A
19152,-1.194,B
19153,2.5898,B
19154,-0.6246,C
19155,-0.302,B
19156,-1.0752,C
19157,-1.3232,B
19158,-0.2446,C
19159,0.0807,C
19160,1.3192,A
19161,0.5752,C
19162,-1.6386,C
19163,0.864,B
19164,1.0328,A
19165,-0.503,C
19166,1.1638,A
19167,0.9489,B
19168,0.6606,B
19169,-0.2183,B
19170,-1.5499,B
19171,0.0122,B
19172,0.8897,B
19173,0.3677,A
19174,-0.3019,B
19175,1.7467,C
19176,0.5832,C
19177,0.3792,B
19178,-0.9673,B
19179,0.7976,A
19180,-0.6138,B
19181,-1.3667,A
19182,0.144,A
19183,-0.962,B
19184,1.0339,B
19185,-0.3047,B
19186,-1.7296,B
19187,-0.0085,C
19188,-0.1754,B
19189,0.9371,B
19190,0.2712,B
19191,-0.2037,B
19192,-1.7364,A
19193,-0.0745,A
19194,0.4723,A
19195,-0.4873,A
19196,1.4496,B
19197,-2.6412,C
19198,-0.6977,B
19199,0.0213,B
19200,-1.3448,B
19201,0.4161,B
19202,1.4829,B
19203,-0.5406,A
19204,-0.6173,C
19205,-1.7772,A
19206,0.2918,C
19207,-0.2797,A
19208,0.3913,B
19209,-0.7683,C
19210,0.017,C
19211,-1.0516,C
19212,1.0763,A
19213,-0.6188,B
19214,0.8924,B
19215,-0.4954,B
19216,1.2693,C
19217,-0.2254,B
19218,0.5034,C
19219,-0.4129,B
19220,-1.8317,C
19221,-0.0561,B
19222,-0.7677,A
19223,0.3529,A
19224,0.3224,C
19225,0.3296,B
19226,-0.8293,A
19227,1.9339,B
19228,-1.89,A
19229,2.1202,C
19230,-0.6384,B
19231,-0.5478,B
19232,-0.9059,C
19233,0.3726,A
19234,0.1013,A
19235,-0.3008,B
19236,-0.3125,C
19237,-0.7886,C
19238,1.5055,C
19239,0.2564,B
19240,0.7743,C
19241,0.0663,B
19242,-1.7297,C
19243,0.9941,B
19244,1.4741,C
19245,0.379,A
19246,-0.9669,B
19247,-0.8834,B
19248,-1.3712,C
19249,1.9156,C
19250,0.6661,B
19251,-0.1074,C
19252,1.366,C
19253,1.5978,B
19254,0.572,B
19255,1.2494,C
19256,-1.3239,A
19257,-0.2075,A
19258,0.0433,B
19259,-1.1116,C
19260,0.5668,A
19261,-0.8685,A
19262,-1.9989,C
19263,1.4309,B
19264,0.2949,A
19265,-0.088,B
19266,0.3152,B
19267,0.9156,B
19268,0.5753,C
19269,-1.4713,C
19270,0.1456,A
19271,-2.5365,A
19272,0.9489,B
19273,-0.0011,B
19274,-0.082,B
19275,-1.5435,B
19276,0.0146,B
19277,0.6159,B
19278,-1.4758,B
19279,-1.4819,A
19280,0.3329,B
19281,1.1057,C
19282,0.3165,C
19283,-1.7509,A
19284,-0.9334,A
19285,2.1127,C
19286,-1.1429,B
19287,-0.0566,B
19288,1.6944,B
19289,-0.4471,B
19290,1.0284,A
19291,-2.4984,C
19292,0.9715,C
19293,-0.8675,A
19294,-1.5601,C
19295,-1.4333,A
19296,0.5768,A
19297,2.5023,A
19298,-0.8895,B
19299,-0.5923,A
19300,-1.8144,C
19301,1.0203,C
19302,1.8139,B
19303,-1.0823,A
19304,0.7378,C
19305,-1.1894,B
19306,1.194,C
19307,-0.1418,B
19308,-0.5712,A
19309,1.055,C
19310,-0.9523,C
19311,-2.9387,C
19312,-1.3579,C
19313,1.1653,C
19314,1.325,B
19315,0.9739,A
19316,-1.4364,C
19317,1.6175,B
19318,-1.3283,C
19319,1.0767,C
19320,-2.9061,B
19321,-0.0054,B
19322,0.0731,C
19323,-0.2158,A
19324,-1.63,A
19325,0.6036,A
19326,0.1068,A
19327,-0.1937,B
19328,-0.3769,A
19329,1.6794,B
19330,0.3972,C
19331,0.9409,C
19332,0.0544,C
19333,0.6695,C
19334,-0.3151,B
19335,0.861,B
19336,-0.0916,B
19337,0.0771,A
19338,0.4749,B
19339,-0.9114,C
19340,-0.3311,A
19341,-0.8146,B
19342,-0.6419,C
19343,1.671,B
19344,-2.2722,C
19345,-0.8698,A
19346,0.3552,B
19347,1.1639,B
19348,-0.2084,B
19349,0.5811,A
19350,-2.5105,C
19351,2.2651,A
19352,0.6806,B
19353,0.3435,C
19354,1.0965,C
19355,1.8258,C
19356,0.9988,B
19357,0.384,B
19358,0.5597,B
19359,1.2669,A
19360,-1.5515,B
19361,1.8794,B
19362,-1.202,A
19363,-0.4805,C
19364,0.3986,A
19365,-1.1765,B
19366,-0.4729,B
19367,-0.0639,C
19368,1.0799,C
19369,0.5728,B
19370,1.0844,C
19371,1.7141,B
19372,-0.5619,A
19373,-1.0443,A
19374,0.5682,C
19375,0.1943,A
19376,-1.0032,C
19377,0.7359,C
19378,0.5428,B
19379,1.376,A
19380,-0.6062,C
19381,-0.6271,A
19382,-0.0598,A
19383,0.6316,B
19384,-1.1327,A
19385,0.8259,C
19386,-0.3853,B
19387,0.0701,C
19388,-1.0857,A
19389,-1.3556,B
19390,0.1311,B
19391,0.6925,C
19392,-1.1487,C
19393,-0.307,B
19394,1.0934,A
19395,0.6204,A
19396,1.3583,B
19397,-2.103,C
19398,0.0473,C
19399,0.7301,C
19400,0.7576,C
19401,-0.7609,C
19402,-1.1609,A
19403,-0.594,C
19404,0.4263,A
19405,0.7086,A
19406,1.2031,C
19407,-0.4718,B
19408,-2.2074,B
19409,-0.4709,B
19410,-0.7868,C
19411,-0.9887,A
19412,-0.4832,A
19413,0.8794,C
19414,-0.3769,A
19415,-0.3075,B
19416,-1.2487,A
19417,0.6817,A
19418,0.8472,B
19419,-1.2723,A
19420,-0.3779,B
19421,-0.9099,B
19422,-0.125,A
19423,-0.8541,A
19424,1.2913,A
19425,1.1593,A
19426,-0.031,A
19427,0.5114,C
19428,-0.8407,A
19429,-0.3573,B
19430,-0.2726,C
19431,-0.8881,A
19432,0.4939,A
19433,-0.7647,B
19434,0.4972,B
19435,0.6753,B
19436,-1.2,B
19437,0.7258,A
19438,-1.4346,B
19439,1.0965,A
19440,1.3768,B
19441,0.2408,C
19442,-0.5715,C
19443,-0.4959,A
19444,-1.0921,A
19445,0.2045,C
19446,0.0131,A
19447,1.2338,B
19448,-0.7128,B
19449,0.2762,A
19450,0.7,C
19451,-0.9246,B
19452,-0.1955,B
19453,-1.5264,A
19454,0.0254,B
19455,0.863,C
19456,-0.7601,B
19457,0.7655,A
19458,-0.6855,B
19459,-0.9335,A
19460,-0.187,B
19461,-1.3492,A
19462,0.4971,B
19463,0.5252,A
19464,1.232,B
19465,-0.4709,A
19466,-1.0322,B
19467,0.0723,A
19468,-2.5672,A
19469,1.2288,A
19470,-1.9022,C
19471,-1.272,B
19472,0.8878,C
19473,1.054,A
19474,0.2419,B
19475,0.3913,A
19476,-0.6415,A
19477,-0.2964,B
19478,0.8182,C
19479,1.9883,A
19480,-1.4751,C
19481,-1.7423,A
19482,-0.4181,C
19483,-0.0733,B
19484,0.4551,B
19485,-0.3604,C
19486,0.4377,A
19487,-1.2495,A
19488,-1.4172,A
19489,0.4161,C
19490,-2.033,B
19491,-1.7462,C
19492,2.4676,B
19493,1.3191,A
19494,-0.9444,A
19495,-2.5258,B
19496,0.6837,A
19497,-1.218,A
19498,-0.3788,C
19499,0.8077,B
19500,0.5954,C
19501,-0.0227,C
19502,1.9314,B
19503,-0.2508,C
19504,1.8326,A
19505,-1.5522,C
19506,-0.8376,C
19507,-0.077,C
19508,0.0667,C
19509,1.9116,A
19510,0.5777,C
19511,-0.4525,A
19512,1.3142,C
19513,-0.9582,C
19514,0.0206,C
19515,0.5641,C
19516,-0.2622,A
19517,-0.3681,A
19518,-1.2234,B
19519,-0.2977,C
19520,0.2367,C
19521,-1.2486,B
19522,-0.7683,C
19523,0.3228,C
19524,1.7519,A
19525,-1.2711,C
19526,-0.2687,C
19527,0.3389,A
19528,0.2586,C
19529,-0.6878,B
19530,-1.6688,C
19531,0.2688,B
19532,0.2949,B
19533,-0.2515,C
19534,-2.2854,C
19535,-0.5808,A
19536,0.8446,C
19537,0.4998,C
19538,0.0039,C
19539,-0.6869,A
19540,0.0428,B
19541,-0.2028,B
19542,-0.5641,A
19543,-0.5609,A
19544,-0.291,A
19545,0.7053,C
19546,-0.6036,B
19547,0.2332,B
19548,-2.3813,A
19549,1.2823,B
19550,0.7324,C
19551,2.7159,A
19552,0.3723,B
19553,-0.4089,C
19554,-0.243,A
19555,-0.4157,C
19556,1.1865,B
19557,-0.216,A
19558,0.845,A
19559,-0.838,C
19560,1.3292,B
19561,-2.1669,B
19562,0.1012,B
19563,-0.0665,B
19564,-0.6762,C
19565,0.8048,B
19566,-0.1196,C
19567,-0.3207,C
19568,0.7459,C
19569,-0.4735,A
19570,0.4547,A
19571,0.7317,C
19572,-0.1044,C
19573,-1.4604,B
19574,-2.0467,C
19575,0.6613,B
19576,-1.106,B
19577,0.2946,A
19578,0.6443,A
19579,-0.3143,C
19580,1.9561,A
19581,-0.82,B
19582,-0.2796,C
19583,2.1887,B
19584,-0.2081,A
19585,-0.474,A
19586,1.458,A
19587,1.3065,C
19588,0.1935,B
19589,0.7438,C
19590,-0.0537,A
19591,0.8114,B
19592,0.5527,C
19593,0.4158,C
19594,0.2052,A
19595,-1.2702,C
19596,1.3116,C
19597,-1.4086,A
19598,1.8044,B
19599,-1.1788,B
19600,-0.6718,A
19601,0.8429,C
19602,-1.0105,B
19603,-1.2414,A
19604,-0.3611,C
19605,1.2028,B
19606,1.1563,B
19607,0.7352,C
19608,1.3597,C
19609,-1.3425,A
19610,-0.6052,B
19611,-1.869,C
19612,0.1528,A
19613,-0.4982,A
19614,1.0449,A
19615,-0.3073,B
19616,1.0261,A
19617,-0.9046,A
19618,-0.1796,B
19619,-1.4042,B
19620,-1.0614,A
19621,-1.0201,A
19622,1.0538,B
19623,-0.5244,C
19624,1.9742,C
19625,1.4094,B
19626,-1.3376,A
19627,0.0217,C
19628,-0.343,C
19629,1.7762,A
19630,1.9214,C
19631,-0.2985,A
19632,2.2889,A
19633,0.6846,B
19634,-0.2151,C
19635,0.5367,A
19636,-0.3909,C
19637,0.1872,C
19638,-0.0054,B
19639,-1.1441,C
19640,-0.8059,C
19641,0.512,B
19642,1.3133,C
19643,0.7462,B
19644,-0.5771,B
19645,-0.5551,A
19646,-0.9482,A
19647,-0.6863,A
19648,-0.2115,C
19649,1.1802,A
19650,0.4651,C
19651,-0.6426,C
19652,0.4987,A
19653,-2.6333,A
19654,-0.5285,C
19655,0.2474,A
19656,-0.1342,B
19657,-0.2983,B
19658,0.7238,C
19659,-0.0785,A
19660,-0.5178,A
19661,1.8402,A
19662,-0.3171,C
19663,-0.4954,A
19664,0.6036,C
19665,-0.7765,A
19666,0.5374,B
19667,0.5037,A
19668,-1.3371,A
19669,1.2578,C
19670,0.3358,A
19671,0.6085,A
19672,0.9811,B
19673,-1.5587,A
19674,0.8231,C
19675,0.7631,B
19676,-0.8307,C
19677,-1.3519,C
19678,-1.185,C
19679,-0.0108,A
19680,-0.0322,C
19681,0.5543,B
19682,-1.0843,B
19683,-0.6416,B
19684,0.5232,A
19685,0.9641,A
19686,-0.0901,A
19687,0.8974,A
19688,-0.3078,C
19689,0.1429,C
19690,-0.1834,B
19691,1.0532,C
19692,1.0255,A
19693,-0.225,A
19694,1.892,A
19695,2.4829,A
19696,-1.0367,C
19697,-0.6974,A
19698,-1.0831,A
19699,-0.5021,C
19700,0.6126,B
19701,-0.357,B
19702,-1.4277,C
19703,-0.3089,C
19704,-0.4446,C
19705,-0.0488,C
19706,-0.0955,A
19707,-0.1617,C
19708,1.7634,C
19709,0.6748,A
19710,-0.0216,A
19711,-0.1885,C
19712,-2.1817,C
19713,-0.7085,C
19714,-0.0786,C
19715,1.3983,B
19716,0.921,B
19717,0.1174,A
19718,0.5228,B
19719,-0.2586,B
19720,-0.2877,C
19721,0.0595,A
19722,-1.1001,C
19723,1.5275,A
19724,-1.199,A
19725,1.1943,C
19726,-0.57,C
19727,-0.3065,B
19728,0.4622,C
19729,0.6539,B
19730,1.4224,A
19731,0.4988,A
19732,0.3463,C
19733,0.5309,B
19734,1.361,B
19735,-0.4061,B
19736,-0.41,C
19737,-1.0599,B
19738,-0.2102,B
19739,1.004,B
19740,-0.0299,C
19741,-0.6614,B
19742,0.5345,A
19743,1.2591,A
19744,-0.0507,C
19745,-0.9175,B
19746,0.486,A
19747,-1.8191,B
19748,0.7194,A
19749,-0.0409,C
19750,1.307,B
19751,-1.6888,B
19752,-0.3493,B
19753,0.4471,C
19754,-0.0919,C
19755,-1.6592,B
19756,-0.6553,B
19757,-0.7772,C
19758,1.5689,C
19759,0.4195,C
19760,0.3294,B
19761,-0.906,A
19762,0.1961,C
19763,0.1521,B
19764,0.0563,A
19765,0.15,A
19766,-0.1489,C
19767,-1.3603,C
19768,0.1224,C
19769,-0.8226,C
19770,0.4866,A
19771,0.9545,A
19772,0.0337,B
19773,-0.1532,C
19774,1.2261,B
19775,-1.2446,A
19776,1.2729,C
19777,1.1939,C
19778,1.7788,B
19779,-0.3413,A
19780,-0.8161,C
19781,-0.2814,A
19782,1.1019,B
19783,2.318,B
19784,-0.7503,A
19785,0.4629,A
19786,1.0969,B
19787,-0.1071,A
19788,-0.4978,A
19789,1.8878,C
19790,0.8169,A
19791,-0.8961,C
19792,-1.1758,B
19793,-0.466,B
19794,-0.9994,C
19795,0.464,A
19796,-1.0632,C
19797,1.553,B
19798,-0.9762,C
19799,-0.8522,B
19800,2.4689,B
19801,1.7293,B
19802,1.3511,C
19803,-1.0238,A
19804,0.8145,A
19805,-1.5709,B
19806,0.2358,A
19807,-0.0315,A
19808,-2.0771,A
19809,2.342,C
19810,1.8216,A
19811,-0.3423,C
19812,0.2505,B
19813,0.6574,A
19814,1.6621,A
19815,0.0538,B
19816,-0.246,B
19817,-0.6135,C
19818,-0.0816,B
19819,1.3517,C
19820,-1.0183,A
19821,-0.8689,B
19822,-0.5407,A
19823,-0.9679,C
19824,0.4301,C
19825,0.8177,C
19826,0.8694,C
19827,0.5747,A
19828,0.1799,A
19829,1.8218,A
19830,-0.8617,B
19831,-0.6806,B
19832,-0.6376,A
19833,-1.4168,A
19834,0.019,B
19835,-0.399,B
19836,-1.4444,A
19837,-0.0041,A
19838,-1.4701,B
19839,1.434,C
19840,1.6003,A
19841,0.5729,B
19842,0.9975,C
19843,-0.7706,A
19844,0.6796,B
19845,-0.3383,A
19846,0.8101,A
19847,-1.5439,A
19848,0.5827,B
19849,1.2406,C
19850,-1.6712,C
19851,0.7757,C
19852,-0.2062,A
19853,0.914,A
19854,0.2106,C
19855,-1.7491,B
19856,1.0129,C
19857,0.4387,C
19858,-0.3676,B
19859,1.533,B
19860,1.2434,C
19861,-0.0084,B
19862,-0.5021,A
19863,-0.7317,C
19864,0.1238,B
19865,1.1355,A
19866,-0.5437,B
19867,2.4428,A
19868,1.7245,C
19869,-0.9566,B
19870,0.4378,B
19871,0.678,A
19872,1.0297,C
19873,-1.3179,C
19874,-0.804,B
19875,-0.8922,C
19876,-0.3468,C
19877,-0.314,A
19878,1.3578,C
19879,1.3908,C
19880,-0.2507,B
19881,2.3695,A
19882,0.5907,C
19883,0.0131,C
19884,0.398,A
19885,-0.9028,B
19886,-1.6532,A
19887,0.8235,B
19888,-1.0636,C
19889,-1.1047,C
19890,1.3943,C
19891,-1.2776,C
19892,0.7223,A
19893,-2.1485,A
19894,-0.912,C
19895,-0.3079,B
19896,1.0096,B
19897,0.1455,B
19898,-1.7581,C
19899,0.4562,A
19900,0.483,C
19901,0.7535,B
19902,0.2803,B
19903,-0.3933,A
19904,-0.0463,A
19905,1.4905,A
19906,-0.9352,B
19907,-2.2259,C
19908,0.5149,B
19909,1.034,B
19910,2.3241,C
19911,-0.6715,B
19912,-1.1213,B
19913,-0.452,B
19914,1.2231,C
19915,-0.1275,C
19916,0.7921,C
19917,0.8336,A
19918,-2.4363,A
19919,-0.4369,A
19920,-0.2798,B
19921,-0.099,C
19922,2.1097,C
19923,1.4378,C
19924,0.6534,A
19925,0.7014,C
19926,-0.2637,A
19927,-0.4386,B
19928,-2.223,C
19929,-0.0149,B
19930,-0.7307,B
19931,-0.3302,A
19932,-2.1452,A
19933,-1.7953,A
19934,1.0514,A
19935,-0.4543,C
19936,0.8619,A
19937,-1.6751,A
19938,1.8764,C
19939,-1.0895,C
19940,-0.432,B
19941,-1.5709,B
19942,0.004,B
19943,0.2365,C
19944,-1.4859,A
19945,0.4451,C
19946,-1.13,A
19947,0.7973,A
19948,-0.1364,A
19949,0.3338,A
19950,0.1632,C
19951,-0.3391,B
19952,-0.3383,A
19953,1.5321,A
19954,0.2875,B
19955,-0.9222,A
19956,-0.6388,A
19957,-0.8377,A
19958,0.9235,A
19959,-1.0965,C
19960,-1.1342,C
19961,-1.3104,C
19962,-1.8549,A
19963,-1.4162,B
19964,0.5001,A
19965,-0.365,A
19966,0.223,C
19967,1.1423,A
19968,0.0948,C
19969,0.139,A
19970,0.4285,B
19971,1.6526,A
19972,0.701,A
19973,0.5028,A
19974,-0.3903,B
19975,1.9893,B
19976,1.0422,A
19977,0.4684,B
19978,0.0916,C
19979,0.4136,B
19980,0.33,A
19981,0.2951,B
19982,0.4473,C
19983,0.5635,C
19984,-1.4522,C
19985,-0.5151,A
19986,-1.5351,C
19987,-0.3357,C
19988,-0.4582,A
19989,-0.3924,B
19990,-0.9278,B
19991,-0.4868,B
19992,-1.4524,A
19993,-0.2225,C
19994,-0.5798,B
19995,0.6931,B
19996,-0.2321,C
19997,-0.0356,C
19998,0.3737,C
19999,-1.1223,A
